true_point_0_x,true_point_0_y,true_point_0_z,true_point_1_x,true_point_1_y,true_point_1_z,true_point_2_x,true_point_2_y,true_point_2_z,true_point_3_x,true_point_3_y,true_point_3_z,true_point_4_x,true_point_4_y,true_point_4_z,true_point_5_x,true_point_5_y,true_point_5_z,true_point_6_x,true_point_6_y,true_point_6_z,true_point_7_x,true_point_7_y,true_point_7_z,true_point_8_x,true_point_8_y,true_point_8_z,pred_point_0_x,pred_point_0_y,pred_point_0_z,pred_point_1_x,pred_point_1_y,pred_point_1_z,pred_point_2_x,pred_point_2_y,pred_point_2_z,pred_point_3_x,pred_point_3_y,pred_point_3_z,pred_point_4_x,pred_point_4_y,pred_point_4_z,pred_point_5_x,pred_point_5_y,pred_point_5_z,pred_point_6_x,pred_point_6_y,pred_point_6_z,pred_point_7_x,pred_point_7_y,pred_point_7_z,pred_point_8_x,pred_point_8_y,pred_point_8_z
0.0,0.0,0.0,-11.771757937499999,-20.5468108125,-17.524877562499967,1.227030875000004,-43.7081720625,-18.319898437499944,-12.792043937499997,-61.8986529375,-29.211671749999994,1.716825812499998,-83.6428730625,-33.49121856249997,-14.164818875000002,-100.16431087500001,-41.89025693749994,-30.710540875,-27.695992812500002,-1.1437319999999431,-30.865318124999998,-64.7021674375,-13.208623937499965,-37.66674125,-101.6359801875,-22.486011374999975,0.0012088765,-0.0023646073,-0.00011857049,-11.558469,-19.670147,-20.937126,2.8215988,-43.04456,-21.636564,-11.594702,-62.781864,-33.184505,0.5997645,-84.371056,-30.451077,-14.222364,-102.12775,-40.311554,-35.357204,-25.84632,-7.4248295,-35.62098,-62.970444,-18.79938,-39.4976,-101.6677,-24.083605
0.0,0.0,0.0,-11.769267031250003,-20.546059781250005,-17.519018125000002,1.228574906249996,-43.70551296875,-18.31427296875006,-12.788427406250001,-61.894371125000006,-29.200588218750056,1.7162569062500026,-83.6328753125,-33.488314687500065,-14.161538812499998,-100.1554820625,-41.886717812500024,-30.70474565625,-27.693808031250004,-1.1402463750000607,-30.86201834375,-64.70021084375,-13.20203303125004,-37.66194096875,-101.63219921875,-22.482334156249976,0.0011700736,-0.0022966224,-0.00012400489,-11.651994,-19.71111,-20.839943,2.7049925,-43.062904,-21.594631,-11.7365,-62.845863,-33.036953,0.45287055,-84.41078,-30.37195,-14.394571,-102.228935,-40.129875,-35.38136,-25.87113,-7.1928735,-35.701748,-63.022514,-18.51843,-39.616547,-101.74892,-23.732334
0.0,0.0,0.0,-11.76871769999999,-20.546518033333328,-17.51979156666664,1.2285124666666576,-43.70484083333333,-18.314309633333323,-12.789212000000006,-61.89366356666666,-29.199382333333347,1.7182829333333345,-83.6330902,-33.48163543333328,-14.161201166666665,-100.15541460000001,-41.88555896666662,-30.705221200000004,-27.693907299999996,-1.142686866666736,-30.86215216666667,-64.6995665,-13.201250166666625,-37.66219146666667,-101.63106323333332,-22.48302296666668,0.0011706747,-0.0022995844,-0.00012274862,-11.638809,-19.71314,-20.847143,2.7252073,-43.064487,-21.595158,-11.709095,-62.849503,-33.04428,0.48555297,-84.41576,-30.371273,-14.354261,-102.2367,-40.13495,-35.374653,-25.87854,-7.2124195,-35.681313,-63.029827,-18.538174,-39.585316,-101.75883,-23.750446
0.0,0.0,0.0,-11.770225466666666,-20.546172733333343,-17.52074076666662,1.227464233333329,-43.70501226666667,-18.317032799999993,-12.789451600000007,-61.894798400000006,-29.202998833333368,1.7170494000000005,-83.63474803333335,-33.4871948,-14.162469466666671,-100.15524623333334,-41.89186500000005,-30.707010600000004,-27.69367206666667,-1.1423249333333274,-30.863511100000004,-64.70065376666668,-13.205146299999967,-37.66290026666667,-101.63277213333333,-22.48449296666672,0.0011719057,-0.0022994862,-0.00012441818,-11.652451,-19.707644,-20.847092,2.7021992,-43.06717,-21.595076,-11.746746,-62.84463,-33.042526,0.43730468,-84.41513,-30.36607,-14.418751,-102.2229,-40.128098,-35.38696,-25.862312,-7.2068048,-35.714573,-63.012505,-18.531761,-39.63969,-101.73267,-23.743868
0.0,0.0,0.0,-11.769436000000006,-20.546705133333333,-17.519315733333315,1.227388899999994,-43.70581343333333,-18.31457746666672,-12.789147633333343,-61.8952709,-29.199869966666654,1.7176504666666688,-83.63580133333333,-33.48478913333332,-14.160871800000002,-100.15679146666666,-41.88641876666662,-30.70590626666667,-27.69454573333333,-1.1392161999999075,-30.863075700000003,-64.70176376666666,-13.202509666666685,-37.661916600000005,-101.63382150000002,-22.482017199999973,0.0011712936,-0.0022954044,-0.00012628477,-11.668184,-19.706907,-20.838118,2.6821475,-43.066387,-21.594614,-11.775069,-62.84343,-33.032772,0.4073941,-84.41343,-30.36601,-14.456799,-102.22131,-40.11878,-35.39372,-25.858269,-7.1812735,-35.733486,-63.0091,-18.505194,-39.6667,-101.72926,-23.715706
0.0,0.0,0.0,-11.769134062499994,-20.54677809375,-17.518341156250074,1.2269249375000015,-43.70441853125,-18.316719062500056,-12.788984906249993,-61.8941165,-29.19896131249999,1.7170935000000043,-83.63286871875,-33.486587593750016,-14.161526718749997,-100.15458815625,-41.88930518750004,-30.707192531249994,-27.694772593750002,-1.1414088125000035,-30.862859687499995,-64.70063384375001,-13.204462218750052,-37.662291624999995,-101.63251375,-22.48506937500008,0.001168396,-0.0022944799,-0.00012268443,-11.645545,-19.718597,-20.842676,2.7229807,-43.068695,-21.593233,-11.715198,-62.861004,-33.034817,0.48440713,-84.42744,-30.362076,-14.359669,-102.256996,-40.116337,-35.376556,-25.886148,-7.19792,-35.683205,-63.040108,-18.51872,-39.588203,-101.77348,-23.719
0.0,0.0,0.0,-11.768860562500002,-20.547487875,-17.521095312499995,1.227349468749999,-43.70614425,-18.32016281250003,-12.78729390625,-61.89429534375,-29.200255374999983,1.7189740312499993,-83.63282890625001,-33.488145843749976,-14.16068428125,-100.154705,-41.894245343750015,-30.708133687500002,-27.695963500000005,-1.1466484374999482,-30.862989,-64.701412375,-13.206636499999945,-37.66158421875,-101.63374715625,-22.487500187500018,0.0011684033,-0.0022926792,-0.00012442925,-11.656864,-19.716152,-20.83627,2.7020586,-43.069267,-21.590212,-11.743356,-62.85738,-33.025646,0.44748753,-84.42378,-30.356995,-14.404369,-102.24701,-40.10649,-35.38362,-25.875505,-7.1825323,-35.70593,-63.029747,-18.501226,-39.624252,-101.75864,-23.701843
0.0,0.0,0.0,-11.768130437499998,-20.54791609375,-17.518968687500035,1.229111812499994,-43.7065439375,-18.315431625000087,-12.7864989375,-61.894070406249995,-29.19762806250003,1.7194924687499977,-83.63365525,-33.484944375000055,-14.159503625,-100.15421928125,-41.89165012500001,-30.70614659375,-27.69473509375,-1.1369895937500587,-30.86170134375,-64.70152753125,-13.203295781250063,-37.660510718750004,-101.63317996875,-22.48425100000003,0.0011722251,-0.0023019607,-0.00012276179,-11.641356,-19.707754,-20.8505,2.7210493,-43.06049,-21.600153,-11.716504,-62.840435,-33.053974,0.4767148,-84.4077,-30.382902,-14.366644,-102.222595,-40.15153,-35.377617,-25.872135,-7.2168317,-35.688347,-63.020855,-18.5484,-39.595394,-101.74649,-23.769434
0.0,0.0,0.0,-11.769339099999996,-20.546549400000004,-17.519660533333422,1.2281039999999948,-43.70560066666667,-18.317789699999935,-12.788745033333342,-61.89356203333334,-29.204987566666603,1.720394566666677,-83.63284910000002,-33.48399359999996,-14.160738733333332,-100.15230606666667,-41.89531959999999,-30.70601013333333,-27.693386966666672,-1.139201733333266,-30.86214563333333,-64.69948756666668,-13.209554066666726,-37.6611806,-101.6315863,-22.486928299999988,0.0011704522,-0.0022981642,-0.0001232098,-11.646758,-19.711473,-20.845264,2.7136974,-43.064728,-21.595356,-11.726872,-62.84815,-33.042084,0.46426553,-84.41495,-30.37035,-14.382723,-102.2329,-40.131744,-35.380146,-25.873035,-7.204759,-35.69594,-63.024162,-18.530394,-39.608776,-101.75051,-23.742462
0.0,0.0,0.0,-11.767896266666668,-20.547924900000005,-17.510947699999917,1.228799566666666,-43.70739173333333,-18.31014499999992,-12.7863276,-61.8958121,-29.18912756666657,1.7197247333333294,-83.63289083333335,-33.47451763333322,-14.159354333333326,-100.15533123333334,-41.88123563333312,-30.706293333333324,-27.69685176666667,-1.1291910333333135,-30.86185026666666,-64.70292306666667,-13.195528133333198,-37.66102983333333,-101.63469629999999,-22.4742573333333,0.0011723667,-0.0023014566,-0.00012220822,-11.635081,-19.71399,-20.850447,2.7328668,-43.06497,-21.597239,-11.699926,-62.8519,-33.04865,0.49794787,-84.41899,-30.372728,-14.340277,-102.2421,-40.137814,-35.372643,-25.882486,-7.219408,-35.674065,-63.033688,-18.545921,-39.574547,-101.76401,-23.756699
0.0,0.0,0.0,-11.769416781250001,-20.548312125000002,-17.52070150000003,1.228321500000007,-43.70689325,-18.31282993749994,-12.787168406249997,-61.89484784375,-29.195027374999995,1.718223093749998,-83.63262846875,-33.483909625000024,-14.1603900625,-100.15396346875,-41.88874159375001,-30.70461003125,-27.695882812500003,-1.1315289374999793,-30.86237003125,-64.70212565625,-13.20090378125002,-37.66103406249999,-101.63439125000001,-22.480862656249997,0.0011691917,-0.0022942044,-0.00012389536,-11.654365,-19.715343,-20.838886,2.7058144,-43.06805,-21.591766,-11.73853,-62.855938,-33.030216,0.45307368,-84.422104,-30.360346,-14.398014,-102.245,-40.11281,-35.382732,-25.875784,-7.1882844,-35.70288,-63.02926,-18.508753,-39.61985,-101.75763,-23.711699
0.0,0.0,0.0,-11.76896678125,-20.54799559375,-17.52152640624996,1.22727309375,-43.70622734375,-18.31759575000001,-12.788998812500004,-61.89371978125,-29.201575249999962,1.7169322499999993,-83.63174425,-33.48801056249994,-14.1610960625,-100.15367215625001,-41.89157590625001,-30.706602750000005,-27.69491334375,-1.1402808749999735,-30.86255615625,-64.70133165625,-13.203517125000019,-37.66224993750001,-101.63326425,-22.482767187499974,0.0011692722,-0.0022903378,-0.00012805322,-11.68205,-19.708061,-20.829725,2.6669314,-43.067802,-21.593828,-11.798562,-62.846207,-33.022022,0.38532275,-84.41674,-30.362465,-14.486116,-102.226074,-40.10406,-35.398685,-25.858002,-7.157029,-35.747276,-63.010227,-18.478128,-39.685463,-101.73145,-23.682718
0.0,0.0,0.0,-11.767821333333337,-20.54679956666667,-17.51576726666667,1.2280990999999943,-43.7039795,-18.316084766666563,-12.786119533333341,-61.89209356666667,-29.196768166666686,1.7175503999999862,-83.63044356666667,-33.48808393333326,-14.160284133333342,-100.15240193333334,-41.89137353333325,-30.705908666666677,-27.692881,-1.1361409000000435,-30.86221453333334,-64.69981606666667,-13.203113833333305,-37.661038500000004,-101.63167909999999,-22.483491033333337,0.001166153,-0.0022809864,-0.0001301318,-11.697852,-19.717968,-20.817427,2.6478977,-43.082153,-21.581127,-11.828316,-62.86896,-32.990463,0.3515684,-84.44222,-30.325851,-14.532169,-102.25906,-40.046825,-35.407337,-25.860773,-7.1260953,-35.769253,-63.019558,-18.430283,-39.723072,-101.74406,-23.606482
0.0,0.0,0.0,-11.769697933333333,-20.54715206666667,-17.51972439999986,1.2274209999999997,-43.705038933333334,-18.31730553333324,-12.787217499999997,-61.89335633333333,-29.199896166666576,1.718949699999996,-83.63032183333334,-33.48438716666658,-14.159997333333337,-100.15258246666666,-41.89086403333323,-30.705728933333337,-27.694531066666666,-1.1383850333333498,-30.862094733333333,-64.70047196666667,-13.201438433333294,-37.66076243333333,-101.63169666666667,-22.484493999999927,0.0012028186,-0.002367103,-0.00011128615,-11.566065,-19.65658,-20.99735,2.8977597,-43.042107,-21.69455,-11.565551,-62.79868,-33.283024,0.70908135,-84.420685,-30.499756,-14.164701,-102.18743,-40.363964,-35.366627,-25.879196,-7.503123,-35.58753,-62.99176,-18.90605,-39.43722,-101.69178,-24.164463
0.0,0.0,0.0,-11.768882062499998,-20.545838,-17.521121031250004,1.227527375000001,-43.704677875,-18.318169593749985,-12.78719075,-61.8921446875,-29.199304593749957,1.7199166875000031,-83.62950646875,-33.48277381249994,-14.159835625,-100.15085253125,-41.89165978125004,-30.70717559375,-27.692975125,-1.1406574687499642,-30.862252031249998,-64.6993655,-13.201563812500012,-37.66070734375,-101.63120509375,-22.48248581249993,0.0011528066,-0.0022301024,-0.00014429781,-11.832046,-19.751526,-20.771782,2.516958,-43.156174,-21.53588,-12.074226,-62.975224,-32.859806,0.104149036,-84.58306,-30.156332,-14.909918,-102.419365,-39.767582,-35.491554,-25.856441,-6.9512653,-35.954185,-63.03929,-18.181856,-40.019276,-101.76813,-23.208208
0.0,0.0,0.0,-11.767908062500005,-20.547142374999996,-17.515423749999968,1.2292577812499985,-43.7053005,-18.310142656250036,-12.785229437500007,-61.894247718749995,-29.191229781249945,1.7192531874999943,-83.62990759375,-33.481091562499955,-14.15785253125,-100.1531626875,-41.88189028124998,-30.705127843750006,-27.6942885,-1.1353197500000078,-30.860135187500003,-64.70117175,-13.194681062499967,-37.65922840625,-101.63199634375,-22.476646437499994,0.0011482469,-0.0022267788,-0.0001475266,-11.847656,-19.738997,-20.750069,2.4990928,-43.124058,-21.550194,-12.082797,-62.93808,-32.865967,0.10934036,-84.53175,-30.214806,-14.889036,-102.37271,-39.81939,-35.48233,-25.856188,-6.901078,-35.941925,-63.032673,-18.153273,-39.980103,-101.76485,-23.21665
0.0,0.0,0.0,-11.76966563333334,-20.545547266666667,-17.521704000000057,1.22818093333332,-43.7043796,-18.31770023333337,-12.786027533333339,-61.89164646666667,-29.197809699999993,1.7174204999999958,-83.62819363333332,-33.490818333333436,-14.159883633333344,-100.15090193333333,-41.893451033333406,-30.70638040000001,-27.6945982,-1.1427389333333053,-30.862012633333343,-64.70085633333333,-13.205326333333403,-37.660597400000015,-101.63103653333334,-22.487398233333465,0.0011648698,-0.002277075,-0.0001261305,-11.695603,-19.724064,-20.867094,2.6766791,-43.12386,-21.58554,-11.842809,-62.914833,-33.019547,0.34082478,-84.52351,-30.270775,-14.595846,-102.324104,-40.000797,-35.43466,-25.861269,-7.207389,-35.80252,-63.02157,-18.496143,-39.796135,-101.73526,-23.618557
0.0,0.0,0.0,-11.768029156249995,-20.54692059375,-17.51663121874998,1.2286790000000067,-43.7050463125,-18.314081124999973,-12.786547874999997,-61.892420937500006,-29.197467781249998,1.7183585625000006,-83.62882625,-33.48814971874998,-14.159611812499996,-100.15130175000002,-41.892202406249964,-30.706464124999997,-27.69408390625,-1.1421576562499922,-30.861602781249996,-64.70093596875,-13.200752249999937,-37.660961218749996,-101.63171809375001,-22.484540031249935,0.0011636778,-0.0022541357,-0.00013454436,-11.796394,-19.726707,-20.8285,2.5771873,-43.134197,-21.584465,-12.011333,-62.941082,-32.967674,0.1811468,-84.562065,-30.240753,-14.83198,-102.37807,-39.903667,-35.485004,-25.853056,-7.0679955,-35.917736,-63.01932,-18.342249,-39.96835,-101.7379,-23.413944
0.0,0.0,0.0,-11.768745781249997,-20.54672103125,-17.51934809375001,1.2273146250000053,-43.70491696875,-18.31817062500005,-12.787521843749992,-61.89245834375,-29.200958249999985,1.719263218750001,-83.62921,-33.48580075000001,-14.159516468749999,-100.15066128125,-41.89379015625002,-30.705829468749997,-27.694391468750002,-1.1388053124999828,-30.862132312499995,-64.70046190625,-13.205829499999993,-37.66056225,-101.63133637499999,-22.48814765625002,0.0011589497,-0.0021486671,-0.00019950239,-12.30188,-19.803598,-20.588562,2.0444677,-43.298565,-21.489746,-12.886436,-63.21226,-32.506584,-0.67644054,-84.913574,-29.813835,-16.057945,-102.8311,-39.020405,-35.73395,-25.833288,-6.2994313,-36.51118,-63.07297,-17.371855,-40.86204,-101.819115,-21.989122
0.0,0.0,0.0,-11.768115633333345,-20.546974166666672,-17.521417099999894,1.2276641999999853,-43.704252933333336,-18.31635129999995,-12.78617293333334,-61.89222803333334,-29.196393899999975,1.71861453333333,-83.62807930000001,-33.48712449999999,-14.159289333333348,-100.1490127,-41.894631033333326,-30.705063400000007,-27.694638333333337,-1.1430888666666306,-30.861429766666678,-64.69974493333335,-13.202724100000069,-37.65962390000001,-101.62992936666666,-22.48585506666666,0.00024327886,-0.00072186906,-0.00012311945,-15.241115,-21.069618,-21.93399,1.7462025,-46.586937,-20.851131,-17.202133,-68.63167,-31.006977,-3.4041047,-92.70137,-23.399014,-24.061457,-112.211815,-29.780375,-38.64191,-27.03687,-5.6729283,-40.447548,-64.952156,-14.372187,-47.770184,-104.27618,-11.832405
0.0,0.0,0.0,-11.768285250000005,-20.545763656249996,-17.52064218749996,1.2280703750000015,-43.7034998125,-18.315018624999993,-12.786491218750001,-61.89161840625,-29.198703749999993,1.7186030624999944,-83.62661609374999,-33.48667040625003,-14.157890281250005,-100.14868703125,-41.890656437499956,-30.704200031250004,-27.692968999999998,-1.136403874999985,-30.860547468750003,-64.69895478125,-13.202323874999934,-37.659389843750006,-101.62934787500001,-22.484113593749953,0.00011709778,-0.0005262367,-0.0001323828,-15.785739,-21.305923,-22.192257,1.5857298,-47.280827,-20.681717,-18.21764,-69.674736,-30.601408,-4.2344337,-94.1279,-21.92902,-25.957584,-113.71724,-27.697655,-39.17737,-27.137003,-5.6136665,-41.32868,-65.17558,-13.773666,-49.338985,-104.357,-9.819079
0.0,0.0,0.0,-11.767015156250011,-20.54623478125,-17.516308750000007,1.2285203437499916,-43.70494378125,-18.31540209374998,-12.785848281250004,-61.892273875,-29.19868278125,1.7175274062499994,-83.6278315625,-33.4881983125,-14.158325875000003,-100.14965253125001,-41.89111037500004,-30.703450750000005,-27.692903718750003,-1.144103125000015,-30.860146531250003,-64.70009737500001,-13.203465437499972,-37.65926003125001,-101.6310576875,-22.48397159374997,0.00023141809,-0.00063971314,-4.9851395e-05,-15.193378,-21.159372,-22.628172,2.4543743,-46.875015,-20.98358,-16.870613,-69.174995,-31.681196,-2.718222,-93.61991,-23.158556,-24.013084,-113.36715,-29.781296,-38.91317,-27.371386,-6.5593705,-40.43226,-65.25313,-15.269099,-47.951283,-104.659454,-12.169579
0.0,0.0,0.0,-11.766944406250005,-20.545775125,-17.51433381250007,1.2282230937500032,-43.703890656249996,-18.31266125000002,-12.786387531250007,-61.8917004375,-29.196467562500004,1.7180707812499918,-83.626145875,-33.48314478125002,-14.157615750000005,-100.14819328125,-41.88568984375007,-30.703048593750005,-27.6925603125,-1.1370679062500244,-30.860304156250002,-64.69951578125,-13.19663625000004,-37.658862750000004,-101.6296169375,-22.47930721875008,-2.8812326e-05,-0.00020643705,-0.00011615144,-16.84616,-22.03314,-22.888908,1.8787817,-48.835705,-20.439955,-19.77631,-72.31295,-29.799765,-4.8502603,-97.466354,-18.642015,-28.864096,-117.49084,-22.797098,-40.151226,-27.939207,-5.499674,-42.54154,-66.225655,-12.477027,-51.536118,-105.036446,-5.121661
0.0,0.0,0.0,-11.768401733333334,-20.54855376666667,-17.519739799999968,1.227226299999998,-43.70590703333334,-18.31366883333328,-12.78689323333333,-61.892855100000006,-29.19153250000005,1.7178149999999945,-83.62822723333335,-33.48268633333328,-14.158175066666672,-100.1493703,-41.88589483333328,-30.704031733333334,-27.694029433333338,-1.138744266666663,-30.860417566666666,-64.70055296666668,-13.195083699999884,-37.65885926666667,-101.63103723333333,-22.479113766666615,0.00018886698,-0.00053310324,-5.945483e-05,-15.613192,-21.304996,-22.98519,2.7751336,-47.248173,-20.977692,-17.245857,-69.88015,-31.822382,-2.5157082,-94.665504,-22.481718,-24.686165,-114.705345,-28.911013,-39.286995,-27.712215,-6.6173277,-40.74588,-65.613495,-15.15111,-48.49207,-105.08606,-11.188323
0.0,0.0,0.0,-11.766944437500001,-20.547383000000004,-17.518871343749936,1.2288043437499994,-43.70446925,-18.314205062499923,-12.785166343750006,-61.8919295,-29.19656462499995,1.7195383437499956,-83.62583809375,-33.48486328125,-14.156532812500004,-100.14807553125002,-41.890610624999965,-30.704038718750006,-27.69387440625,-1.1419782812499761,-30.860235500000005,-64.70014759375,-13.200517624999975,-37.65812456250001,-101.63003775,-22.483717749999983,-1.6738835e-05,-0.00019808824,-0.00011776245,-16.990381,-22.076715,-22.946764,1.8730834,-48.959194,-20.452269,-19.980604,-72.530235,-29.755756,-4.938865,-97.76801,-18.402124,-29.19041,-117.83446,-22.390152,-40.260754,-28.000208,-5.449792,-42.688877,-66.30339,-12.345786,-51.771732,-105.090485,-4.69136
0.0,0.0,0.0,-11.767304093749999,-20.548968000000002,-17.519536937499993,1.2272265000000004,-43.70601834375,-18.317972124999983,-12.785800218750005,-61.89311015625,-29.194692562499995,1.717417031250001,-83.62865921875,-33.48517987499997,-14.159373093749998,-100.15002115625,-41.891740718749986,-30.7054155,-27.69482434375,-1.140198656249936,-30.861095875,-64.700782,-13.201338843750023,-37.66029084375,-101.63153156249999,-22.484312093749963,-8.1566744e-05,-0.0001386363,-0.00014142435,-17.602028,-22.513037,-22.866364,1.6532071,-49.805187,-20.03033,-21.053381,-73.813385,-28.573446,-5.668672,-99.16087,-16.17429,-30.82963,-119.232925,-19.008312,-40.636814,-28.266184,-4.841013,-43.350605,-66.727936,-10.885277,-52.825222,-105.10855,-1.4636532
0.0,0.0,0.0,-11.768764666666662,-20.548099833333332,-17.52175186666659,1.2267619333333357,-43.70414233333333,-18.319732666666653,-12.788817866666669,-61.89420463333333,-29.203755633333287,1.7156189999999967,-83.62741676666667,-33.49158523333335,-14.160077200000003,-100.14825606666666,-41.89807849999994,-30.706533733333334,-27.69466,-1.14125046666652,-30.862837,-64.70155243333333,-13.207035266666537,-37.66008816666667,-101.63029829999999,-22.489611633333368,-0.00010396281,-0.00014132152,-0.00013415188,-17.333904,-22.372074,-22.730577,1.6125566,-49.48398,-20.09417,-20.635984,-73.28064,-28.770187,-5.4902472,-98.510635,-16.917027,-30.114262,-118.54892,-20.129787,-40.42503,-28.118597,-4.9075975,-43.061954,-66.54713,-11.207441,-52.3392,-105.09099,-2.5013943
0.0,0.0,0.0,-11.766429343749998,-20.546985125,-17.513436312500062,1.2292793749999973,-43.7046340625,-18.311273656250023,-12.783665437499998,-61.89084775,-29.190688218749983,1.7217778437499973,-83.6258029375,-33.47846696875001,-14.156150812499995,-100.147509875,-41.890004281250015,-30.70296046875,-27.6942736875,-1.1316710937500147,-30.8588935,-64.70051353125,-13.200215531250024,-37.65748146875,-101.630659375,-22.48463537500004,-9.839004e-05,-0.0001251184,-0.00014356703,-17.49932,-22.48952,-22.846313,1.641532,-49.742546,-20.057554,-20.921143,-73.70793,-28.635738,-5.6502585,-99.031364,-16.362713,-30.657288,-119.107285,-19.298088,-40.573006,-28.230173,-4.8993154,-43.27829,-66.698845,-11.004004,-52.740425,-105.12644,-1.7485248
0.0,0.0,0.0,-11.76844890625,-20.54769353125,-17.519831750000037,1.2265105937499925,-43.70431665625,-18.31860753124994,-12.786687562500006,-61.891318687500004,-29.19691178124998,1.7180774374999999,-83.62728103124999,-33.48688615625002,-14.159377343750009,-100.14698493750001,-41.89787484375,-30.707010093750004,-27.69294615625,-1.1484166249999248,-30.862106687500003,-64.69968090625,-13.205541656249977,-37.659864937500004,-101.62960934374999,-22.488270906249966,-0.00013583916,-4.0264145e-05,-0.00019026833,-18.47401,-23.398413,-23.424755,1.7047566,-51.67524,-19.22717,-23.109364,-76.518425,-26.922182,-7.283677,-102.06304,-11.473658,-34.8063,-121.704994,-12.492139,-41.44174,-28.743948,-4.8607187,-44.821537,-67.40529,-9.235061,-55.618855,-104.3488,3.735238
0.0,0.0,0.0,-11.767092366666667,-20.547291433333335,-17.517237533333343,1.2289204666666649,-43.70482953333334,-18.314170333333323,-12.783124066666666,-61.89089556666667,-29.192480533333253,1.7211711666666574,-83.6246833,-33.48445140000001,-14.155184500000011,-100.1468495,-41.89326590000002,-30.70334786666667,-27.69542896666667,-1.134898933333318,-30.85921406666667,-64.70057066666666,-13.199598333333256,-37.6563268,-101.62996290000001,-22.487710566666692,-0.00014252216,-3.2184136e-05,-0.00019636484,-18.532179,-23.49286,-23.441462,1.6786107,-51.857735,-19.113796,-23.293098,-76.76621,-26.699493,-7.483251,-102.305046,-10.98527,-35.180782,-121.892876,-11.826922,-41.49881,-28.77489,-4.8350897,-44.954823,-67.461296,-9.030551,-55.885296,-104.261986,4.2651863
0.0,0.0,0.0,-11.76816993333334,-20.54853886666667,-17.521024500000067,1.2279279666666625,-43.705886033333336,-18.31601646666678,-12.786825966666676,-61.891972566666674,-29.196587133333423,1.7172248999999908,-83.62554756666665,-33.49063310000008,-14.158404766666663,-100.14522810000001,-41.89670603333343,-30.704921333333335,-27.695407700000004,-1.1378214666667077,-30.861158066666672,-64.70145593333334,-13.203764833333423,-37.6592367,-101.62880456666667,-22.48749493333338,-0.00014907459,-2.4630572e-05,-0.00021110706,-18.90369,-23.728956,-23.530561,1.6332685,-52.399445,-18.825766,-24.055958,-77.488266,-26.06883,-8.01222,-103.05936,-9.472082,-36.4501,-122.37475,-9.666228,-41.760925,-28.893818,-4.670038,-45.418922,-67.58947,-8.34701,-56.645824,-103.845665,6.00368
0.0,0.0,0.0,-11.767274656250002,-20.54725040625,-17.51599793750006,1.2275345312500008,-43.704745375,-18.315069375000064,-12.785014812500002,-61.89030546875,-29.195443281249993,1.7208350937499972,-83.62155990625,-33.483125687500035,-14.1552055625,-100.1450801875,-41.89390768750002,-30.70395903125,-27.69539228125,-1.1411744687500232,-30.85997340625,-64.69942721875,-13.199158749999981,-37.65717384375,-101.62880925,-22.484672750000016,-0.0001324541,-4.014562e-05,-0.0002087269,-18.832651,-23.67301,-23.491123,1.656268,-52.24828,-18.890678,-23.85749,-77.304276,-26.200573,-7.8149424,-102.849976,-9.842446,-36.06404,-122.250084,-10.169666,-41.69312,-28.882238,-4.662464,-45.275726,-67.5696,-8.463513,-56.37408,-103.963295,5.631089
0.0,0.0,0.0,-11.767006343749998,-20.54700775,-17.517418937499997,1.227789187500008,-43.705352500000004,-18.316365312499954,-12.785437187499994,-61.891053781249994,-29.19537834374995,1.7184116250000017,-83.62431071875,-33.48817059374994,-14.15671609375,-100.14580221874999,-41.89263628125002,-30.704347999999996,-27.6939668125,-1.1375723124999695,-30.86047265625,-64.69970640625,-13.201151843749926,-37.65814553125,-101.63014181249999,-22.48339471874999,-0.00012444874,-4.5362307e-05,-0.00020627944,-18.979773,-23.746279,-23.594011,1.7040199,-52.44327,-18.808435,-24.139935,-77.584915,-26.089344,-7.973712,-103.171974,-9.330162,-36.599464,-122.49741,-9.471673,-41.81358,-28.941483,-4.6729164,-45.462437,-67.62181,-8.321121,-56.708817,-103.81467,6.161624
0.0,0.0,0.0,-11.766604352941165,-20.54797373529412,-17.517008235294043,1.2279780882353108,-43.705385382352944,-18.31561908823528,-12.78507055882352,-61.89201820588236,-29.198040382352985,1.718929205882361,-83.62460167647059,-33.48836211764706,-14.15582044117646,-100.14625423529414,-41.893570058823514,-30.704774441176465,-27.69474861764706,-1.141162735294131,-30.86040605882352,-64.70060829411764,-13.203648441176426,-37.657564735294116,-101.63025114705881,-22.487192705882364,-9.094787e-05,-7.811037e-05,-0.0002003795,-18.753456,-23.435009,-23.391827,1.644133,-51.791775,-19.155972,-23.472536,-76.701904,-26.65585,-7.355949,-102.26195,-11.006918,-35.161583,-121.84169,-11.676205,-41.57186,-28.787462,-4.600615,-44.979717,-67.42506,-8.811439,-55.709,-104.204315,4.54253
0.0,0.0,0.0,-11.766059937499996,-20.54855434375,-17.514116249999972,1.2284788750000075,-43.70566209375,-18.312573499999985,-12.784245124999998,-61.892399125,-29.191994812499956,1.720476750000003,-83.62521171875,-33.481899343749944,-14.155335625000006,-100.14602246874999,-41.89130793749996,-30.70378546875,-27.695962468749997,-1.1350440937500252,-30.85962965625,-64.701196375,-13.199715593749943,-37.65653428125,-101.62984003125,-22.48586746875003,-6.0071645e-05,-0.00011821141,-0.00017921164,-18.4436,-23.07161,-23.152082,1.5857872,-51.03935,-19.505798,-22.67273,-75.63864,-27.328533,-6.716652,-101.167564,-12.947527,-33.577435,-121.002235,-14.325103,-41.274357,-28.597906,-4.538998,-44.419968,-67.1756,-9.427572,-54.623917,-104.62491,2.539775
0.0,0.0,0.0,-11.778176093749991,-20.542878593749997,-17.535612218749975,1.2368030312500053,-43.7109810625,-18.318787562500006,-12.789740374999994,-61.91077815625,-29.215090812499966,1.7223500937500091,-83.67701625000001,-33.48275471874996,-14.173580187499994,-100.22873540625,-41.88249775000003,-30.723938437499996,-27.699564656249997,-1.1490231562499957,-30.87240721874999,-64.70925025,-13.216907531250001,-37.67680240624999,-101.66025596875,-22.465281500000003,-8.677965e-05,-8.138479e-05,-0.00020680732,-18.884418,-23.5344,-23.456001,1.670915,-51.996265,-19.04176,-23.73221,-76.997604,-26.449526,-7.507107,-102.55953,-10.425828,-35.6245,-122.062325,-10.870513,-41.674435,-28.8532,-4.571924,-45.142902,-67.49104,-8.587661,-55.98865,-104.06229,5.176409
0.0,0.0,0.0,-12.71162055882354,-21.127318735294118,-17.737768823529393,0.8522375882352904,-45.308089205882354,-17.59713564705885,-14.442814264705888,-64.65237073529411,-27.751117470588213,0.0641954411764658,-88.6454885,-29.715710794117626,-17.857726941176473,-106.90292820588235,-36.1382456764706,-31.85546644117648,-27.887829029411762,-0.8386365588235094,-32.62023776470589,-65.6818635882353,-11.277669529411753,-41.00255691176471,-103.90828817647059,-16.00038608823536,-0.00014127509,-2.8801704e-05,-0.00021327646,-19.192537,-23.827559,-23.62231,1.6252307,-52.680973,-18.703167,-24.566298,-77.87227,-25.799265,-8.2831,-103.4954,-8.677633,-37.247246,-122.65677,-8.499324,-41.95762,-28.961517,-4.5706334,-45.722473,-67.63744,-7.991051,-57.095146,-103.57729,6.961564
0.0,0.0,0.0,-13.05318568749999,-21.275719062500002,-17.849410031250045,0.7263514375,-45.765637312500004,-17.517915750000043,-15.006295124999994,-65.4649698125,-27.482433281250053,-0.4623558750000001,-90.13750371875,-28.67587853125002,-19.120979999999996,-108.8939835,-34.36478046875004,-32.22110075,-27.94534721875,-0.7525538124999684,-33.167286687499995,-65.96620584375,-10.786692718750032,-42.05924946875,-104.4964153125,-14.142310968749996,-0.00014974418,-2.1903019e-05,-0.0002119709,-19.181387,-23.829546,-23.643862,1.6260989,-52.700268,-18.700516,-24.581734,-77.88243,-25.813465,-8.331524,-103.51458,-8.653536,-37.3179,-122.6477,-8.492396,-41.963993,-28.953903,-4.6117444,-45.746002,-67.62798,-8.028471,-57.160538,-103.5448,6.931855
0.0,0.0,0.0,-13.365245500000007,-21.47910103125,-17.744547749999924,0.5577376562499907,-46.323327093749995,-17.216094968749985,-15.554593187500004,-66.426971375,-26.575883968749963,-1.1348550312500052,-91.716869125,-27.126889312499998,-20.534174281250003,-110.87984421875,-32.00183393749995,-32.587501375,-28.00701946875,-0.5216676249999637,-33.80995659375,-66.24809218749999,-10.048846187499976,-43.224940875,-104.97598931249999,-11.69294071874998,-0.00010154332,-7.567805e-05,-0.00020206162,-18.75634,-23.484467,-23.283209,1.5850067,-51.83689,-19.066673,-23.476349,-76.75675,-26.419502,-7.3777356,-102.268555,-10.803488,-35.09197,-121.84589,-11.359965,-41.54064,-28.7977,-4.459384,-44.94966,-67.460304,-8.573411,-55.628677,-104.22792,4.866699
0.0,0.0,0.0,-13.972448764705888,-21.794845470588236,-18.023195294117613,0.325613764705885,-47.15758597058823,-16.914401852941126,-16.646929117647048,-67.83850794117647,-26.13316064705873,-2.1206124705882274,-94.15758661764706,-24.832017705882322,-22.725550352941173,-113.9340027352941,-28.302591529411757,-33.194912499999994,-28.084992852941173,-0.5510782352941419,-34.717111647058815,-66.71508702941176,-8.984261882352882,-44.97672008823529,-105.6468830882353,-8.118938617647018,-0.00012583457,-4.8526417e-05,-0.0002170388,-18.90657,-23.6169,-23.388716,1.586002,-52.141106,-18.94094,-23.85778,-77.16341,-26.165594,-7.6939573,-102.70074,-10.034815,-35.818954,-122.1332,-10.301323,-41.680866,-28.859314,-4.48413,-45.215637,-67.53335,-8.336574,-56.123165,-104.00657,5.6540565
0.0,0.0,0.0,-14.115113941176475,-21.79810579411765,-18.063977529411773,0.34076170588235755,-47.29205073529412,-16.884422735294095,-16.845004352941174,-68.13223323529411,-26.117323029411693,-2.247462029411764,-94.75300323529413,-24.451682705882376,-23.22827064705882,-114.72681047058823,-27.5776223823529,-33.34711823529412,-28.135216911764708,-0.5578981470587792,-34.90475497058823,-66.81891870588237,-8.91805058823519,-45.35899335294118,-105.80711697058824,-7.474289852941126,-0.00014644486,-2.7300324e-05,-0.00021691552,-19.000853,-23.741455,-23.49975,1.6170553,-52.42183,-18.818583,-24.158205,-77.53191,-25.973703,-7.982262,-103.09773,-9.35886,-36.477257,-122.39884,-9.423125,-41.790157,-28.921713,-4.5543704,-45.43797,-67.60939,-8.184937,-56.59091,-103.82485,6.269518
0.0,0.0,0.0,-14.305290218749995,-21.976172875000003,-18.091486031250042,0.19441875000000408,-47.67887625,-16.72699650000004,-17.271510218749995,-68.697849375,-25.680677468750048,-2.724299687499993,-95.61232187499999,-23.428729125000018,-24.09876428125,-115.67254721875003,-26.00485425000005,-33.526910968749995,-28.1422191875,-0.41686915625001575,-35.301103031249994,-66.97178128125,-8.438609250000013,-46.05737215625,-105.93610671875001,-6.055664125000021,-0.00013411097,-4.4481712e-05,-0.00021244447,-18.85074,-23.658577,-23.43298,1.6395705,-52.19524,-18.891376,-23.819963,-77.23772,-26.154491,-7.717045,-102.75516,-9.904012,-35.88085,-122.17074,-10.203127,-41.672585,-28.883595,-4.5698204,-45.213963,-67.56216,-8.383471,-56.195824,-103.9848,5.6591578
0.0,0.0,0.0,-14.604913294117644,-22.078002529411766,-18.186493941176423,0.11608588235294803,-48.06726614705882,-16.623047794117497,-17.77527258823529,-69.38943064705882,-25.405416205882318,-3.213859500000005,-96.81175582352942,-22.42414049999985,-25.298465058823528,-117.1031177352941,-24.19943332352932,-33.85591385294117,-28.210993529411763,-0.32238144117633283,-35.74590376470588,-67.20138297058824,-8.04840449999989,-46.92835523529412,-106.15228511764705,-4.376196470588184,0.00019035468,-0.000430961,-0.00011274518,-16.439878,-21.585321,-22.869858,2.269112,-47.891464,-20.892796,-18.629614,-70.96874,-31.0017,-3.5539067,-96.042854,-21.048492,-26.68286,-116.24214,-26.299265,-39.772873,-27.885359,-5.7586083,-41.652275,-65.96713,-13.693151,-49.871975,-105.3465,-8.172207
0.0,0.0,0.0,-14.691546676470587,-22.154827294117645,-18.162052852941144,0.05705105882353223,-48.236026058823526,-16.54022652941177,-17.96397058823529,-69.63013052941176,-25.169201147058857,-3.4421960000000027,-97.18586891176471,-21.959339735294122,-25.725277735294117,-117.51041347058823,-23.439353470588287,-33.94706823529411,-28.22599811764706,-0.28394529411764324,-35.91567067647058,-67.28455314705883,-7.784444470588255,-47.260503676470584,-106.17130214705882,-3.721591735294112,4.8860646e-05,-0.0003035829,-0.00013994232,-17.165281,-21.940165,-22.358002,1.4671252,-48.658676,-20.372517,-20.108696,-71.99819,-29.313374,-4.979734,-97.1059,-18.812042,-28.717882,-117.16364,-22.68636,-40.108837,-27.848818,-4.619548,-42.547184,-66.14129,-11.615946,-51.187607,-105.16237,-4.474554
0.0,0.0,0.0,-14.788230374999998,-22.193397000000004,-18.175751687499996,0.02743431249999162,-48.3537819375,-16.50648781250004,-18.133759562500003,-69.8217695625,-25.098969437500045,-3.6123631250000017,-97.5346198125,-21.650210312500008,-26.115350343750002,-117.87645746875,-22.94525625,-34.032117,-28.260773281250003,-0.2819556875000444,-36.05018784375,-67.3543351875,-7.650478249999992,-47.53917034375,-106.190721125,-3.3110130937500344,0.0001494003,-0.000391431,-0.0001485645,-16.967562,-21.662378,-22.287775,1.4890482,-48.136116,-20.626047,-19.665117,-71.19512,-29.891394,-4.598355,-96.242455,-20.130814,-27.825647,-116.2961,-24.541103,-39.915092,-27.700066,-4.6963096,-42.201267,-65.88611,-12.19704,-50.50559,-105.15753,-6.0811925
0.0,0.0,0.0,-15.138755823529415,-22.36338332352941,-18.352426911764667,-0.13627602941176775,-48.75220314705882,-16.390066735294056,-18.73471402941177,-70.41516288235294,-24.75314338235296,-4.258812852941183,-98.55043594117646,-20.61472994117645,-27.391442500000004,-118.89913988235294,-21.161421941176457,-34.2845645,-28.32663370588235,-0.24073264705879183,-36.52937217647059,-67.49225211764706,-7.273633235294085,-48.46247726470589,-106.19494791176469,-1.730333235294097,-4.5684326e-05,-0.00028361267,-0.00014880371,-17.602715,-22.099913,-21.930387,1.0222616,-48.97061,-19.981016,-20.8839,-72.360565,-28.232183,-5.589957,-97.36989,-17.590899,-29.526062,-117.28019,-20.749493,-40.224415,-27.80953,-3.7995698,-42.901875,-66.166176,-10.287532,-51.540874,-104.955826,-2.4526176
0.0,0.0,0.0,-15.221063823529406,-22.436145264705882,-18.35170435294117,-0.19831673529411376,-48.903884,-16.296034088235274,-18.88298870588235,-70.63374823529412,-24.4762925,-4.457134499999995,-98.84985864705881,-20.152722617647044,-27.72491076470588,-119.16666361764706,-20.48169479411763,-34.34134282352941,-28.341531264705882,-0.15926500000000487,-36.6835079117647,-67.53709297058823,-7.054841823529387,-48.726085999999995,-106.18686620588235,-1.1542817058823402,-1.20016775e-05,-0.00032221494,-0.00015001293,-17.528343,-21.987179,-21.846352,0.9824724,-48.752316,-20.04699,-20.728954,-72.01379,-28.384764,-5.4830604,-96.97216,-18.084929,-29.173344,-116.870316,-21.442322,-40.130836,-27.723787,-3.76465,-42.766846,-66.04281,-10.434132,-51.260384,-104.93181,-3.0273685
0.0,0.0,0.0,-15.244631499999997,-22.39781071875,-18.42675587499997,-0.15683112499999652,-48.856699218749995,-16.419516437499965,-18.8795875,-70.60197896875,-24.712584375000006,-4.399881874999991,-98.86814209375001,-20.378400750000026,-27.73424153125,-119.238958625,-20.68628593750003,-34.368342874999996,-28.36571390625,-0.2525729687500302,-36.662529593749994,-67.54937396875,-7.2410601562500005,-48.70546675,-106.22075009375,-1.3661985312500065,-0.000115712624,-0.00014896708,-0.00013533389,-18.072243,-22.494354,-22.373486,1.205569,-49.82314,-19.824667,-21.678267,-73.75345,-27.823399,-5.9961457,-99.07113,-15.741278,-31.152159,-119.08203,-18.084162,-40.725452,-28.179525,-3.9342058,-43.561207,-66.64555,-9.771327,-52.787292,-105.06963,-0.15183935
0.0,0.0,0.0,-15.410632735294115,-22.54042129411765,-18.326424147058788,-0.2953179705882292,-49.17458514705882,-16.20538329411761,-19.24773941176471,-71.03983500000001,-24.18958252941178,-4.851963529411755,-99.51603882352941,-19.39173882352941,-28.523767529411764,-119.8519115,-19.214049382352982,-34.51049723529412,-28.374744000000003,-0.11373897058825833,-36.980668323529414,-67.637475,-6.718656705882324,-49.30034126470588,-106.17984182352942,-0.09829708823531291,0.00019715159,-0.00056234153,-0.00017289467,-16.7123,-21.429068,-21.575207,1.0555542,-47.51552,-20.466806,-19.30971,-70.09221,-29.510736,-4.5729947,-94.64538,-21.026691,-26.68751,-114.46629,-25.754335,-39.437637,-27.32979,-4.062724,-41.714497,-65.44612,-11.826369,-49.427345,-104.793106,-7.0140595
0.0,0.0,0.0,-15.396066558823527,-22.476960941176472,-18.414013235294078,-0.20528691176470204,-49.09000547058824,-16.29002476470589,-19.135257117647058,-70.96929473529413,-24.37755735294121,-4.705338705882355,-99.45874735294117,-19.67849835294112,-28.398809029411762,-119.8589796764706,-19.62015594117645,-34.50340717647059,-28.402966176470592,-0.1682909117647,-36.92413594117647,-67.65204341176471,-6.956432588235316,-49.18234547058823,-106.23388702941179,-0.440175852941195,0.00019247524,-0.0005373516,-0.00017071878,-16.771818,-21.45382,-21.658672,1.0947948,-47.59609,-20.49434,-19.387384,-70.23482,-29.554127,-4.589579,-94.86599,-20.916965,-26.860542,-114.72407,-25.585701,-39.511448,-27.377234,-4.114489,-41.79415,-65.50286,-11.844844,-49.57911,-104.8535,-6.8513417
0.0,0.0,0.0,-15.476730624999995,-22.56610921875,-18.36482993750002,-0.30050343749999797,-49.2722136875,-16.15089981250003,-19.374420156249997,-71.20678465625,-24.20874868750002,-4.9529144999999914,-99.789319375,-19.10612096875002,-28.781422812499997,-120.16501940625,-18.721084468750007,-34.59305090625,-28.38841159375,-0.15517034375000094,-37.07583615625,-67.6889495,-6.64712234374997,-49.49569334375,-106.20437103125,0.3105584374999921,0.00017667617,-0.00050377974,-0.00016097394,-16.66745,-21.475487,-21.821093,1.3087771,-47.61242,-20.55597,-19.168568,-70.31037,-29.779736,-4.338285,-94.99141,-21.004515,-26.65803,-114.91038,-25.788052,-39.50937,-27.469126,-4.373567,-41.689022,-65.58994,-12.153429,-49.48542,-104.974106,-7.143245
0.0,0.0,0.0,-15.521065529411764,-22.55339676470588,-18.43330752941182,-0.25791088235294524,-49.30038005882353,-16.13911720588237,-19.387101470588238,-71.33298094117647,-24.17306529411769,-4.92345217647059,-99.9868439117647,-18.94104920588245,-28.880177941176473,-120.43627929411764,-18.417766911764772,-34.65760952941177,-28.40966176470588,-0.19098352941182384,-37.120394088235294,-67.73639864705882,-6.676506558823519,-49.57047276470588,-106.26930373529412,0.549836852941155,0.00017214738,-0.0005165546,-0.00015540878,-16.463385,-21.440542,-21.853636,1.4388343,-47.484802,-20.592165,-18.836983,-70.12906,-29.959747,-4.092151,-94.73781,-21.311983,-26.200558,-114.64641,-26.31033,-39.38596,-27.461037,-4.564379,-41.46772,-65.55971,-12.460732,-49.167313,-104.96706,-7.747034
0.0,0.0,0.0,-15.594063558823528,-22.642925029411764,-18.457754823529456,-0.30257902941175985,-49.48947394117647,-16.030679176470585,-19.578538352941173,-71.57202894117647,-24.040925088235383,-5.1050957058823485,-100.34199944117647,-18.393719000000033,-29.22958497058823,-120.83648885294117,-17.551943676470728,-34.753069147058824,-28.412972029411762,-0.205363705882462,-37.28409008823529,-67.81871173529412,-6.408231911764801,-49.83776976470588,-106.27441044117646,1.2355489411764324,0.00017219922,-0.000509099,-0.00018329833,-16.762709,-21.617464,-21.660973,1.1493139,-47.839348,-20.331089,-19.441643,-70.63206,-29.254196,-4.667856,-95.26082,-20.286327,-27.089283,-115.163284,-24.748075,-39.529926,-27.476149,-4.1002035,-41.853794,-65.67665,-11.586108,-49.789227,-104.94416,-6.154051
0.0,0.0,0.0,-15.634768264705883,-22.649519500000004,-18.511733147058862,-0.28519988235294136,-49.55750126470589,-16.032064941176486,-19.62549847058824,-71.70443588235294,-24.022619882352956,-5.116862176470583,-100.5506441764706,-18.158344882352992,-29.372960264705885,-121.09218155882353,-17.1972791764706,-34.818612529411766,-28.428070529411766,-0.2594155294117968,-37.34749802941177,-67.87245885294118,-6.381503852941194,-49.94177814705883,-106.31674108823529,1.5336824705882464,0.00017205605,-0.0005327789,-0.00018525943,-16.836754,-21.613802,-21.511202,0.9957857,-47.829826,-20.252357,-19.582909,-70.57907,-29.026613,-4.8193974,-95.15031,-20.172522,-27.176752,-115.00774,-24.53189,-39.518684,-27.417368,-3.8739984,-41.90134,-65.62193,-11.2995405,-49.79147,-104.865105,-5.8707857
0.0,0.0,0.0,-15.676969882352935,-22.70158844117647,-18.515557499999943,-0.29955629411764306,-49.651817470588234,-15.966339823529324,-19.718963882352934,-71.8890415,-23.879459970588243,-5.198976705882345,-100.79421417647058,-17.775080794117628,-29.594632705882347,-121.35518829411764,-16.60673235294115,-34.88679888235294,-28.44159882352941,-0.27376844117640076,-37.44367188235294,-67.93663547058823,-6.225926823529392,-50.09878264705882,-106.33206044117647,2.0177029411765375,0.00019493609,-0.0005694289,-0.0001909382,-16.579802,-21.526798,-21.496572,1.1119905,-47.582317,-20.32803,-19.138689,-70.20996,-29.294258,-4.4942956,-94.67208,-20.766874,-26.484182,-114.52373,-25.454771,-39.33503,-27.378222,-4.038252,-41.586586,-65.543236,-11.689098,-49.290367,-104.86588,-6.807227
0.0,0.0,0.0,-15.711663531249997,-22.73737109375,-18.50512787499997,-0.3095897187499972,-49.72505265625,-15.896255468749985,-19.797938937499996,-72.026440125,-23.738243093749986,-5.270826187499992,-100.9990986875,-17.450248781250025,-29.78996775,-121.57896453125001,-16.11836525000001,-34.94715675,-28.449615125,-0.2871075312500011,-37.53336684375,-67.98202184375,-6.109568718749983,-50.228316,-106.33528396875,2.423329406249991,9.772758e-05,-0.0003976383,-0.00014603633,-17.116522,-21.74901,-21.896997,1.2121811,-48.228905,-20.338459,-19.917576,-71.26438,-29.167763,-4.826888,-96.17886,-19.55925,-27.903114,-116.19133,-23.638857,-39.87043,-27.654064,-4.1306086,-42.243027,-65.894585,-11.362871,-50.41901,-105.13936,-5.0558853
0.0,0.0,0.0,-15.74224058823529,-22.743243970588235,-18.546655058823546,-0.29753202941176227,-49.77647547058824,-15.868739382352999,-19.8370034117647,-72.12328864705881,-23.733094088235305,-5.284141617647059,-101.15751229411765,-17.26556211764705,-29.907491911764705,-121.77671641176471,-15.838159823529452,-34.991298823529405,-28.459273058823527,-0.30475117647063144,-37.58133370588235,-68.01812294117647,-6.086484911764728,-50.30813285294117,-106.3571868235294,2.6724350588235097,8.895257e-05,-0.00038630114,-0.00013959024,-17.17804,-21.761396,-21.926437,1.2221937,-48.273304,-20.347065,-19.980597,-71.33909,-29.162632,-4.82259,-96.29907,-19.483322,-27.984371,-116.3351,-23.505842,-39.921974,-27.683481,-4.11961,-42.288,-65.92573,-11.325556,-50.470764,-105.18132,-4.903558
0.0,0.0,0.0,-15.788496970588227,-22.7993625,-18.557519294117526,-0.3238091764705757,-49.89724147058824,-15.766338588235215,-19.94341644117646,-72.29030967647059,-23.60120705882349,-5.39988594117645,-101.38593797058823,-16.88315614705874,-30.140495794117637,-122.003022,-15.318606205882304,-35.05025970588234,-28.452564029411764,-0.28130382352941297,-37.682408029411754,-68.05869955882353,-5.921359764705812,-50.483278529411756,-106.3506359117647,3.15959882352945,0.00026515193,-0.0006205179,-1.3528039e-05,-15.117528,-21.501736,-23.028662,3.2032723,-47.397636,-20.891394,-16.503819,-70.19021,-31.763086,-1.9552637,-94.90488,-22.243208,-23.795034,-115.065254,-28.760332,-39.002464,-27.916145,-7.016911,-40.245094,-65.93496,-15.452145,-47.955208,-105.49792,-11.416382
0.0,0.0,0.0,-15.80477805882353,-22.788449647058826,-18.59165235294114,-0.29465120588236005,-49.90412276470588,-15.795998970588244,-19.945732500000005,-72.34740964705884,-23.632382441176446,-5.363741676470589,-101.47770970588235,-16.823372411764694,-30.178961970588237,-122.14659858823529,-15.164891823529388,-35.07866661764706,-28.468368,-0.30421976470586287,-37.69769647058824,-68.0849040882353,-5.950906147058788,-50.504917852941176,-106.37624455882352,3.240416676470659,0.00027889924,-0.0006488778,-6.609659e-05,-15.198374,-21.481167,-22.752167,3.0275173,-47.236855,-20.830309,-16.513292,-69.97645,-31.511162,-1.8951706,-94.54062,-22.410969,-23.489628,-114.75709,-28.80524,-38.906937,-27.906523,-6.5350165,-40.11972,-65.91992,-14.986875,-47.55572,-105.53967,-11.145283
0.0,0.0,0.0,-15.852489441176466,-22.840188970588233,-18.605967794117646,-0.3333334411764639,-50.021552235294116,-15.682460852941176,-20.058031588235288,-72.53976164705882,-23.3888128529411,-5.489234411764706,-101.68236691176469,-16.417680705882333,-30.417075647058823,-122.34366791176473,-14.51735102941177,-35.13296688235294,-28.454150705882352,-0.23673470588232703,-37.792181235294116,-68.10755005882353,-5.760504352941155,-50.66754929411765,-106.34629799999999,3.7409470000000056,0.000218351,-0.00048276942,1.6189551e-06,-15.9316635,-21.609291,-23.596876,3.3513873,-47.93859,-20.992931,-17.611908,-71.18901,-32.028603,-2.3628714,-96.432495,-21.227331,-25.7781,-116.821396,-27.322533,-39.702713,-28.199423,-7.068224,-41.14838,-66.22251,-15.259496,-49.506325,-105.67851,-9.87718
0.0,0.0,0.0,-15.862297187500005,-22.822041937499996,-18.59983628125002,-0.30039878125000996,-50.01012271875,-15.713490312500028,-20.044901187500006,-72.56002228125,-23.447565031250008,-5.449987250000007,-101.73482678124999,-16.435065156250005,-30.422298562500007,-122.43102390624999,-14.486286062499971,-35.15533671875001,-28.47137584375,-0.2547226249999994,-37.79432603125001,-68.1293788125,-5.811600750000025,-50.66511365625001,-106.37384718749999,3.7554169375000015,0.00012588067,-0.0004946224,-0.00013573724,-16.055105,-21.635403,-21.979303,1.747943,-47.655254,-20.41435,-18.259468,-70.428566,-29.86306,-3.7689242,-94.93755,-20.913433,-25.683786,-114.94103,-26.017357,-39.234653,-27.594217,-4.9850965,-41.17148,-65.76844,-12.710241,-48.92831,-105.13962,-7.813281
0.0,0.0,0.0,-15.903040147058825,-22.85948838235294,-18.59213970588246,-0.34461341176471194,-50.1204539117647,-15.642571823529408,-20.137616970588237,-72.69096373529412,-23.23849223529419,-5.567877352941181,-101.93645805882352,-15.969816294117663,-30.6474605882353,-122.60851470588237,-13.886638882352997,-35.209270000000004,-28.455273117647057,-0.17439182352944727,-37.8847220882353,-68.15258270588235,-5.622283058823598,-50.83801823529412,-106.3501105,4.270844352941197,0.0002089261,-0.00051879056,-2.9134262e-05,-15.390958,-21.635683,-22.973022,2.9013138,-47.714832,-20.733366,-17.097025,-70.67488,-31.292784,-2.617327,-95.47428,-21.442049,-24.848822,-115.674065,-27.49381,-39.229103,-27.882784,-6.728106,-40.736427,-65.9998,-14.825627,-48.794144,-105.47517,-10.090023
0.0,0.0,0.0,-15.97603120588235,-22.881533294117645,-18.62690655882352,-0.353350058823537,-50.18872317647059,-15.659596294117648,-20.242916411764703,-72.81340258823529,-23.242378882352966,-5.675658970588238,-102.1462715882353,-15.880868588235273,-30.908320117647058,-122.8157355882353,-13.585546235294146,-35.27165482352942,-28.49333182352941,-0.1829278235294396,-37.968163147058824,-68.19870261764706,-5.624931852941188,-51.013245705882355,-106.34910526470587,4.495332529411769,-6.0099803e-05,-0.00023189987,-0.00013366278,-18.19279,-22.285704,-21.89131,0.84543276,-49.43093,-19.845705,-21.696524,-73.10452,-27.668936,-5.9669437,-98.351616,-16.493221,-30.59075,-118.428566,-18.922398,-40.593,-27.98843,-3.2939425,-43.412193,-66.42823,-9.362359,-52.22466,-105.20789,-0.42089376
0.0,0.0,0.0,-16.10612520588235,-22.979339588235295,-18.54077405882356,-0.45841808823528396,-50.43071958823529,-15.455583500000046,-20.569515147058816,-73.17266138235294,-22.75591055882353,-6.123947970588226,-102.59684235294117,-15.157705176470586,-31.621866705882343,-123.14769714705882,-12.404821911764714,-35.39334473529411,-28.479040794117648,-0.030365941176398792,-38.26056661764705,-68.23689502941176,-5.244436852941135,-51.51118994117646,-106.19272702941176,5.4828283823529205,3.701604e-05,-0.0003806743,-0.0001413906,-17.433203,-21.88075,-21.62938,0.8944385,-48.49509,-20.060781,-20.48364,-71.602905,-28.41832,-5.3065324,-96.49056,-18.646587,-28.572777,-116.46098,-22.215784,-39.98995,-27.637041,-3.5860708,-42.547794,-65.942986,-10.43875,-50.795727,-105.07375,-3.5517793
0.0,0.0,0.0,-16.183319352941183,-22.992227970588235,-18.575237529411822,-0.46819208823529834,-50.49018079411765,-15.501230617647082,-20.682054676470592,-73.29323526470588,-22.776045882353003,-6.243214823529421,-102.80996838235293,-15.099272058823487,-31.90887020588236,-123.34923520588235,-12.149775911764777,-35.46068097058824,-28.517148382352943,-0.058215147058888306,-38.36046520588236,-68.28378105882354,-5.293668882353018,-51.69519755882354,-106.1711515,5.662203558823478,0.00018214268,-0.00058230164,-0.0001595656,-16.587128,-21.402742,-21.423626,1.0206053,-47.392838,-20.375105,-19.103983,-69.87691,-29.411617,-4.4770765,-94.32307,-21.183777,-26.294958,-114.14751,-26.050724,-39.318554,-27.26398,-3.9915385,-41.55229,-65.37856,-11.791245,-49.134224,-104.810135,-7.268846
0.0,0.0,0.0,-16.290094406250006,-23.07761578125,-18.60172646875003,-0.56634290625,-50.67518228125,-15.430766000000062,-20.953037000000002,-73.482581125,-22.64448065625004,-6.522124781250007,-103.13814434374999,-14.488753156250027,-32.408173625,-123.58242609375,-11.304655937500002,-35.545886843750004,-28.50928890625,-0.008376062500019543,-38.557746375,-68.30512412499999,-5.1265170625000565,-52.045906593750004,-106.05353146875001,6.331083343749981,0.00011650086,-0.00047410253,-0.0001532022,-17.160595,-21.657396,-21.52784,0.8596773,-48.040867,-20.209389,-20.063423,-70.87681,-28.815819,-5.107473,-95.60718,-19.693846,-27.836067,-115.49517,-23.753725,-39.751713,-27.442034,-3.686186,-42.2374,-65.66627,-10.929789,-50.253487,-104.90879,-4.9930987
0.0,0.0,0.0,-16.36460561764705,-23.08757685294118,-18.648814470588206,-0.5795908529411733,-50.7463180882353,-15.473966764705835,-21.080710352941175,-73.60251579411764,-22.683361147058747,-6.627309294117644,-103.35474555882351,-14.30197764705872,-32.689326558823524,-123.7819085,-10.949954823529367,-35.6191329117647,-28.529413823529413,-0.05896364705876067,-38.65154544117647,-68.34237676470589,-5.117717911764657,-52.22711464705882,-106.02839867647059,6.639525588235358,4.152702e-05,-0.00037838914,-0.00014869303,-17.532576,-21.873198,-21.624931,0.8183067,-48.52935,-20.07762,-20.659014,-71.64855,-28.3815,-5.4468527,-96.57097,-18.57199,-28.816902,-116.52841,-22.044266,-40.043686,-27.621883,-3.5051668,-42.65988,-65.92909,-10.332174,-50.955685,-105.03128,-3.339168
0.0,0.0,0.0,-16.601139058823534,-23.236266411764703,-18.905093882352958,-0.641273235294122,-51.05735826470588,-15.291306264705895,-21.430522647058822,-74.1058440882353,-22.223551058823546,-6.984367911764707,-104.0270905882353,-13.225626176470541,-33.48228667647059,-124.35012902941176,-9.281618882352973,-35.83529229411765,-28.566388411764706,-0.15867061764714663,-38.959884264705885,-68.46988370588235,-4.662684735294192,-52.78490941176471,-105.91874985294118,7.901345647058804,-4.3430526e-05,-0.00017809082,-0.00016622545,-18.693819,-22.915329,-22.629242,1.2104583,-50.741665,-19.516293,-22.778984,-75.18306,-27.025417,-6.640701,-100.71985,-13.491547,-33.06338,-120.72475,-14.760448,-41.221497,-28.486526,-3.737517,-44.325127,-67.06992,-8.770758,-54.0917,-104.959435,2.7852087
0.0,0.0,0.0,-16.700132294117658,-23.2971850882353,-18.97969867647066,-0.6523067352941254,-51.20490302941177,-15.126920852941225,-21.584275617647066,-74.32951923529413,-22.083426147058844,-7.1439997352941305,-104.30268294117647,-12.756485911764742,-33.83440532352942,-124.6030727647059,-8.514284970588278,-35.92995038235295,-28.58761929411765,-0.17534952941184656,-39.10586423529412,-68.54088200000001,-4.48376820588237,-53.0236140882353,-105.84475576470591,8.412142529411767,-4.7768102e-05,-0.00017158542,-0.00017884532,-18.71392,-23.050833,-22.750954,1.3308797,-50.961884,-19.411877,-22.869938,-75.53455,-26.879782,-6.6769247,-101.05441,-12.92323,-33.360237,-121.022736,-14.021211,-41.278194,-28.595707,-3.8389044,-44.399292,-67.19847,-8.678067,-54.295357,-104.88162,3.2896013
0.0,0.0,0.0,-16.896563735294116,-23.395092,-18.99203223529406,-0.7008332352941125,-51.46753644117646,-14.879090147058832,-21.94644779411764,-74.68927594117648,-21.71767188235293,-7.5826305000000005,-104.82033588235295,-12.001476441176465,-34.65187208823528,-124.96426779411765,-7.225334529411782,-36.070398529411754,-28.62793773529412,-0.060692264705892285,-39.384711499999995,-68.61822955882353,-4.155015823529425,-53.55433588235293,-105.64134626470587,9.38258455882351,-4.7624155e-05,-0.00015763576,-0.00018615184,-18.690216,-23.150553,-22.883968,1.4191828,-51.14094,-19.342598,-22.935303,-75.79955,-26.811127,-6.768559,-101.307724,-12.494769,-33.651302,-121.2149,-13.498998,-41.318764,-28.65473,-4.0054755,-44.478245,-67.27169,-8.698784,-54.528763,-104.76418,3.5719576
0.0,0.0,0.0,-17.378700205882353,-23.69595114705882,-18.989701970588158,-1.039038970588237,-52.22259673529412,-14.569891441176424,-22.966162147058817,-75.65928347058824,-20.78801308823529,-8.77724305882353,-106.14124067647059,-9.850378441176417,-36.81937220588235,-125.77788655882354,-3.701578352941169,-36.464571529411764,-28.717844029411765,0.07597002941179198,-40.19897717647059,-68.76170679411766,-3.3949214705882014,-54.97873470588235,-105.01666017647058,11.992627382352907,-6.3988366e-05,-0.0001104586,-0.00020906884,-18.560184,-23.346788,-23.228607,1.656019,-51.49643,-19.245726,-22.988716,-76.340996,-26.816704,-6.960645,-101.836945,-11.726757,-34.266468,-121.626015,-12.641855,-41.37868,-28.774677,-4.495799,-44.626102,-67.42503,-8.940032,-55.080654,-104.52774,3.8862925
0.0,0.0,0.0,-17.48939467647059,-23.723708235294115,-18.99269644117652,-1.062148029411766,-52.336426352941174,-14.536922705882432,-23.147884647058827,-75.83525055882353,-20.68852335294116,-8.979175735294113,-106.41109461764705,-9.518849088235356,-37.246345647058824,-125.93494605882351,-3.138339764705904,-36.54839347058824,-28.736633205882352,0.08306697058816326,-40.338394882352944,-68.80235532352941,-3.2811198529412877,-55.237741029411765,-104.90437758823529,12.453476823529343,-5.813653e-05,-0.00011288347,-0.00020919253,-18.53571,-23.252321,-23.205215,1.6229068,-51.34007,-19.346466,-22.89356,-76.125305,-27.00485,-6.8875537,-101.64693,-12.156326,-34.06561,-121.494194,-13.210376,-41.35288,-28.718838,-4.491449,-44.573063,-67.35358,-9.090475,-54.959694,-104.59805,3.4706516
0.0,0.0,0.0,-17.615769470588226,-23.818864264705883,-19.027430852941166,-1.173332382352939,-52.51928035294118,-14.505216735294084,-23.43537838235294,-76.0765765882353,-20.49337049999997,-9.25178088235294,-106.72445673529411,-8.890905058823478,-37.765731,-126.09304594117647,-2.2328769705881655,-36.65323105882353,-28.738327911764706,0.12897894117651276,-40.55797373529411,-68.85364614705883,-2.981904941176424,-55.59091888235294,-104.72978602941176,13.110186529411806,-5.1228548e-05,-0.00018601652,-0.00015403716,-18.736876,-22.812408,-22.324688,1.0291765,-50.51064,-19.519289,-22.70523,-74.829735,-26.90514,-6.5311775,-100.31955,-13.931912,-32.590942,-120.412735,-15.248025,-41.123974,-28.404343,-3.3513405,-44.18039,-66.9871,-8.509444,-53.67068,-105.13669,2.6559649
0.0,0.0,0.0,-18.066404029411764,-24.08169879411765,-19.337816088235286,-1.3762105294117575,-53.13349558823529,-14.291917794117637,-24.14498967647058,-77.06545317647058,-19.509041323529345,-9.943563205882342,-107.8601977647059,-6.456427176470584,-39.358756264705875,-126.84000499999999,1.5001327647059384,-37.09466870588235,-28.788311941176474,0.2414864411765052,-41.18583449999999,-69.04903335294118,-2.1469494117646377,-56.598739205882346,-104.18731523529412,15.837841235294093,4.908853e-05,-0.00037223037,-0.00014611219,-17.406614,-21.887188,-21.751347,0.98273516,-48.521572,-20.121828,-20.455719,-71.67179,-28.56993,-5.2734017,-96.59559,-18.66963,-28.646248,-116.56706,-22.272934,-40.01437,-27.672054,-3.742456,-42.5651,-65.97243,-10.620944,-50.8893,-105.06354,-3.684507
0.0,0.0,0.0,-18.21043855882352,-24.131862588235293,-19.43815958823535,-1.391431500000003,-53.325830205882355,-14.200260676470577,-24.362876999999994,-77.38357532352941,-19.331973676470625,-10.126893205882354,-108.20845664705881,-5.782763147058802,-39.8485459117647,-127.1001234117647,2.6868241764706227,-37.24070814705882,-28.80744361764706,0.2316420000000221,-41.393411676470585,-69.12836794117648,-1.9952444411764532,-56.905882794117645,-103.99739047058823,16.589141147058854,0.00014303825,-0.00043721145,-0.00015919309,-17.089247,-21.641933,-21.88872,1.1398673,-48.065765,-20.44907,-19.89348,-71.00079,-29.363764,-4.869167,-95.89525,-19.98102,-27.832449,-115.86447,-24.19293,-39.832474,-27.56339,-4.1420627,-42.22386,-65.76514,-11.537732,-50.359913,-105.02976,-5.5368586
0.0,0.0,0.0,-18.39029447058823,-24.266326911764704,-19.4191949411765,-1.5341452941176357,-53.650408382352936,-13.996022823529358,-24.819846941176472,-77.80757879411765,-18.87195370588239,-10.590310558823518,-108.69704264705884,-4.571416529411749,-40.69797514705882,-127.26893026470589,4.52152114705882,-37.45759305882353,-28.8078415,0.15425820588234274,-41.7336839117647,-69.1998915,-1.5915571764705874,-57.461162058823525,-103.61922264705882,17.89009358823523,-0.00012007379,-0.00013980712,-0.00013480838,-18.265955,-22.58897,-22.338116,1.1469595,-50.022606,-19.707943,-21.977829,-74.050804,-27.512667,-6.152636,-99.40561,-15.181088,-31.552706,-119.418884,-17.229916,-40.838886,-28.23904,-3.7469726,-43.735275,-66.73395,-9.371108,-53.022392,-105.072044,0.6886357
0.0,0.0,0.0,-18.696839411764707,-24.45849664705882,-19.574651352941146,-1.6623320588235302,-54.09992379411764,-13.789243735294178,-25.403971588235294,-78.44270108823528,-18.27897382352944,-11.228544441176467,-109.3668715,-3.106798941176521,-41.93089188235294,-127.5099602352941,6.945545970588228,-37.73372882352941,-28.851156411764702,0.08199805882355804,-42.228174558823525,-69.31282467647057,-1.0916344411764385,-58.23295720588235,-103.06409579411765,19.481171529411768,-5.029756e-05,-0.00017389166,-0.00013932576,-17.750816,-22.386005,-22.653679,1.4829168,-49.599922,-20.096395,-21.150705,-73.497635,-28.554945,-5.633685,-98.8542,-16.585121,-30.635353,-118.95277,-19.4096,-40.621365,-28.19144,-4.4837976,-43.320843,-66.619644,-10.672038,-52.575966,-105.16956,-1.5472075
0.0,0.0,0.0,-18.822118500000002,-24.508027705882355,-19.623718235294177,-1.6977551176470627,-54.2318255,-13.772532852941197,-25.595916970588235,-78.66276367647058,-18.15702555882359,-11.388970970588232,-109.62919879411766,-2.690588558823549,-42.33760532352942,-127.63989823529411,7.694434647058756,-37.84821126470588,-28.898490176470588,0.05205041176469649,-42.382754735294114,-69.38171517647058,-1.0025968235295295,-58.47588038235294,-102.91187708823531,19.96436705882354,-0.00016487602,-1.5712605e-05,-0.00020793256,-19.0344,-23.883356,-23.6835,1.7158422,-52.753025,-18.622368,-24.422535,-77.950165,-25.812767,-8.327038,-103.54755,-8.534518,-37.282948,-122.67808,-8.481999,-41.906216,-28.981632,-4.7529774,-45.681217,-67.67283,-8.144525,-57.200024,-103.55715,6.8095427
0.0,0.0,0.0,-18.929950705882355,-24.578958088235293,-19.585797470588204,-1.7685338529411752,-54.43539538235294,-13.613671794117636,-25.853777029411763,-78.9230725882353,-17.813008999999965,-11.692350147058832,-109.89837770588235,-1.8620569411764336,-42.89470573529412,-127.64203176470588,8.76301020588238,-37.960582382352946,-28.91312832352941,0.14357514705881158,-42.57763620588236,-69.3917574117647,-0.7268327941176835,-58.811210323529416,-102.63185285294118,20.747713823529466,-0.00013209129,-4.198574e-05,-0.0002123351,-18.858803,-23.679224,-23.463713,1.654361,-52.2445,-18.889536,-23.862125,-77.31073,-26.15695,-7.764128,-102.84543,-9.823833,-35.99861,-122.25764,-10.102414,-41.68911,-28.899,-4.6029224,-45.25285,-67.58699,-8.39213,-56.294624,-103.98386,5.7232046
0.0,0.0,0.0,-19.913503794117638,-24.955447088235296,-19.873147441176457,-2.2893299999999996,-55.43662932352942,-13.349722499999984,-27.635628147058817,-80.03274729411766,-16.65501320588237,-13.670245882352937,-111.3310006764706,1.1119590588235155,-46.39078997058823,-127.44144938235294,13.436288088235301,-38.575547882352936,-29.009848470588235,0.49892464705885686,-43.83101535294117,-69.4251990882353,0.3704123529411163,-60.89334047058823,-100.92862347058825,23.831431617647013,-0.000110652065,-6.654585e-05,-0.00020224204,-18.77411,-23.537224,-23.40587,1.6771548,-51.945442,-19.022882,-23.560478,-76.92374,-26.43743,-7.4356937,-102.43872,-10.533948,-35.37478,-121.9685,-11.06197,-41.596924,-28.845156,-4.5848455,-45.032215,-67.49621,-8.627753,-55.838104,-104.124725,5.001792
0.0,0.0,0.0,-20.195650352941186,-25.202033029411766,-19.848134558823574,-2.5630366764705954,-55.898121352941175,-12.990359852941197,-28.318346852941183,-80.49220361764706,-15.78927888235296,-14.502430764705892,-111.74316252941176,2.758964176470556,-47.64477332352942,-127.16740352941177,15.719082147058828,-38.77642100000001,-29.01896135294118,0.7122398823529466,-44.31485882352942,-69.38915361764705,1.0835382941176022,-61.646324294117655,-100.10770738235294,25.446499235294084,-9.425607e-05,-8.6621745e-05,-0.0001972876,-18.702,-23.445278,-23.207912,1.5578167,-51.734863,-19.103252,-23.33708,-76.617905,-26.458609,-7.273489,-102.11817,-11.065271,-34.798317,-121.76081,-11.700384,-41.47806,-28.77475,-4.4059367,-44.845055,-67.446335,-8.599122,-55.42742,-104.34249,4.6508484
0.0,0.0,0.0,-20.439964735294126,-25.25126955882353,-20.127175676470586,-2.6133266176470613,-56.04518173529412,-13.11305044117654,-28.625113970588238,-80.6673491764706,-15.848963147058896,-14.79077955882353,-112.02174185294119,3.0192952352941234,-48.25044764705883,-127.15577326470589,16.238914058823468,-38.90879176470588,-29.071197558823528,0.6390004117646413,-44.52259105882353,-69.43243161764707,1.0470437647058475,-61.97539302941177,-99.86248429411765,25.70793058823523,8.397308e-05,-0.00037520356,-0.00014683466,-16.945847,-21.7605,-22.118126,1.3967739,-48.244644,-20.40968,-19.717527,-71.30947,-29.446209,-4.7284904,-96.22746,-19.641806,-27.86185,-116.20223,-23.886377,-39.853092,-27.682323,-4.517839,-42.18934,-65.907364,-11.805246,-50.479137,-105.05982,-5.530316
0.0,0.0,0.0,-21.230100647058833,-25.653794352941173,-20.260032205882283,-2.9638227647058883,-57.05570120588236,-12.415321764705823,-30.11821141176471,-81.96363397058823,-14.22268947058825,-16.24103564705883,-113.08162099999998,7.05209970588237,-51.03280061764706,-126.5349844117647,22.104463588235376,-39.654398529411765,-29.14084026470588,0.5613322352941736,-45.65407805882353,-69.53503370588234,2.35864082352947,-63.601097205882354,-97.92377144117647,29.349460323529513,7.872215e-05,-0.00032276305,-0.00013663746,-17.067284,-21.861265,-22.388134,1.5356559,-48.505806,-20.459217,-19.913046,-71.77069,-29.554356,-4.8052855,-96.86828,-19.228277,-28.403755,-116.92916,-23.315287,-40.04934,-27.820374,-4.735972,-42.41936,-66.07732,-11.89661,-50.973743,-105.17341,-5.072981
0.0,0.0,0.0,-21.467448588235285,-25.80406011764706,-20.20793955882351,-3.095014647058811,-57.42305588235294,-12.041044352941128,-30.623519882352934,-82.39382144117647,-13.542064911764669,-16.73873555882352,-113.34284561764707,8.619843411764748,-51.94031326470588,-126.18210317647059,24.23184202941178,-39.861352088235286,-29.12531605882353,0.7134489705882743,-46.04364826470587,-69.5427325,2.9599429705882585,-64.12151594117647,-97.21787855882353,30.746932088235326,-0.00011185571,-0.00010642008,-0.00015718817,-18.207422,-22.878216,-22.853006,1.469972,-50.592674,-19.600662,-22.166737,-74.93872,-27.500349,-6.412257,-100.376366,-13.9991665,-32.532745,-120.2929,-15.80432,-41.028015,-28.448614,-4.3779373,-44.036564,-67.00281,-9.615844,-53.89343,-104.85753,1.434244
0.0,0.0,0.0,-21.657744411764703,-25.852293970588235,-20.371554411764578,-3.1178482941176426,-57.588204352941176,-12.051523705882289,-30.90280270588235,-82.67837494117647,-13.387427970588135,-16.930455294117642,-113.54639317647057,9.268473882353021,-52.45503355882353,-126.06194320588234,25.3053327352942,-40.030747794117644,-29.16455688235294,0.6688670588235937,-46.26223435294118,-69.59689294117646,3.021002294117693,-64.39613864705882,-96.83556558823528,31.302080764705977,1.0338757e-05,-0.00028103814,-0.00014132466,-17.343063,-22.038414,-22.28526,1.3589466,-48.85731,-20.24347,-20.422136,-72.28065,-28.947048,-5.20753,-97.40059,-18.233778,-29.142221,-117.432236,-21.796745,-40.19918,-27.88631,-4.396735,-42.72619,-66.215416,-11.166071,-51.441402,-105.13079,-3.602478
0.0,0.0,0.0,-22.162558562499996,-26.06160753125,-21.000918499999955,-3.2561032499999953,-58.03202196875,-11.800021249999986,-31.569162125,-83.23766703125,-12.741625031249953,-17.51813134375,-113.862685,11.045136312500063,-53.633753625,-125.55519821875,27.814511187500102,-40.361736968749995,-29.185480156249998,0.7330150312500905,-46.76422571875,-69.6249875625,3.4283904062500596,-65.053443125,-95.8714335,32.815547781250075,-0.00012169762,-0.00012207426,-0.00014029554,-18.11016,-22.69504,-22.62352,1.3642297,-50.209957,-19.715605,-21.864656,-74.360466,-27.679703,-6.160889,-99.742,-14.887291,-31.777777,-119.731316,-16.982515,-40.86805,-28.327818,-4.187498,-43.771915,-66.84547,-9.729867,-53.314,-105.010315,0.6013087
0.0,0.0,0.0,-22.332686117647064,-26.204577617647058,-21.0164687941176,-3.379154911764708,-58.28533235294117,-11.49439905882349,-31.961661382352947,-83.52981814705882,-12.169438147058827,-17.930976941176475,-113.96112676470588,12.164048088235347,-54.26990320588236,-125.16020652941177,29.385477411764725,-40.515421176470596,-29.17881026470588,0.8232475882352901,-47.05644035294118,-69.61425982352941,4.002074264705925,-65.42039705882354,-95.27905085294118,33.80461199999996,5.116369e-05,-0.0003182807,-0.00014996379,-17.282074,-21.957376,-22.204235,1.3136435,-48.692245,-20.29877,-20.305569,-72.0209,-29.047707,-5.142426,-97.09727,-18.618162,-28.872614,-117.1254,-22.315567,-40.11661,-27.82297,-4.34633,-42.620262,-66.13116,-11.254189,-51.22764,-105.12578,-4.0201297
0.0,0.0,0.0,-22.425756911764715,-26.205392970588235,-21.086419529411785,-3.3406384705882317,-58.37307417647058,-11.503435029411776,-32.089761764705884,-83.66748344117647,-12.182647000000031,-17.974732794117642,-114.09045482352941,12.468093794117635,-54.53029329411765,-125.0984210882353,29.839528705882344,-40.61461208823529,-29.207400617647057,0.745767941176382,-47.15371614705882,-69.66703526470587,3.9649423823529446,-65.5442795882353,-95.1035481764706,33.98976682352941,6.331199e-05,-0.0003905197,-0.0001560588,-17.255049,-21.8328,-21.81623,1.0500612,-48.40578,-20.195028,-20.259947,-71.492455,-28.78831,-5.1846085,-96.364105,-18.977493,-28.43366,-116.27594,-22.768362,-39.931973,-27.630157,-3.9312918,-42.451447,-65.89993,-10.936434,-50.757076,-104.953,-4.2695684
0.0,0.0,0.0,-22.556428499999996,-26.319659352941176,-21.036874264705887,-3.4641198529411668,-58.64370935294117,-11.249815147058769,-32.44317226470588,-83.94371205882354,-11.605796382352878,-18.342708088235284,-114.156536,13.503226823529417,-55.090829823529404,-124.7009277352941,31.22809926470586,-40.73536452941176,-29.206061264705884,0.8437034117646931,-47.38428005882352,-69.62167494117647,4.289688941176507,-65.86731223529411,-94.55579870588235,34.90424661764712,0.00017673976,-0.00050185085,-0.00015783131,-16.782257,-21.465216,-21.807283,1.2143204,-47.647305,-20.56199,-19.36029,-70.346085,-29.72749,-4.494743,-95.06709,-20.925348,-26.913605,-114.97355,-25.623894,-39.579807,-27.44266,-4.2833967,-41.821125,-65.563614,-12.033991,-49.66429,-104.937126,-6.9262257
0.0,0.0,0.0,-22.531146411764702,-26.317159794117646,-21.008269264705916,-3.4616395294117623,-58.57416647058824,-11.23808720588238,-32.36417285294118,-83.8360805,-11.6687045882353,-18.24397158823529,-114.07227564705882,13.291841647058845,-54.895774323529416,-124.77451364705882,30.841552852941163,-40.68107770588236,-29.195665647058824,0.8887429411764742,-47.327928529411764,-69.60253402941176,4.313921882352986,-65.7666165,-94.6837095882353,34.706929029411754,0.00012985509,-0.00046123975,-0.00017576867,-16.988083,-21.736366,-21.681097,1.0776532,-48.11346,-20.236725,-19.818476,-71.047005,-28.953259,-4.9198856,-95.7693,-19.627731,-27.683117,-115.68788,-23.74133,-39.69644,-27.553656,-3.953232,-42.115105,-65.80014,-11.189255,-50.206985,-104.97875,-5.170774
0.0,0.0,0.0,-21.669477937499998,-25.693832125,-20.806450874999996,-2.8619324999999947,-57.306939,-12.371694750000017,-30.52876109375,-82.44254140625,-14.196555218750007,-16.22774315625,-113.36063740624999,8.085478781250004,-51.6641450625,-126.5054194375,23.64787387499996,-40.01043225,-29.206560375,0.3416137500000218,-45.99747503125,-69.6927085,2.347273874999985,-63.9292009375,-97.55147853125001,30.18855000000002,0.00016828888,-0.00053420255,-0.00018011176,-16.792057,-21.600323,-21.510345,1.0378659,-47.780426,-20.269413,-19.468023,-70.51072,-29.085878,-4.7008214,-95.07101,-20.303371,-26.97751,-114.95168,-24.73004,-39.489685,-27.429321,-3.9012976,-41.81821,-65.625145,-11.376392,-49.640995,-104.9147,-6.0500174
0.0,0.0,0.0,-20.626146843749993,-25.15550546875,-20.470339749999994,-2.2893491562499975,-56.024575625,-13.201617125000041,-28.51836315625,-80.946870625,-16.261426781250066,-14.09587775,-112.13460790625001,3.204237937499954,-47.9154653125,-127.59737046875,16.645395312499943,-39.166067874999996,-29.169329375,0.22772112499995956,-44.52495996875,-69.68981478125,0.6649961874999235,-61.76713153125,-100.15279575,25.718722468749945,0.00017553271,-0.00044877714,-0.00012525803,-16.377584,-21.581442,-22.400204,1.9887879,-47.7511,-20.737103,-18.581654,-70.701965,-30.476034,-3.6431775,-95.56086,-21.087149,-26.262882,-115.69359,-26.172293,-39.552223,-27.774845,-5.240715,-41.458984,-65.895905,-13.112452,-49.40839,-105.33475,-7.869678
0.0,0.0,0.0,-18.178688823529413,-23.930773000000002,-19.673899058823565,-1.1283452352941268,-53.01682620588235,-14.63782897058826,-24.024065411764713,-76.96036364705884,-20.41383347058826,-9.487883735294126,-107.80030067647058,-7.448010470588258,-39.026707117647064,-127.05073664705881,0.28760947058816555,-37.16890938235294,-28.910608117647058,-0.1777217352940852,-41.089843529411766,-69.17648482352942,-2.9390985294117513,-56.35461064705883,-104.55462123529412,14.727784176470607,-0.0004008776,0.00021225406,-0.000125237,-18.773813,-23.055754,-24.024193,1.3423777,-51.947033,-19.43148,-24.355278,-76.35349,-27.643084,-8.836122,-102.4459,-11.424033,-37.233147,-121.39487,-12.85525,-42.01126,-28.158386,-5.7118883,-46.01032,-66.70984,-10.161286,-57.78505,-103.36729,2.9605055
0.0,0.0,0.0,-17.537290625000004,-23.529586375,-19.52691649999997,-0.7209499062500058,-52.116146093750004,-15.058174156250061,-22.830170625000004,-75.73237103125,-21.77474481249999,-8.156204781250004,-106.3476928125,-10.450836125000023,-36.5656820625,-126.29134596875,-4.4114760625000145,-36.646060437500005,-28.851884124999998,-0.41621678125000017,-40.116715750000004,-68.99716196874999,-4.146995406250028,-54.752727687500006,-105.43300568749999,11.30441103124997,-0.0005145624,0.00029316303,-0.00010134079,-19.034454,-23.049824,-24.256552,1.2224674,-52.25959,-19.358866,-25.066105,-76.63908,-27.603567,-9.519819,-102.90821,-10.756081,-38.53938,-121.593575,-12.025696,-42.313282,-28.030773,-5.8956075,-46.583065,-66.564316,-10.132158,-58.794247,-102.941124,3.531705
0.0,0.0,0.0,-17.094322187499998,-23.3686049375,-19.308903781249967,-0.5908409687500011,-51.59251734375,-15.120466249999993,-22.073802843750002,-74.91628725,-22.16506396875002,-7.453338687499993,-105.19986884375,-12.03120043749999,-34.93122521875,-125.4320589375,-7.112577562500007,-36.250282125,-28.74061175,-0.3477603125000428,-39.500889625,-68.7864749375,-4.529761375000021,-53.70262378125,-105.79682484375,9.355194999999924,-0.00064412155,0.00037288552,-0.000115450996,-19.713486,-23.3283,-24.608196,1.1797009,-53.223427,-18.95729,-26.608063,-77.733826,-26.849194,-10.699904,-104.22245,-8.262994,-41.256245,-122.12481,-8.609916,-42.86579,-28.130127,-5.9264507,-47.57001,-66.60089,-9.386302,-60.490295,-101.87546,5.990981
0.0,0.0,0.0,-16.365235187500005,-22.974598593750002,-18.963729875000013,-0.35546868750000016,-50.600197406250004,-15.828433093749993,-20.767671781250005,-73.5007005,-23.271761968749956,-6.079957562500006,-103.2149593125,-15.072074031249997,-32.1437675,-123.86411615625,-12.053031093750008,-35.62558590625,-28.648191937500002,-0.4763260312499824,-38.4478384375,-68.44742246875,-5.693836250000004,-51.83044575,-106.36207890625,5.596438468749966,-0.00045110282,0.0002520415,-0.0001833577,-19.338694,-23.523594,-24.158325,1.3526862,-52.940327,-18.960918,-25.537786,-77.73849,-26.55255,-9.659215,-103.902664,-8.789896,-39.325394,-122.44626,-9.0578985,-42.37763,-28.463242,-5.425823,-46.69661,-67.082756,-8.983182,-59.015053,-102.815155,6.0040436
0.0,0.0,0.0,-16.3043509117647,-22.867023323529413,-19.002068852941136,-0.2588938823529361,-50.45304561764706,-16.012679970588238,-20.612198117647054,-73.32031114705882,-23.607489970588233,-5.869106176470588,-103.03566805882352,-15.602050764705837,-31.84668479411764,-123.77671079411765,-12.688203676470607,-35.565466058823525,-28.679814500000003,-0.5768459411764866,-38.29140344117646,-68.44139167647059,-5.937929764705871,-51.598520058823524,-106.43693770588234,5.050395352941166,-0.0002798839,0.00011121218,-0.000167662,-18.579798,-23.100126,-23.679705,1.4717236,-51.574192,-19.48304,-23.545092,-76.16014,-27.547243,-7.8822074,-102.010506,-12.099594,-35.60406,-121.50914,-13.51456,-41.68587,-28.376465,-5.2600536,-45.31985,-66.992424,-9.877934,-56.48003,-104.09649,2.8214388
0.0,0.0,0.0,-16.469361281249995,-23.101320875,-18.888571749999983,-0.5092520937499927,-50.86173746875,-15.611831625000036,-21.104803249999996,-73.81211996875001,-22.913701093749978,-6.541363718749992,-103.608732,-14.377685499999984,-32.78958528125,-124.13103771874998,-10.851291625000044,-35.73547275,-28.634462406249998,-0.3187350625000249,-38.72327246875,-68.48640790625001,-5.366266249999967,-52.298491,-106.18499793749999,6.54117690625003,-0.00040809982,0.00021726321,-0.000124147,-18.670465,-22.947702,-23.977306,1.3475976,-51.698322,-19.547184,-24.053583,-76.08948,-27.90259,-8.563078,-102.172066,-12.063591,-36.686302,-121.3736,-13.727137,-41.93261,-28.110044,-5.7028832,-45.838116,-66.68,-10.355188,-57.47019,-103.662544,2.3974972
0.0,0.0,0.0,-16.506210062500003,-22.99490653125,-19.034583187500004,-0.3810282812499963,-50.71594215625,-15.907291437499964,-20.990558781249995,-73.71006474999999,-23.228872343750027,-6.318782218750002,-103.59954790625001,-14.790021968750068,-32.67715246875,-124.21229578124999,-11.347662000000014,-35.742742218749996,-28.6921363125,-0.46927078125003163,-38.634515343749996,-68.50953665624999,-5.7001781875000574,-52.174944624999995,-106.26870321875,6.061875281249968,-8.40008e-05,-8.910085e-05,-0.00019724351,-18.61678,-23.29532,-23.162733,1.5278174,-51.462437,-19.290913,-23.081263,-76.260605,-26.811663,-7.0710483,-101.811424,-11.873242,-34.31079,-121.62825,-12.785628,-41.404896,-28.700935,-4.4179153,-44.698296,-67.36817,-8.893097,-55.145515,-104.58417,3.8744745
0.0,0.0,0.0,-16.931376375000006,-23.293347875,-19.22747903124997,-0.6060975000000042,-51.3670665625,-15.333231062499976,-21.817758281250008,-74.58402290625,-22.336786281249942,-7.297808031250007,-104.78828178124999,-12.744313312500026,-34.44615100000001,-125.04220531249999,-8.211359906249982,-36.08047659375001,-28.711557374999998,-0.3112079687499545,-39.273349968750004,-68.67333996874999,-4.7086305312499235,-53.37443987500001,-105.85189440625001,8.533871656249971,-0.00010798691,-0.00016255127,-0.00013709535,-18.247185,-22.509218,-22.167126,1.0527105,-49.840454,-19.737778,-21.870668,-73.78515,-27.52272,-6.066023,-99.1048,-15.574948,-31.210028,-119.186935,-17.721441,-40.754417,-28.179815,-3.5572472,-43.618603,-66.67228,-9.307887,-52.750202,-105.19081,0.42180434
0.0,0.0,0.0,-16.96980355882352,-23.352585294117645,-19.21084602941187,-0.6245419411764672,-51.478285,-15.17241270588238,-21.925229794117644,-74.72636582352942,-22.12517044117652,-7.441345205882357,-104.93004294117648,-12.394779764705845,-34.66153508823528,-125.14546623529412,-7.673636852941229,-36.12597938235294,-28.70753905882353,-0.28174364705887456,-39.37197052941176,-68.70067611764705,-4.545674000000076,-53.522283970588234,-105.78739944117649,8.959355117646965,-3.2828248e-05,-0.0002956693,-0.00013813566,-17.76059,-22.117203,-21.775766,0.905499,-49.00194,-19.914955,-21.036743,-72.415085,-28.008003,-5.631277,-97.466415,-17.464836,-29.572159,-117.48652,-20.474522,-40.27463,-27.828379,-3.4948971,-42.96206,-66.21448,-9.915767,-51.533047,-105.14571,-1.9564983
0.0,0.0,0.0,-16.970498031249996,-23.343166875,-19.220690624999975,-0.6081584687499983,-51.4715795625,-15.177763999999911,-21.912726812499997,-74.72701128125,-22.16342553124997,-7.413092718750001,-104.9381533125,-12.412560593749959,-34.647901125,-125.17296484375001,-7.692044281249991,-36.13267703125,-28.711605093750002,-0.298516437499984,-39.36648228125,-68.70637896875,-4.575825781249932,-53.5103383125,-105.79956528125,8.941183843749968,-9.28075e-05,-0.0001992037,-0.00013317785,-18.25657,-22.374748,-21.964706,0.8898747,-49.60019,-19.775045,-21.827772,-73.374176,-27.539816,-6.044999,-98.64296,-16.06471,-30.887043,-118.70706,-18.33894,-40.66884,-28.054993,-3.323345,-43.519043,-66.51321,-9.23997,-52.442696,-105.17737,0.043230914
0.0,0.0,0.0,-16.972300281249993,-23.3105718125,-19.246220499999936,-0.5724029374999944,-51.451690625,-15.20653912499995,-21.88891178125,-74.72936684375,-22.237269343749972,-7.351819249999998,-104.96234578125001,-12.448898218749946,-34.6292516875,-125.23829240625,-7.719694968749991,-36.14507334375,-28.71653546875,-0.3284929687499698,-39.35443765625,-68.71596778125,-4.6336851249999995,-53.49573046875,-105.82260959375,8.898757000000046,0.00016220164,-0.00053668,-0.00015556037,-16.887606,-21.528553,-21.46556,0.9148786,-47.720104,-20.295628,-19.608978,-70.375114,-29.102207,-4.8247976,-94.96949,-20.442904,-27.09387,-114.82737,-24.89568,-39.543056,-27.346523,-3.8197367,-41.913002,-65.51861,-11.340017,-49.716534,-104.865,-6.107045
0.0,0.0,0.0,-17.237639735294117,-23.462592882352943,-19.332693647058875,-0.6705537352941136,-51.85642461764706,-14.969198000000006,-22.416936588235295,-75.3214388235294,-21.800292176470634,-7.896599382352939,-105.78234211764706,-11.118939617647072,-35.77874494117647,-125.83798811764706,-5.5544767058824505,-36.389269735294114,-28.78211155882353,-0.30103164705889185,-39.78672432352941,-68.86390914705882,-4.210988676470663,-54.24126520588235,-105.53174652941178,10.489824117647004,6.885949e-05,-0.00030489435,-0.00013131494,-16.930595,-21.959364,-22.53417,1.7404227,-48.61505,-20.436954,-19.68995,-71.99605,-29.618004,-4.6150126,-97.09508,-19.042057,-28.265821,-117.23572,-23.157719,-40.031425,-27.936525,-4.978529,-42.3238,-66.22389,-12.079019,-50.946056,-105.29191,-5.078514
0.0,0.0,0.0,-17.843833187499996,-23.972761625,-19.283240218750052,-1.2130222499999945,-52.92794559375,-14.407583187500052,-23.775857,-76.74744546875,-20.039792968749964,-9.50652515625,-107.439397375,-7.4430655937500205,-38.5675595,-126.69206121875,0.038353062499993484,-36.9422704375,-28.8066754375,0.03686337499999581,-40.89581828125,-69.03129475,-2.6386296874999857,-56.0993136875,-104.51348565625,14.689096500000005,0.00024904343,-0.00065528264,-0.00016434201,-16.267897,-21.214092,-21.58123,1.2306042,-47.015663,-20.658749,-18.58124,-69.3314,-30.076178,-4.0641837,-93.67852,-22.199387,-25.553194,-113.40361,-27.534649,-39.116955,-27.198214,-4.410258,-41.19159,-65.205826,-12.622979,-48.584274,-104.62244,-8.862516
0.0,0.0,0.0,-18.672970176470592,-24.40877638235294,-19.607101382352994,-1.6295184411764723,-54.009977558823536,-13.999774676470565,-25.303451823529418,-78.28535085294118,-18.614751529411762,-11.118457823529418,-109.25491314705882,-3.719887999999969,-41.74765067647059,-127.46264214705882,6.004912470588238,-37.68019105882353,-28.897949911764705,0.05463726470588881,-42.121786441176475,-69.29868044117647,-1.3799294411765004,-58.096536235294124,-103.22862802941178,18.822626499999956,-7.129308e-05,-0.00013055053,-0.00016866204,-18.578857,-23.106087,-22.980705,1.4893372,-51.07619,-19.381802,-22.8134,-75.6877,-27.013012,-6.74091,-101.1862,-12.68627,-33.596943,-121.04185,-13.887392,-41.29598,-28.611652,-4.2297,-44.44585,-67.20142,-9.006745,-54.550488,-104.676216,3.0881624
0.0,0.0,0.0,-18.9347865625,-24.50669175,-19.686412750000045,-1.7080860000000015,-54.321092343749996,-13.891253500000062,-25.76995190625,-78.765129,-18.21639643750001,-11.571216437499999,-109.83157096875,-2.600521125,-42.76185728125,-127.65466975,7.74733059374995,-37.91720428125,-28.9457556875,0.030868562500018015,-42.49558396875,-69.39498025,-1.0557175625000355,-58.702712375,-102.80449153125001,19.976042718749966,-9.602783e-05,-7.469792e-05,-0.00021014769,-18.886326,-23.569958,-23.417673,1.6434655,-52.044727,-19.001993,-23.753798,-77.0649,-26.33367,-7.547608,-102.61227,-10.288252,-35.648,-122.115364,-10.661058,-41.665894,-28.86388,-4.520471,-45.14901,-67.52221,-8.475653,-56.00271,-104.07621,5.371687
0.0,0.0,0.0,-19.262985882352943,-24.69745644117647,-19.86149252941169,-1.873822058823528,-54.74704129411765,-13.608557352941204,-26.375124441176474,-79.30930285294117,-17.61720014705884,-12.190687500000003,-110.38208238235293,-1.0225955882352764,-43.916452529411764,-127.71006794117648,10.153698176470641,-38.16133844117647,-28.979115735294116,0.1462186470588449,-42.94502844117647,-69.46570023529412,-0.48901379411756807,-59.41265811764706,-102.18209211764704,21.593073029411755,-5.501697e-05,-0.0002684455,-8.991195e-05,-16.522125,-21.736065,-22.695118,1.6685662,-48.34962,-20.48367,-19.42233,-71.37708,-30.062098,-4.916671,-96.35148,-19.652395,-28.223515,-116.113014,-24.420465,-39.910965,-27.521883,-5.66601,-42.32563,-65.71087,-13.004403,-51.124615,-104.6128,-6.7793603
0.0,0.0,0.0,-19.54410525,-24.829239156249997,-20.061360437500014,-1.9892942500000004,-55.0571123125,-13.405809312499969,-26.825197374999995,-79.71713265625,-17.149071687500054,-12.647020374999997,-110.79527328125,0.1488818749999723,-44.80172890624999,-127.72979453125,11.910940031249993,-38.350313031249996,-28.9980018125,0.24666596874999414,-43.29769681249999,-69.5167698125,-0.10433190625002453,-59.9401935625,-101.71170040625,22.78920368749999,9.4438816e-05,-0.0004046439,-0.00011880805,-16.698603,-21.584612,-22.249363,1.5315138,-47.92793,-20.608679,-19.29749,-70.81068,-30.008219,-4.431212,-95.68898,-20.522333,-27.272657,-115.61045,-25.259455,-39.74096,-27.579573,-4.9006066,-41.951767,-65.71568,-12.533528,-50.105385,-104.959595,-6.9380426
0.0,0.0,0.0,-19.921130794117644,-25.048683029411762,-20.02759426470584,-2.1734450882352903,-55.58056423529412,-13.092185441176468,-27.577303088235283,-80.41488926470589,-16.323303264705885,-13.405206147058813,-111.45578502941174,2.1252324117647277,-46.274370294117645,-127.64808467647059,14.87535544117651,-38.692321941176466,-29.049547852941174,0.40638467647056586,-43.881780794117645,-69.58741958823529,0.6072172058823639,-60.81507152941176,-100.85138185294117,24.79812085294128,0.0009505637,-0.0018583713,-0.00012378607,-12.48313,-20.14171,-21.038952,2.28868,-44.089016,-21.21579,-13.192751,-64.42896,-32.25555,-0.9227832,-86.61229,-28.274637,-17.1666,-104.83535,-37.199833,-36.225296,-26.075148,-6.793768,-37.07847,-63.486713,-17.308409,-42.10628,-102.35651,-20.47411
0.0,0.0,0.0,-20.046439468750002,-25.0516615,-20.17740418750003,-2.1764824062500097,-55.67550984375001,-13.197286468750008,-27.738421125000002,-80.57318321875,-16.444753593750022,-13.507157749999998,-111.65363690625,2.3295115937499986,-46.59899175,-127.71148628125002,15.324882499999944,-38.810757281250005,-29.095557156250003,0.25412181249998866,-44.002008625,-69.64656040625,0.5081367812499593,-60.994264625,-100.71427925,24.972377812499985,0.0009095934,-0.0017847115,-0.00012374007,-12.622709,-20.216417,-21.08181,2.2415497,-44.255993,-21.171494,-13.399461,-64.70709,-32.14449,-1.0907849,-87.00529,-27.952614,-17.56076,-105.33428,-36.722317,-36.36673,-26.135424,-6.729566,-37.276886,-63.591805,-17.114716,-42.458527,-102.5179,-19.916004
0.0,0.0,0.0,-20.206699176470593,-25.19232152941176,-20.08342873529415,-2.316560029411761,-55.97518208823529,-12.890204852941224,-28.141552235294117,-80.90577761764706,-15.744476294117703,-13.972198058823523,-111.8949764117647,3.621348676470575,-47.35073388235294,-127.50859273529412,17.08607311764706,-38.94997432352941,-29.066913823529408,0.41575988235297245,-44.29788676470588,-69.6135254117647,1.0031505588235063,-61.462358617647055,-100.15100597058824,26.158247999999958,0.0011468739,-0.0022249792,-0.0001334621,-11.758184,-19.807043,-20.833456,2.5992546,-43.2737,-21.449068,-11.992243,-63.129936,-32.79495,0.13332385,-84.78081,-29.888304,-14.917084,-102.63355,-39.513756,-35.51172,-25.869165,-7.115766,-35.963467,-63.081547,-18.24885,-40.111553,-101.81135,-23.109055
0.0,0.0,0.0,-20.475647970588234,-25.252710941176474,-20.17411879411759,-2.375322441176472,-56.246001735294115,-12.840520500000025,-28.607168647058824,-81.30254305882353,-15.551408794117606,-14.343291147058828,-112.30230844117649,4.58381926470588,-48.25176964705882,-127.47958226470587,18.62323544117652,-39.23176544117648,-29.140713411764708,0.25708288235296095,-44.66611358823529,-69.70652476470589,1.2425537941176117,-61.964536941176476,-99.67105035294118,27.01758173529413,0.0010130922,-0.0019594987,-0.00012908003,-12.255793,-20.077322,-20.969912,2.3557155,-43.904995,-21.232927,-12.854243,-64.12064,-32.33473,-0.68953615,-86.154564,-28.613943,-16.586285,-104.281075,-37.725483,-36.028473,-26.009096,-6.894672,-36.793285,-63.38425,-17.53448,-41.62668,-102.21541,-21.119854
0.0,0.0,0.0,-20.615650406249998,-25.38829484375,-20.210618875000023,-2.5210605312500007,-56.4754690625,-12.575047375000054,-28.948050343750005,-81.5505805,-15.03040496875002,-14.742135750000003,-112.45010471875,5.564469406249998,-48.81365125,-127.23587846875,19.9396363125,-39.392386593750004,-29.12894534375,0.1693850312499876,-44.90715515625,-69.657097875,1.6187267500000075,-62.338478625,-99.21248846875,27.91425515625002,0.00064982567,-0.0013629507,-3.0876323e-05,-13.441638,-20.463495,-22.099224,2.8964465,-45.162292,-21.29377,-14.139524,-66.293755,-32.68624,-0.84261066,-89.63705,-26.597439,-19.248264,-108.65309,-35.00304,-37.41404,-26.761086,-7.4014597,-38.178238,-64.264496,-17.413588,-44.068012,-103.5672,-18.123068
0.0,0.0,0.0,-20.66158200000001,-25.33796117647059,-20.295103235294164,-2.443473117647059,-56.4356295,-12.68894335294118,-28.923964441176476,-81.55971497058823,-15.282626911764737,-14.649602000000002,-112.53770611764705,5.404847970588321,-48.834499176470594,-127.34498482352943,19.814920647058784,-39.426369176470594,-29.17161238235294,0.09140185294120329,-44.90526938235295,-69.71599355882354,1.4659279705882113,-62.31804405882353,-99.28364341176471,27.78118988235292,0.0002077618,-0.0005698914,-3.8635615e-05,-15.579994,-21.210419,-23.13986,3.118205,-47.019035,-21.104809,-16.86614,-69.61638,-32.305656,-1.8252159,-94.41031,-23.048508,-23.962494,-114.59603,-29.84942,-39.249836,-27.860996,-6.809153,-40.4364,-65.6545,-15.615724,-47.904015,-105.25305,-12.0294485
0.0,0.0,0.0,-21.0235411875,-25.54555578125,-20.62798509375,-2.5639751562500024,-56.8569065,-12.394044968749995,-29.472695875000003,-82.0967051875,-14.567075750000015,-15.183112999999999,-112.91532478124999,7.063614687499978,-49.875383625000005,-127.05456840625,22.205340374999935,-39.6551315625,-29.17631615625,0.19613556249998965,-45.32664009375,-69.762378625,2.0025910624999597,-62.91764671875,-98.50798590625,29.30648400000001,0.00020721962,-0.00052799867,-8.525593e-05,-15.821281,-21.36971,-22.934507,2.6419926,-47.374836,-20.971018,-17.558304,-70.109406,-31.639803,-2.7325668,-94.95902,-22.225521,-25.090054,-115.071365,-28.387775,-39.388557,-27.768944,-6.3514338,-40.933594,-65.71568,-14.768132,-48.753727,-105.213715,-10.483256
0.0,0.0,0.0,-21.258940823529407,-25.699065911764706,-20.636129029411734,-2.731139588235301,-57.19960535294118,-11.986188911764714,-29.991618735294118,-82.51584967647058,-13.828917499999989,-15.722125294117646,-113.14047241176472,8.602584029411787,-50.80531714705882,-126.66411961764706,24.298547264705917,-39.841768882352945,-29.130532117647057,0.3663735588235113,-45.695718529411764,-69.73883332352942,2.657934852941196,-63.45255967647059,-97.73698891176471,30.706483794117673,0.00018679845,-0.00043916932,-0.00010133913,-16.356476,-21.517159,-22.98228,2.3669918,-47.797462,-20.974531,-18.477964,-70.81002,-31.282284,-3.423093,-95.90415,-21.358013,-26.513409,-116.085655,-26.84502,-39.7578,-27.86075,-5.981712,-41.5864,-65.90102,-14.053504,-49.794064,-105.311226,-8.762225
0.0,0.0,0.0,-21.446848437499995,-25.75672203125,-20.70840362499996,-2.7949293749999953,-57.392122218749996,-12.006800624999983,-30.315178749999998,-82.76303862500001,-13.61427403124992,-16.009749687499998,-113.35426209375001,9.306178968750032,-51.4009054375,-126.49244121875,25.352896718750003,-40.00080146875,-29.156336125,0.340789749999999,-45.9291165625,-69.77412378125,2.8012380625000333,-63.77270209375,-97.3329324375,31.30974390624999,0.00021902996,-0.00052361214,-6.581664e-05,-15.745016,-21.489948,-23.077843,2.9038165,-47.565567,-20.912169,-17.394463,-70.45609,-31.651497,-2.4950244,-95.38026,-21.868395,-25.014664,-115.60297,-28.024872,-39.404312,-27.927256,-6.564502,-40.865612,-65.92479,-14.874532,-48.78118,-105.44872,-10.285742
0.0,0.0,0.0,-21.309964735294116,-25.82320932352941,-20.432762588235278,-2.9045567647058803,-57.311105088235294,-11.794063735294117,-30.222955205882347,-82.48619394117647,-13.416707441176413,-16.06851526470588,-113.04233620588235,8.94528020588234,-51.061178999999996,-126.38170338235294,24.598962264705904,-39.84596470588235,-29.083783411764703,0.5254786764705841,-45.83846132352941,-69.6259593235294,3.023174529411847,-63.63736261764706,-97.49238297058824,31.041461911764713,0.00019759289,-0.00049109454,-9.450782e-05,-15.82548,-21.565493,-22.855839,2.6423094,-47.64554,-20.8173,-17.635033,-70.58561,-31.228262,-2.841448,-95.43694,-21.561558,-25.299465,-115.65463,-27.383928,-39.38693,-27.89269,-6.2018037,-40.982033,-65.96016,-14.334596,-48.936546,-105.4479,-9.528223
0.0,0.0,0.0,-18.488673562499997,-24.0774750625,-19.800621093749953,-1.2517860312500062,-53.41092559375,-14.51007656249999,-24.550644968750003,-77.5703486875,-19.873551406249987,-9.948477656250006,-108.49858415625,-5.884280093749965,-40.10658053125,-127.43856487499998,2.6829290000000583,-37.46985128125,-28.92847040625,-0.16894909375002953,-41.52208490625,-69.294156125,-2.4307099999999764,-57.0368016875,-104.135633875,16.386798812500047,4.8081187e-05,-0.0003143231,-0.00012493253,-16.916151,-21.802988,-22.457188,1.560955,-48.410046,-20.496367,-19.752975,-71.59479,-29.744131,-4.8047566,-96.65329,-19.482134,-28.281757,-116.65421,-23.790693,-39.995914,-27.731684,-4.967947,-42.366486,-65.96475,-12.222834,-50.951916,-105.047035,-5.6465135
0.0,0.0,0.0,-17.1392310882353,-23.28812541176471,-19.395150735294123,-0.5553949705882388,-51.547263441176476,-15.422629911764773,-22.061694588235294,-74.94049458823531,-22.414384823529474,-7.307243970588239,-105.24368044117647,-12.127624676470646,-34.92569620588235,-125.55218820588236,-7.086309235294152,-36.32327564705882,-28.784472558823534,-0.5162462352941475,-39.51967923529412,-68.81404644117647,-4.77402097058831,-53.66530955882353,-105.81528226470589,9.269978147058794,2.237031e-05,-0.0002968672,-0.00012936072,-17.171818,-21.913654,-22.348574,1.3896589,-48.64592,-20.355064,-20.185535,-71.94026,-29.292906,-5.1224127,-97.03095,-18.803581,-28.854137,-117.02743,-22.70312,-40.120388,-27.772877,-4.6361637,-42.61646,-66.0564,-11.622767,-51.300934,-105.03902,-4.5180697
0.0,0.0,0.0,-16.119493500000004,-22.6822566875,-19.150626124999974,-0.12076959375000484,-50.04404578125,-16.312931968749922,-20.15517884375,-72.72154287500001,-24.325959093749987,-5.271555562500005,-102.2210810625,-16.943585562500004,-30.786608468750003,-123.1044088125,-14.773471749999942,-35.3822905,-28.66950340625,-0.749432562499976,-37.9033931875,-68.33049021875,-6.599858343749986,-50.85906000000001,-106.619518,3.336519312500002,9.747717e-06,-0.00030512267,-0.00013262371,-17.279469,-21.93167,-22.208004,1.2691841,-48.675083,-20.267933,-20.350273,-71.95611,-29.03431,-5.2323546,-97.008644,-18.59628,-28.957943,-116.968666,-22.338963,-40.12843,-27.754768,-4.388484,-42.6658,-66.044624,-11.284318,-51.294342,-104.99283,-4.0920663
0.0,0.0,0.0,-14.142567187500006,-21.757000374999997,-18.239997906249982,0.42234415624999144,-47.302695656249995,-17.080374749999976,-16.7714593125,-68.13384537499999,-26.459840875000054,-2.1056905625000013,-94.79270703124999,-24.823428218749996,-23.148571406250007,-114.87233021875,-28.012932843750036,-33.409494593750004,-28.198464312499997,-0.7796602187499957,-34.907372,-66.87623103125,-9.321703937500047,-45.312691,-105.96118824999999,-7.966302906250007,0.000104410865,-0.0005051013,-0.00014339644,-16.299698,-21.47134,-21.93228,1.3561082,-47.56089,-20.491516,-18.846369,-70.159515,-29.89627,-4.4512734,-94.67197,-21.066523,-26.537617,-114.41465,-26.160975,-39.37152,-27.318462,-4.831369,-41.595814,-65.42609,-12.633726,-49.545547,-104.62613,-7.9076157
0.0,0.0,0.0,-13.543198470588237,-21.174306411764704,-18.21673138235292,0.8601982647058719,-46.080678382352936,-17.88321099999996,-15.450636647058829,-66.30009258823529,-27.87343997058821,-0.6566895588235369,-91.95632155882353,-28.207850823529384,-20.475335529411772,-111.62059585294118,-33.068254411764656,-32.79008564705883,-28.149498382352938,-1.1035489117646762,-33.73718641176471,-66.3288315,-11.146870382352972,-43.126990411764716,-105.31162570588235,-12.756228294117534,0.00013544605,-0.0005256515,-0.00012981678,-16.063349,-21.36142,-22.019564,1.5263482,-47.317852,-20.651897,-18.406553,-69.817795,-30.336235,-4.0861235,-94.30459,-21.773901,-25.896185,-114.08521,-27.241482,-39.24277,-27.299816,-5.1185308,-41.318993,-65.36033,-13.1948595,-49.12515,-104.693596,-8.983079
0.0,0.0,0.0,-13.343155656249998,-21.358623843749996,-17.963702218749972,0.6481853125000043,-46.132183999999995,-17.5400058125,-15.378799999999998,-66.12671125,-27.23258681249996,-0.8591872500000051,-91.32361153125001,-27.949237906249948,-20.1358006875,-110.50282196875,-33.12250903124999,-32.54036878125,-28.0207558125,-0.8124856874999296,-33.62255484375,-66.19639437499998,-10.623634374999938,-42.8989514375,-104.965287125,-12.839023624999982,0.00012677864,-0.0005160294,-0.00015513635,-16.562077,-21.50212,-21.78029,1.2141471,-47.63349,-20.443815,-19.169466,-70.28061,-29.610128,-4.561206,-94.825645,-20.801441,-26.782192,-114.60281,-25.597515,-39.45219,-27.367907,-4.4256973,-41.71806,-65.49034,-12.121117,-49.597485,-104.70109,-7.146474
0.0,0.0,0.0,-12.991995852941173,-20.91544185294118,-18.11527391176469,0.9762875294117634,-45.240804705882354,-18.23260408823529,-14.596614529411774,-64.75928400000001,-28.63734608823529,0.17663482352941173,-89.28144664705883,-30.279798588235337,-18.33669611764706,-108.06139964705883,-36.50745894117648,-32.1350205,-28.02626823529412,-1.1742786470588271,-32.80609123529412,-65.77132123529412,-12.009295176470687,-41.36811697058823,-104.30325394117646,-16.252648676470642,4.6705827e-07,-0.00035744603,-0.00013671863,-17.213074,-21.839792,-21.88419,1.1271713,-48.417885,-20.1828,-20.179543,-71.49992,-28.835443,-5.0965066,-96.369965,-18.944134,-28.355598,-116.25349,-22.789265,-39.941776,-27.642984,-4.0578704,-42.415314,-65.89622,-11.055336,-50.704094,-104.91902,-4.378348
0.0,0.0,0.0,-12.9497393125,-21.06904621875,-18.04146300000002,0.8934243437499987,-45.46797653125,-17.91741940625002,-14.66045621875,-65.04641615625,-28.160687437500087,0.016175875000001838,-89.5695770625,-29.592469250000022,-18.442157843749996,-108.37674428125,-35.669450906250006,-32.16577384375,-27.97400009375,-1.0825433750000002,-32.92394171875,-65.8550495625,-11.52765662500002,-41.51327215625,-104.45589896874999,-15.411829187500018,0.00020895261,-0.00061651773,-0.00016630565,-16.408825,-21.308475,-21.503256,1.1166215,-47.192776,-20.527958,-18.824127,-69.58395,-29.754286,-4.2835116,-93.95778,-21.719366,-25.907816,-113.715416,-26.83024,-39.203354,-27.228863,-4.207593,-41.358128,-65.286865,-12.228577,-48.843967,-104.684814,-8.119003
0.0,0.0,0.0,-13.000545812500008,-21.15831096875,-18.052106874999993,1.0048927812499997,-45.77367390625,-17.600686875000008,-14.671722124999995,-65.70787365625,-27.777955031249974,0.0977540937499981,-90.611816625,-28.446554093749967,-18.608738593749997,-110.04073903125001,-33.95164390625001,-32.42964725,-28.00932325,-1.0620546250000302,-33.12297559375,-66.15805934375,-11.066820093749982,-41.78444346875,-105.12336146875,-13.745498593750028,0.00018649423,-0.0005764031,-0.00016832622,-16.496607,-21.393526,-21.577837,1.1395044,-47.37833,-20.483368,-18.985954,-69.87801,-29.648521,-4.3881407,-94.32941,-21.329132,-26.244097,-114.11582,-26.279629,-39.302383,-27.295527,-4.2282696,-41.501575,-65.38987,-12.104265,-49.12357,-104.740814,-7.6268907
0.0,0.0,0.0,-12.978832529411768,-21.198365235294116,-18.006633999999963,1.0806441470588197,-45.98496626470588,-17.385738529411753,-14.61438441176471,-66.20171508823529,-27.34186317647061,0.17224502941176922,-91.33662326470588,-27.571461411764687,-18.736709705882355,-111.19577355882352,-32.695129323529386,-32.61093141176471,-28.042302352941178,-1.0379548235293328,-33.262787617647064,-66.32741197058824,-10.772491470588193,-41.958087,-105.55745702941176,-12.555023088235203,0.0001528287,-0.0005197126,-0.00016616064,-16.719654,-21.526161,-21.680471,1.1360626,-47.692738,-20.40347,-19.36378,-70.37596,-29.424934,-4.6190057,-94.96221,-20.621273,-26.92502,-114.78131,-25.239077,-39.501484,-27.400854,-4.1794086,-41.795067,-65.54432,-11.797632,-49.640877,-104.794754,-6.654193
0.0,0.0,0.0,-12.956609031250004,-21.246543374999998,-17.98924918749998,1.1012251874999919,-46.1774625,-17.207178124999984,-14.57004903125,-66.61261359375,-26.889244156250015,0.1718834375,-91.935968625,-26.817876843749957,-18.87492234375,-112.1074445,-31.601559718749968,-32.74858309375,-28.051126781249998,-1.040752375000011,-33.387393625,-66.48228934375,-10.470762250000007,-42.127062156250005,-105.890905125,-11.461519281249991,9.3209994e-05,-0.000433685,-0.00015486688,-16.954645,-21.700523,-21.849098,1.1794057,-48.09396,-20.315187,-19.75957,-71.020325,-29.197203,-4.8508935,-95.78774,-19.755955,-27.706078,-115.67449,-23.994125,-39.745453,-27.550512,-4.200693,-42.130203,-65.75996,-11.505061,-50.264294,-104.90636,-5.5205283
0.0,0.0,0.0,-12.93131873529412,-21.256762676470586,-18.09426332352939,1.1620216470588147,-46.27237064705882,-17.180894764705897,-14.551117794117644,-66.83710688235296,-26.975418000000047,0.275276058823529,-92.33264970588235,-26.43871435294119,-18.851726264705885,-112.79181355882353,-30.989334911764786,-32.845473294117646,-28.068768852941176,-1.147601852941193,-33.42591885294118,-66.6106685,-10.44552517647054,-42.13749661764706,-106.1908991764706,-10.884238676470602,0.00018525278,-0.0005576854,-0.00011429282,-16.12092,-21.275759,-21.981163,1.6878617,-47.104237,-20.798717,-18.170246,-69.56915,-30.578114,-3.5342255,-94.08911,-22.331814,-25.209215,-114.003685,-27.912043,-39.20071,-27.431377,-4.9923234,-41.036865,-65.425354,-13.290594,-48.479427,-104.974144,-9.38059
0.0,0.0,0.0,-12.947308562499998,-21.34106259375,-18.07621878125002,1.1646032812499953,-46.5119303125,-16.981290937500034,-14.677638718750003,-67.26869293749999,-26.81685756249999,0.2073642499999977,-92.97964059374999,-25.656542968750045,-19.088197468750007,-113.72885296875,-29.763548062500035,-32.975308687500004,-28.081862093749997,-1.117721656250012,-33.580197187500005,-66.77671290625,-10.157278187500026,-42.40098178125,-106.50684140625,-9.736541812500036,0.0002039338,-0.00059252814,-0.00016454428,-16.47904,-21.324026,-21.592216,1.1487412,-47.265022,-20.565882,-18.920675,-69.71038,-29.814281,-4.3126974,-94.162964,-21.63053,-26.104305,-113.94457,-26.689114,-39.283974,-27.26756,-4.2624626,-41.450977,-65.32915,-12.260101,-49.011246,-104.72186,-7.985155
0.0,0.0,0.0,-12.935931468749992,-21.34936978125,-18.145574718750026,1.2462724062500072,-46.61388740625,-16.832995468750028,-14.641553781249996,-67.52362587500001,-26.70669287499993,0.30010662500000507,-93.40328515625,-25.18569765625,-19.115781656249993,-114.39465662500001,-29.060813968749983,-33.05589096874999,-28.1037939375,-1.1674900625000078,-33.618107437499994,-66.88850793750001,-10.03749665624997,-42.4500785,-106.73660115625,-9.129124718750006,0.00019448996,-0.0005897867,-0.00017841176,-16.562342,-21.40171,-21.519192,1.0570805,-47.405327,-20.441965,-19.11682,-69.90837,-29.524513,-4.513309,-94.346886,-21.199326,-26.4081,-114.1137,-26.05862,-39.31907,-27.271877,-4.106014,-41.5734,-65.37451,-11.929894,-49.218674,-104.69087,-7.3801293
0.0,0.0,0.0,-12.950062352941174,-21.449012411764702,-18.150396852941128,1.2790083823529415,-46.85696464705882,-16.58853232352942,-14.693336058823533,-67.96373852941176,-26.374325852941183,0.24585829411764593,-94.03361270588235,-24.297687235294177,-19.33587420588235,-115.27904558823529,-27.837738,-33.1502645882353,-28.117906176470587,-1.1212030882353474,-33.73619726470588,-67.08447782352941,-9.648206823529506,-42.68019844117647,-107.01917652941175,-7.994767088235278,-4.8811926e-06,-0.00033680646,-0.00015594687,-17.421434,-22.00973,-21.800503,1.0104325,-48.725227,-20.00541,-20.56067,-71.9857,-28.347546,-5.4000587,-96.89039,-18.122406,-28.947903,-116.82832,-21.53681,-40.05545,-27.733055,-3.7729244,-42.65649,-66.07055,-10.446685,-51.1167,-105.000046,-3.127379
0.0,0.0,0.0,-12.963916374999997,-21.481999968750003,-18.18937390625001,1.3241465000000048,-46.99053015625,-16.454055906250005,-14.7257465625,-68.24975228125,-26.32003203124998,0.2698583749999983,-94.47210846875001,-23.793721343750008,-19.429387,-115.95076006250001,-27.02516746875,-33.22209009375,-28.13643278125,-1.1418074687500166,-33.80300325,-67.22407625,-9.524043156250059,-42.7814050625,-107.24990996875,-7.304815343750022,2.640416e-06,-0.00033747937,-0.0001513586,-17.410036,-21.993986,-21.846611,1.0430353,-48.708252,-20.04174,-20.532553,-71.96776,-28.441256,-5.3661146,-96.89363,-18.205364,-28.932997,-116.84008,-21.666925,-40.065952,-27.735924,-3.839101,-42.653576,-66.06443,-10.550363,-51.12359,-105.00832,-3.2620454
0.0,0.0,0.0,-13.004641647058818,-21.538357323529414,-18.261316617647083,1.32525741176471,-47.13573441176471,-16.38350629411775,-14.800804794117632,-68.57191414705882,-26.211680764705932,0.21869661764706905,-94.91504447058823,-23.290707823529488,-19.624096058823522,-116.6078340882353,-26.10183185294119,-33.30054997058822,-28.130770529411766,-1.1504264705882292,-33.915510676470575,-67.33755347058823,-9.338508205882476,-42.94971494117646,-107.45365644117648,-6.497390705882367,3.394742e-05,-0.0003732128,-0.00015755811,-17.261272,-21.902414,-21.800488,1.0528061,-48.504017,-20.107267,-20.291111,-71.646805,-28.624104,-5.2276583,-96.50044,-18.687233,-28.5243,-116.42343,-22.380388,-39.942772,-27.664167,-3.8985093,-42.477074,-65.960976,-10.788207,-50.82635,-104.97093,-3.935635
0.0,0.0,0.0,-13.012416000000002,-21.577405812500004,-18.308895937499983,1.3549117499999994,-47.2575555625,-16.332407875,-14.825358062500001,-68.8129981875,-26.13556093750003,0.2223411249999998,-95.2830451875,-22.867902625,-19.724480937500005,-117.15124406250001,-25.42261587500002,-33.356762625,-28.149535343750003,-1.1624984062500516,-33.97294209375001,-67.43899434375001,-9.200564374999999,-43.051994625,-107.6428694375,-5.83687115624997,-3.7282764e-05,-0.0002961819,-0.0001456587,-17.585531,-22.083494,-21.884848,1.012645,-48.92197,-19.980768,-20.817606,-72.29222,-28.237944,-5.5309772,-97.29715,-17.702477,-29.380707,-117.25003,-20.902096,-40.19935,-27.804508,-3.754126,-42.849247,-66.16328,-10.278348,-51.433662,-105.028046,-2.5324874
0.0,0.0,0.0,-13.024403468750009,-21.60928175,-18.337349906249983,1.3654796562499882,-47.361028625,-16.27334021874998,-14.83280656250001,-69.031013625,-26.025490624999975,0.21465565624998817,-95.57396878124999,-22.475700281249942,-19.813706031250007,-117.59409803125001,-24.756849187499938,-33.40626996875001,-28.178806843750003,-1.1484670624999467,-34.019220593750006,-67.526935375,-9.081445749999943,-43.12443421875001,-107.761205375,-5.334484031249929,3.1248812e-05,-0.00036684863,-0.00015409572,-17.39847,-21.904875,-21.763966,0.9705155,-48.5549,-20.096088,-20.494516,-71.7129,-28.521832,-5.3464155,-96.60944,-18.550583,-28.753363,-116.53205,-22.11557,-40.01212,-27.661406,-3.7603087,-42.593727,-65.96235,-10.596122,-50.959644,-104.96972,-3.6002126
0.0,0.0,0.0,-13.038656999999986,-21.64596370588235,-18.358823176470707,1.3691052352941284,-47.47558717647058,-16.19070455882354,-14.871947970588224,-69.24867758823528,-25.877391235294226,0.19510414705882795,-95.90257994117647,-22.016113411764707,-19.938020499999986,-118.03104441176471,-24.14762614705893,-33.45068073529411,-28.20961394117647,-1.1248350588235212,-34.07454399999999,-67.62038505882353,-8.93312444117646,-43.228015617647046,-107.8766346764706,-4.774812705882425,-4.4532084e-05,-0.0002826065,-0.00013923804,-17.733057,-22.102861,-21.877378,0.9558618,-49.003975,-19.964088,-21.02812,-72.41555,-28.13664,-5.6370125,-97.47848,-17.503061,-29.645271,-117.44558,-20.556627,-40.290245,-27.823126,-3.6406438,-42.98103,-66.18918,-10.089805,-51.600548,-105.04745,-2.133119
0.0,0.0,0.0,-13.040142624999994,-21.652131999999998,-18.415122062500018,1.4054940937500078,-47.53546646875,-16.15616415624993,-14.865152124999994,-69.38879840625,-25.869033843750003,0.23047040625000648,-96.11331653125,-21.781540968749937,-19.964829062499994,-118.3743211875,-23.685008031249936,-33.48650459375,-28.23289615625,-1.1549006562499358,-34.09765125,-67.7039334375,-8.917659812500006,-43.274583531249995,-107.99224321874999,-4.390478093750005,-0.00011091598,-0.00015584759,-0.0001305826,-18.318596,-22.531872,-22.21702,1.0572476,-49.91964,-19.716913,-21.998243,-73.88889,-27.478865,-6.134287,-99.23522,-15.374839,-31.420639,-119.27482,-17.440018,-40.819145,-28.19475,-3.5719864,-43.707035,-66.67957,-9.25696,-52.883747,-105.11929,0.6409167
0.0,0.0,0.0,-13.081415911764708,-21.72756517647059,-18.485321205882315,1.4561755882352898,-47.77660526470589,-15.98194267647051,-14.934309205882357,-69.8662330882353,-25.601293294117625,0.1835261176470553,-96.76715079411765,-20.935393558823478,-20.2519430882353,-119.28847676470589,-22.314446941176413,-33.60699894117647,-28.278399647058826,-1.2015552352940517,-34.23129876470589,-67.89569373529412,-8.66915267647056,-43.51533414705883,-108.22080426470589,-3.2553135882352535,-6.050159e-05,-0.00025285574,-0.000117329095,-17.984665,-22.205484,-21.89912,0.896446,-49.251907,-19.901733,-21.381582,-72.80574,-27.8877,-5.80991,-97.99109,-16.94722,-30.147028,-118.03196,-19.671833,-40.47397,-27.913681,-3.482621,-43.22476,-66.32302,-9.717252,-51.950573,-105.1681,-1.2017442
0.0,0.0,0.0,-13.146360062499994,-21.83324840625,-18.519764906250032,1.4609749062500015,-48.0763820625,-15.69400975000002,-15.076056531249996,-70.4077436875,-25.175007875000063,0.03294659375000464,-97.50672943750001,-19.805005125000037,-20.684314156249997,-120.2513429375,-20.58591368750001,-33.739985437499996,-28.28381403125,-1.1863202812500049,-34.428473999999994,-68.0779733125,-8.177563718750037,-43.877530781249995,-108.41950421875,-1.818321312500018,0.00011362191,-0.00043994412,-0.00013099064,-17.12675,-21.663485,-21.739126,1.0584486,-48.063286,-20.370068,-19.891193,-70.95771,-29.140984,-4.837765,-95.811516,-19.911655,-27.646618,-115.79301,-24.057734,-39.81299,-27.563877,-3.9528308,-42.16989,-65.7748,-11.294679,-50.165653,-105.10935,-5.3155184
0.0,0.0,0.0,-13.170828656249995,-21.837345593749998,-18.59878553125003,1.5395874687499997,-48.1722320625,-15.675274906250024,-15.074494156249997,-70.66314703124999,-25.133316062500057,0.09807634375000873,-97.88427481250001,-19.385119562499995,-20.779339093749996,-120.83664175,-19.829070125000044,-33.804841749999994,-28.30730965625,-1.2309304374999783,-34.46343546875,-68.21429984375,-8.095291187499981,-43.95398337499999,-108.58781034375001,-1.220806156249978,8.7236025e-05,-0.00040404758,-0.0001330601,-17.319193,-21.737356,-21.790342,1.0150137,-48.267094,-20.326796,-20.216236,-71.27579,-28.976562,-5.045173,-96.22377,-19.437925,-28.178736,-116.213776,-23.32714,-39.958946,-27.61788,-3.868131,-42.402573,-65.85728,-11.040037,-50.549065,-105.11068,-4.6058106
0.0,0.0,0.0,-13.230025176470598,-21.957563970588232,-18.6072297941177,1.5121537941176442,-48.409247441176475,-15.48996605882354,-15.207729882352936,-71.09098070588234,-24.757864647058796,-0.049063764705884694,-98.42802838235293,-18.498138499999982,-21.12699267647059,-121.50289385294117,-18.479859264705908,-33.902066911764706,-28.309943999999998,-1.2177367352941246,-34.6390480882353,-68.38219364705881,-7.752841735294112,-44.25088923529412,-108.69685279411765,-0.10789585294111248,-7.3387346e-06,-0.00029917408,-0.00013522379,-17.680212,-22.031559,-21.934198,0.9858744,-48.893238,-20.081837,-20.909178,-72.26589,-28.388325,-5.542842,-97.3682,-17.887499,-29.476112,-117.384735,-21.094677,-40.274708,-27.798733,-3.7513497,-42.92849,-66.14812,-10.347345,-51.51992,-105.10811,-2.5990324
0.0,0.0,0.0,-13.300860029411758,-22.020250352941176,-18.729763147058804,1.548061117647066,-48.63305870588235,-15.376604735294109,-15.29634544117647,-71.58820044117647,-24.53315273529404,-0.07312347058822155,-99.07144091176471,-17.561476676470534,-21.44132973529411,-122.3685860882353,-16.992174823529353,-34.035997558823524,-28.336482235294117,-1.2970302352940735,-34.77642135294117,-68.56321320588236,-7.545158705882386,-44.49444067647058,-108.88203767647059,1.0708853529411613,2.9655595e-05,-0.0002857489,-0.00012732738,-17.448708,-22.046528,-22.296833,1.2851427,-48.920628,-20.252813,-20.573801,-72.38109,-28.910065,-5.325531,-97.57614,-18.141354,-29.362364,-117.672676,-21.613665,-40.285515,-27.883734,-4.3415422,-42.854458,-66.232605,-11.064667,-51.626366,-105.20538,-3.3316712
0.0,0.0,0.0,-13.323652750000008,-22.02064421875,-18.8343411875,1.5849799062499983,-48.687394125,-15.427760156249974,-15.277112250000002,-71.727061,-24.52855787499999,-0.040212718749998544,-99.26393684375,-17.387247093749977,-21.4828709375,-122.6843014375,-16.6160764375,-34.08600990625,-28.355790625,-1.3837967499999877,-34.79206559375,-68.63996009375,-7.550244406249988,-44.519185375,-108.97658728125,1.4047336562500163,-1.7355196e-06,-0.0002485952,-0.00012319235,-17.717657,-22.204205,-22.351465,1.2566469,-49.255413,-20.123718,-21.013123,-72.914635,-28.558067,-5.569585,-98.19148,-17.289463,-30.075487,-118.304825,-20.33629,-40.482304,-28.002409,-4.1909366,-43.14996,-66.39742,-10.600191,-52.105732,-105.2089,-2.1336093
0.0,0.0,0.0,-13.350230593749998,-22.06249696875,-18.86300565625004,1.587826249999999,-48.7952424375,-15.342709593749987,-15.334265437500001,-71.91621471875,-24.379197062499998,-0.09095818750000717,-99.50256549999999,-16.998517093750024,-21.63749353125,-122.98246424999999,-16.00851437500006,-34.136687875,-28.36326203125,-1.3995181250000428,-34.8487624375,-68.70500121875,-7.4125462187500375,-44.630652875,-109.024361125,1.9054564687500033,-8.509407e-06,-0.0002511229,-0.00012427226,-17.813465,-22.203634,-22.252926,1.1596513,-49.26751,-20.077482,-21.151705,-72.91091,-28.397623,-5.656065,-98.180786,-17.18259,-30.166937,-118.27789,-20.124443,-40.50183,-27.98239,-4.0081825,-43.20232,-66.38009,-10.367663,-52.118225,-105.19209,-1.8489963
0.0,0.0,0.0,-13.387880205882354,-22.112911941176463,-18.913607264705888,1.640954352941172,-48.98827382352941,-15.178313176470567,-15.378145529411768,-72.33499032352941,-24.14748864705882,-0.10740667647058899,-99.98872211764706,-16.228165470588237,-21.86142773529412,-123.60934885294117,-14.776555558823475,-34.234965676470594,-28.39684970588235,-1.4340594999999325,-34.94606223529412,-68.89278979411765,-7.168555676470646,-44.797480029411766,-109.14528452941175,2.872576558823539,0.00015782463,-0.00048053215,-0.00015825972,-17.06541,-21.635399,-21.661245,0.98748255,-47.994987,-20.318138,-19.880455,-70.84694,-29.09147,-4.946227,-95.62582,-19.957697,-27.667305,-115.57179,-24.155966,-39.74238,-27.481361,-3.898021,-42.16161,-65.69502,-11.253565,-50.189495,-104.99718,-5.414748
0.0,0.0,0.0,-13.392900843750013,-22.1157680625,-18.943792343750033,1.6688826874999876,-49.012641375,-15.16202546874996,-15.367548593750008,-72.39967925,-24.13925846875003,-0.06968143750000877,-100.09175959375,-16.08094968749998,-21.87778909375001,-123.77613087499999,-14.552144968749985,-34.24793818750001,-28.409421406249997,-1.464484187499977,-34.94973678125001,-68.93645003125,-7.162416468749996,-44.805108656250006,-109.18342606249999,3.03362659375,0.00012414466,-0.00045622853,-0.00016022727,-17.165413,-21.67141,-21.6492,0.94415355,-48.08767,-20.27419,-20.05795,-70.98113,-28.951279,-5.0626283,-95.7747,-19.690289,-27.918688,-115.69262,-23.742197,-39.79622,-27.495974,-3.8105376,-42.264954,-65.72038,-11.066831,-50.342182,-104.950745,-5.0198965
0.0,0.0,0.0,-13.4041140625,-22.14177184375,-18.94569396875005,1.664959281250006,-49.08507096875,-15.083230062499979,-15.401468156249997,-72.502732625,-23.99432274999998,-0.11308553124999321,-100.23506859375,-15.818948750000004,-21.97712459375,-123.9486621875,-14.112329562500008,-34.27173528125,-28.4152289375,-1.4115611249999915,-34.9985205625,-68.97857090625,-7.051529937499993,-44.88552459375,-109.19286137499999,3.3915700625000227,0.00012765432,-0.0004557511,-0.00016277538,-17.156443,-21.67699,-21.665894,0.95100904,-48.100067,-20.27951,-20.056278,-71.00125,-28.962051,-5.0729647,-95.799774,-19.676792,-27.941133,-115.71599,-23.726229,-39.79781,-27.498974,-3.8363147,-42.27162,-65.72647,-11.087776,-50.36843,-104.94707,-5.021682
0.0,0.0,0.0,-13.45709732352941,-22.179244588235292,-19.084812029411864,1.7523076176470553,-49.24651482352941,-14.988447382352945,-15.409159470588243,-72.9179099117647,-23.848707294117673,-0.0594350588235244,-100.72441035294119,-15.108501705882418,-22.162122352941175,-124.61161826470587,-12.933276088235289,-34.373981029411766,-28.46980811764706,-1.4946666176471126,-35.087010794117646,-69.14789514705882,-6.974059264705943,-45.02413582352941,-109.33117679411765,4.263004794117592,0.00019460489,-0.00055196765,-0.00018071647,-16.894627,-21.502579,-21.531754,0.9138632,-47.706306,-20.368933,-19.668646,-70.365616,-29.219013,-4.892763,-94.969574,-20.518066,-27.24192,-114.78349,-24.967726,-39.549877,-27.330248,-3.8803484,-41.960876,-65.4898,-11.442294,-49.82569,-104.7601,-6.217434
0.0,0.0,0.0,-13.555939937500007,-22.394422249999998,-19.105186593749977,1.6725501250000008,-49.62341928125,-14.630638187499983,-15.698385374999994,-73.5508339375,-23.24731156249993,-0.38320740625000127,-101.444169875,-13.67852978124995,-22.80746940625,-125.38651340625,-10.749414437499922,-34.5499998125,-28.50155790625,-1.3972159374999364,-35.3657070625,-69.33345778125,-6.278942093749947,-45.54251278125,-109.31237015625,5.966952218750066,0.00022012269,-0.000608235,-0.00018952505,-16.77975,-21.427183,-21.413904,0.87033606,-47.516544,-20.360125,-19.509249,-70.04893,-29.244654,-4.8280606,-94.518524,-20.83789,-26.908913,-114.25719,-25.450443,-39.413624,-27.237717,-3.8293607,-41.80588,-65.362206,-11.507516,-49.537025,-104.62415,-6.6875587
0.0,0.0,0.0,-13.583946562500003,-22.359600812500002,-19.22503109375009,1.7550807187500013,-49.66394137500001,-14.669013062500028,-15.64338440625,-73.7323918125,-23.302273937500047,-0.24204740624999488,-101.69316565625002,-13.388845500000002,-22.83409028125,-125.761947625,-10.232730062499968,-34.608939875000004,-28.538287656250002,-1.5348330312500593,-35.3652761875,-69.450711875,-6.3392907812500425,-45.5373684375,-109.423815625,6.339530718749927,4.962628e-05,-0.0003869873,-0.00015735632,-17.448439,-21.877052,-21.645784,0.8537519,-48.50783,-20.066097,-20.578024,-71.61934,-28.412395,-5.4381504,-96.487976,-18.590704,-28.770668,-116.40394,-22.125555,-39.996418,-27.608406,-3.5888197,-42.61704,-65.910385,-10.426205,-50.940006,-104.95179,-3.5081372
0.0,0.0,0.0,-13.745345470588234,-22.550120323529413,-19.394577882352962,1.8268770882352996,-50.14853873529412,-14.141365500000006,-15.92729035294117,-74.70188029411764,-22.546281764705896,-0.491014205882351,-102.72928688235294,-11.379277823529435,-23.624161235294114,-126.96711932352942,-6.973930823529429,-34.85014988235294,-28.588579499999998,-1.516793676470627,-35.70869576470588,-69.81227055882353,-5.743673058823504,-46.12403694117646,-109.43932961764706,8.805836352941128,4.1121675e-05,-0.00037412514,-0.0001598175,-17.451296,-21.91359,-21.698214,0.87974405,-48.58013,-20.062414,-20.612654,-71.73727,-28.400164,-5.4785686,-96.62302,-18.449635,-28.896544,-116.534195,-21.934694,-40.02142,-27.63591,-3.6456244,-42.660187,-65.95064,-10.433852,-51.053493,-104.94325,-3.383307
0.0,0.0,0.0,-13.772297531249997,-22.568998531250003,-19.506430749999936,1.8615130625000091,-50.2431665625,-14.101044781249925,-15.957189656249994,-74.90458196875001,-22.500297656249927,-0.4905575312499977,-102.94345915624999,-11.02304478124995,-23.747511781249994,-127.2295895625,-6.339610249999964,-34.90827725,-28.61233940625,-1.5869789999999284,-35.756044187499995,-69.896856375,-5.681349999999952,-46.210881218749996,-109.47414943750002,9.25556081250005,0.00012748578,-0.00046744125,-0.00016989933,-17.18182,-21.723688,-21.609182,0.8870516,-48.175735,-20.19797,-20.17483,-71.09788,-28.769001,-5.2283225,-95.85058,-19.406141,-28.139053,-115.71044,-23.345327,-39.792892,-27.485462,-3.752599,-42.338154,-65.7326,-10.897574,-50.50143,-104.8554,-4.705518
0.0,0.0,0.0,-13.86128859374999,-22.660584375,-19.72678940625002,1.9423307499999964,-50.49621634375,-13.88960075,-16.054763593749996,-75.393896,-22.252711281250015,-0.5167724062499985,-103.47977371875,-10.049051312499955,-24.068072968749995,-127.83760965625001,-4.7353030000000444,-35.043220156249994,-28.6655453125,-1.6912546874999634,-35.887148937499994,-70.10236690625,-5.384936343749985,-46.433957531249995,-109.48826893750001,10.423520031250007,5.974213e-05,-0.00037888135,-0.00015815004,-17.400824,-21.87906,-21.770533,0.9156854,-48.537395,-20.14907,-20.536377,-71.6826,-28.583727,-5.441091,-96.60314,-18.661335,-28.840984,-116.53248,-22.243048,-40.017048,-27.625618,-3.7753034,-42.642365,-65.9346,-10.647978,-51.059837,-104.96574,-3.693307
0.0,0.0,0.0,-13.89656502941176,-22.73536864705882,-19.729201411764677,1.9239539117647055,-50.62599755882353,-13.767431764705918,-16.162418352941174,-75.62965264705882,-22.063882352941107,-0.6263833823529481,-103.6864801764706,-9.527092352941168,-24.284574911764707,-128.02642388235293,-3.965677529411721,-35.092990588235295,-28.67587544117647,-1.6322434411764561,-35.992381411764704,-70.17912579411765,-5.148383529411717,-46.613160176470586,-109.4227725,11.033938117647153,-8.7305714e-05,-0.00014001096,-0.00014414596,-18.221998,-22.647297,-22.549479,1.291924,-50.148033,-19.781048,-21.95236,-74.29327,-27.701056,-6.1424327,-99.727455,-15.070265,-31.753122,-119.79545,-17.115496,-40.894226,-28.323067,-4.0157332,-43.795895,-66.84304,-9.619718,-53.263084,-105.12847,0.6637858
0.0,0.0,0.0,-13.914047125000003,-22.726993,-19.783468312499963,1.9684396562499984,-50.66110796875,-13.746538281249968,-16.143591125,-75.7249035625,-22.07882803124994,-0.5399514687499973,-103.8173305625,-9.28749871874993,-24.299830406250003,-128.21808890625,-3.576108031249987,-35.12192903125,-28.696906218749998,-1.6684323437499415,-35.996004937500004,-70.24298159374999,-5.186566437499948,-46.6203924375,-109.45366709375,11.221316187500065,-5.9300495e-05,-0.00011575958,-0.00019513389,-18.612816,-23.22876,-23.097776,1.5067047,-51.328423,-19.366447,-22.998465,-76.06625,-26.898876,-6.9493513,-101.60973,-12.203621,-34.04676,-121.43689,-13.176578,-41.361748,-28.680986,-4.3397436,-44.60454,-67.32604,-8.935448,-54.914906,-104.62886,3.6000147
0.0,0.0,0.0,-14.023840499999999,-22.8765593125,-19.84106453124997,1.948180406249996,-50.95746159375,-13.533509343749984,-16.336070125,-76.25781190625,-21.64920037500002,-0.7418008125000028,-104.33830240625,-8.128129000000001,-24.805318406250002,-128.74271059375002,-1.6715946562499653,-35.270853093750006,-28.716608124999997,-1.6796560937499976,-36.230774906250005,-70.429461625,-4.864992187500036,-47.0082488125,-109.36383040625,12.542551124999989,-0.00020778368,4.185368e-05,-0.00020474436,-19.091703,-23.701492,-23.821213,1.622537,-52.65231,-18.890928,-24.616844,-77.70872,-26.27618,-8.5507555,-103.50124,-9.126075,-37.581875,-122.545135,-9.28329,-42.00538,-28.814768,-4.982879,-45.88837,-67.47604,-8.599993,-57.537872,-103.46987,6.088414
0.0,0.0,0.0,-14.068309823529411,-22.90359282352941,-19.956173176470543,2.0327930294117706,-51.09686382352941,-13.419894058823502,-16.35659326470587,-76.57256697058824,-21.54477208823522,-0.7189590882352874,-104.64371855882354,-7.543885294117672,-24.961692058823527,-129.09882114705883,-0.6369199117646644,-35.357078823529406,-28.755641705882354,-1.7582954705881662,-36.29205170588235,-70.5752761764706,-4.771443323529411,-47.1181799117647,-109.36632817647062,13.256805294117669,-0.00015198582,-1.718897e-05,-0.00021378991,-18.7695,-23.63143,-23.521158,1.6859607,-52.185806,-18.97362,-23.755396,-77.21265,-26.370134,-7.758347,-102.78752,-10.104709,-35.937958,-122.20947,-10.55562,-41.663094,-28.8689,-4.755524,-45.227894,-67.5554,-8.656756,-56.32966,-104.02463,5.2790327
0.0,0.0,0.0,-14.137473999999997,-23.02590325,-19.992913343750047,1.9553352500000045,-51.34860221875,-13.197380062500088,-16.55025703125,-76.9839944375,-21.063168656250014,-0.9408345937499973,-105.00307959375002,-6.556033250000041,-25.40108309375,-129.37561828124998,0.8204896874999577,-35.446216625,-28.77487475,-1.7007227812500219,-36.46711678125,-70.6781513125,-4.3156052812501,-47.451275312499995,-109.2202345625,14.34964462499994,-0.00012526126,-4.2437998e-05,-0.00021269523,-18.776783,-23.637693,-23.493979,1.70822,-52.15268,-18.967642,-23.703007,-77.20716,-26.352526,-7.647827,-102.754745,-10.136912,-35.798214,-122.23945,-10.569354,-41.645657,-28.897184,-4.694595,-45.170105,-67.5859,-8.600077,-56.19924,-104.09057,5.324334
0.0,0.0,0.0,-14.213269125000004,-23.071871343749997,-20.16379253125001,2.0468922812499954,-51.566885031249996,-13.207585312499987,-16.57479734375,-77.49772778124999,-20.88325684374996,-0.8398393125000041,-105.50106653125,-5.515377843750002,-25.64255678125,-129.92057575,2.6019851562500094,-35.57797440625,-28.85708325,-1.8139668124999844,-36.565643875,-70.93039796875,-4.15460762500004,-47.597922375,-109.190425625,15.577527187499982,-5.0338756e-05,-0.000114823706,-0.00020102481,-18.650967,-23.296926,-23.207142,1.5637901,-51.473377,-19.327444,-23.120985,-76.28763,-26.85219,-7.0374484,-101.84306,-11.859134,-34.354378,-121.62777,-12.720094,-41.42256,-28.72871,-4.4340477,-44.704697,-67.380104,-8.915599,-55.13323,-104.531395,3.8966236
0.0,0.0,0.0,-14.26852502941177,-23.19041732352941,-20.173506823529465,1.9673421764705807,-51.77186502941176,-13.021895529411722,-16.72405491176471,-77.83650388235294,-20.439561823529402,-1.0715666470588303,-105.75304352941177,-4.672853470588166,-26.01531052941177,-130.09946617647057,3.9265378529412374,-35.66344111764707,-28.8909435,-1.7948340588235396,-36.74809044117648,-71.03124635294117,-3.782981441176389,-47.898544441176476,-109.02159535294118,16.450697911764735,9.4195304e-05,-0.00034769744,-0.00014939287,-17.170647,-21.825417,-22.205204,1.2640994,-48.482132,-20.440002,-20.131472,-71.68476,-29.348902,-5.100501,-96.773544,-19.242481,-28.593538,-116.82968,-23.203367,-40.04869,-27.710138,-4.4601836,-42.535595,-65.99568,-11.589679,-51.083492,-105.14436,-4.786628
0.0,0.0,0.0,-14.277557718750003,-23.158761406249997,-20.257926937500088,2.034723031249996,-51.769474437499994,-13.121048843750032,-16.6736031875,-77.92586040625,-20.521078000000045,-0.9216677187500011,-105.85650940624998,-4.490718875000084,-25.968814593750004,-130.252113625,4.166439187499918,-35.68785215625,-28.917466093749997,-1.870173437500057,-36.71819621875,-71.1029396875,-3.8835020625000425,-47.84812128125,-109.07111996875,16.55164440624992,8.447449e-05,-0.0003425588,-0.00015950204,-17.03003,-21.849691,-22.222889,1.3292394,-48.469837,-20.4264,-19.950066,-71.67545,-29.376783,-5.025411,-96.70791,-19.274923,-28.410013,-116.75979,-23.312035,-39.970028,-27.71987,-4.5733047,-42.429115,-66.017586,-11.712144,-50.98279,-105.141685,-4.9877143
0.0,0.0,0.0,-14.321100343749997,-23.262925875,-20.280302062500027,2.0329224687500016,-51.97083825,-12.920110749999992,-16.765516374999997,-78.3412913125,-20.181257187499966,-1.0059104999999988,-106.17816340625,-3.618989968749986,-26.2930800625,-130.52504978125,5.651252749999969,-35.79941246875,-28.9593149375,-1.921977125000069,-36.86242165625,-71.2639405625,-3.5811243750000017,-48.075751187499996,-108.94584209375,17.676695812499986,0.0001433035,-0.00041688088,-0.00014069788,-16.699808,-21.54377,-22.190666,1.5100743,-47.845753,-20.647366,-19.251919,-70.71954,-30.069756,-4.378018,-95.62459,-20.742874,-27.148281,-115.63095,-25.518013,-39.709896,-27.57501,-4.808811,-41.906933,-65.71872,-12.518908,-50.018143,-105.08761,-7.0442886
0.0,0.0,0.0,-14.358590624999998,-23.33018225,-20.286501875,2.007161843750005,-52.07695100000001,-12.828245062500002,-16.848536749999994,-78.53090975,-19.978344875000005,-1.1060271250000042,-106.348378375,-3.069972968749994,-26.49704175,-130.623227375,6.466462187500042,-35.85466943749999,-28.964774781250004,-1.901972781249981,-36.9400725,-71.314635,-3.371414125000001,-48.231320687499995,-108.84706228124999,18.235649093750055,0.00040347964,-0.00092691917,-0.00013193469,-14.944385,-20.964342,-21.760864,1.9744731,-46.18651,-20.93934,-16.5273,-68.07641,-31.175306,-2.6119132,-91.886086,-24.182392,-22.658957,-111.376076,-30.808004,-38.273045,-27.09296,-5.6168933,-39.763256,-64.928566,-14.588475,-46.49023,-104.31763,-12.791578
0.0,0.0,0.0,-14.3886046764706,-23.36083120588235,-20.356042264705877,2.0155001764705887,-52.14291558823529,-12.811318764705959,-16.884947735294126,-78.67866594117646,-19.944515205882396,-1.135561470588236,-106.47980291176472,-2.772206941176478,-26.606260941176476,-130.74219294117646,6.992448764705898,-35.90682602941177,-28.986171176470584,-1.9601241470588775,-36.98934555882353,-71.37492320588234,-3.336831323529452,-48.30564338235294,-108.82013549999999,18.58174420588233,0.0007451306,-0.001491624,-0.00013974156,-13.543074,-20.432991,-21.241032,2.0498083,-44.842396,-21.1418,-14.633712,-65.77028,-31.81788,-1.6912977,-88.578514,-26.81316,-19.418268,-107.3098,-34.80136,-37.038082,-26.45927,-6.1426253,-38.183025,-64.03018,-16.091948,-43.85645,-103.13629,-17.389896
0.0,0.0,0.0,-14.467874875000007,-23.445823312499996,-20.510798437499943,2.048929749999992,-52.371262125,-12.584257968750023,-16.972127187500007,-79.16073643749999,-19.53488546875002,-1.2130720937500001,-106.82405653125,-1.769412031249999,-26.958394531250008,-131.00517774999997,8.68430699999999,-36.02885243750001,-29.014257625,-2.0197821249999492,-37.14210687500001,-71.53294321874999,-3.0898924062499873,-48.569422093750006,-108.63431984374999,19.747180937500048,0.0009235982,-0.0017804782,-0.00014919484,-12.881552,-20.162525,-20.981522,2.1253088,-44.151546,-21.261797,-13.684783,-64.62635,-32.150257,-1.1363367,-86.92803,-28.138737,-17.742779,-105.30657,-36.7578,-36.424084,-26.180325,-6.350176,-37.357353,-63.605263,-16.802101,-42.442142,-102.564735,-19.620277
0.0,0.0,0.0,-14.501011937500003,-23.494192249999998,-20.550943125000003,2.030228875000006,-52.4686018125,-12.506772781249992,-17.04552546875,-79.31339584374999,-19.352224156249918,-1.2878570312499988,-106.93852684375,-1.358587156249996,-27.1218130625,-131.07255140625,9.325134437500083,-36.0722383125,-29.020048437499998,-2.0367591874999675,-37.21231584375,-71.58975740625,-2.92660987499994,-48.69510959375,-108.52052621875,20.153879281250056,0.0010860404,-0.002046197,-0.0001633948,-12.329922,-19.952303,-20.79639,2.2403398,-43.617603,-21.355019,-12.908785,-63.727657,-32.41726,-0.63211995,-85.60999,-29.139856,-16.363155,-103.65906,-38.258198,-35.907776,-25.963497,-6.5670967,-36.66355,-63.2674,-17.401337,-41.254635,-102.04973,-21.415707
