true_point_0_x,true_point_0_y,true_point_0_z,true_point_1_x,true_point_1_y,true_point_1_z,true_point_2_x,true_point_2_y,true_point_2_z,true_point_3_x,true_point_3_y,true_point_3_z,true_point_4_x,true_point_4_y,true_point_4_z,true_point_5_x,true_point_5_y,true_point_5_z,true_point_6_x,true_point_6_y,true_point_6_z,true_point_7_x,true_point_7_y,true_point_7_z,true_point_8_x,true_point_8_y,true_point_8_z,pred_point_0_x,pred_point_0_y,pred_point_0_z,pred_point_1_x,pred_point_1_y,pred_point_1_z,pred_point_2_x,pred_point_2_y,pred_point_2_z,pred_point_3_x,pred_point_3_y,pred_point_3_z,pred_point_4_x,pred_point_4_y,pred_point_4_z,pred_point_5_x,pred_point_5_y,pred_point_5_z,pred_point_6_x,pred_point_6_y,pred_point_6_z,pred_point_7_x,pred_point_7_y,pred_point_7_z,pred_point_8_x,pred_point_8_y,pred_point_8_z
0.0,0.0,0.0,-11.7717579375,-20.5468108125,-17.524877562499967,1.227030875000004,-43.7081720625,-18.319898437499944,-12.792043937499995,-61.8986529375,-29.211671749999997,1.716825812499998,-83.6428730625,-33.49121856249997,-14.164818875000002,-100.164310875,-41.89025693749994,-30.710540875,-27.6959928125,-1.1437319999999431,-30.865318125,-64.7021674375,-13.208623937499963,-37.66674125,-101.6359801875,-22.486011374999972,0.0012088765,-0.0023646073,-0.00011857049,-11.65089771654983,-20.050049080177295,-19.458428851783918,2.079872145681946,-43.35324472089906,-20.09378917517397,-12.227565960080522,-62.315036243371225,-31.08463452475025,1.0438404374187082,-84.08157455707104,-31.659653198231513,-14.210488503056194,-101.72255815571627,-40.637348442352135,-31.868009817565827,-27.23524522293224,-2.708333324843765,-32.12654352782831,-64.24290568856664,-14.691320511053448,-39.17356278872075,-101.66208602263293,-23.800852557736217
0.0,0.0,0.0,-11.769267031250005,-20.546059781250005,-17.519018125000002,1.228574906249996,-43.70551296875,-18.31427296875006,-12.78842740625,-61.894371125000006,-29.200588218750056,1.7162569062500026,-83.6328753125,-33.488314687500065,-14.161538812499998,-100.1554820625,-41.88671781250002,-30.70474565625,-27.693808031250004,-1.1402463750000609,-30.86201834375,-64.70021084375,-13.20203303125004,-37.66194096875,-101.63219921875,-22.482334156249976,0.0011700736,-0.0022966224,-0.00012400489,-11.700812133212537,-20.058680871259796,-19.45751644200506,2.036631143558586,-43.35380747055827,-20.10964155483159,-12.274060272977792,-62.35962770560404,-31.07647807863362,0.9841821504480792,-84.08363558968796,-31.682523524483976,-14.332406213500452,-101.67581072751491,-40.598538833627394,-31.894265966749124,-27.23020073368227,-2.6797624368039017,-32.173148988897246,-64.2457061706911,-14.642297567202855,-39.34472658133348,-101.73268803758957,-23.55850076945179
0.0,0.0,0.0,-11.76871769999999,-20.546518033333328,-17.51979156666664,1.2285124666666576,-43.70484083333333,-18.314309633333323,-12.789212000000006,-61.89366356666666,-29.199382333333347,1.7182829333333345,-83.6330902,-33.48163543333328,-14.161201166666665,-100.1554146,-41.88555896666662,-30.705221200000004,-27.6939073,-1.142686866666736,-30.86215216666667,-64.6995665,-13.201250166666624,-37.66219146666667,-101.63106323333332,-22.48302296666668,0.0011706747,-0.0022995844,-0.00012274862,-11.693026305186613,-20.06094973998706,-19.458475203892682,2.045813882419701,-43.3551622730081,-20.105885280705476,-12.263162413656357,-62.359186226263674,-31.071963569517614,1.0007589051543333,-84.08865176200788,-31.671214782709036,-14.30281992654545,-101.68213847732207,-40.601402305949144,-31.89182464845664,-27.232583269441204,-2.6851369938798673,-32.16778992365208,-64.2471900363529,-14.647163574403146,-39.329580574949496,-101.74183968667683,-23.58190518918392
0.0,0.0,0.0,-11.76871769999999,-20.546518033333328,-17.51979156666664,1.2285124666666576,-43.70484083333333,-18.314309633333323,-12.789212000000006,-61.89366356666666,-29.199382333333347,1.7182829333333345,-83.6330902,-33.48163543333328,-14.161201166666665,-100.1554146,-41.88555896666662,-30.705221200000004,-27.6939073,-1.142686866666736,-30.86215216666667,-64.6995665,-13.201250166666624,-37.66219146666667,-101.63106323333332,-22.48302296666668,0.0011706747,-0.0022995844,-0.00012274862,-11.693026305186613,-20.06094973998706,-19.458475203892682,2.045813882419701,-43.3551622730081,-20.105885280705476,-12.263162413656357,-62.359186226263674,-31.071963569517614,1.0007589051543333,-84.08865176200788,-31.671214782709036,-14.30281992654545,-101.68213847732207,-40.601402305949144,-31.89182464845664,-27.232583269441204,-2.6851369938798673,-32.16778992365208,-64.2471900363529,-14.647163574403146,-39.329580574949496,-101.74183968667683,-23.58190518918392
0.0,0.0,0.0,-11.7717579375,-20.5468108125,-17.524877562499967,1.227030875000004,-43.7081720625,-18.319898437499944,-12.792043937499995,-61.8986529375,-29.211671749999997,1.716825812499998,-83.6428730625,-33.49121856249997,-14.164818875000002,-100.164310875,-41.89025693749994,-30.710540875,-27.6959928125,-1.1437319999999431,-30.865318125,-64.7021674375,-13.208623937499963,-37.66674125,-101.6359801875,-22.486011374999972,0.0012088765,-0.0023646073,-0.00011857049,-11.65089771654983,-20.050049080177295,-19.458428851783918,2.079872145681946,-43.35324472089906,-20.09378917517397,-12.227565960080522,-62.315036243371225,-31.08463452475025,1.0438404374187082,-84.08157455707104,-31.659653198231513,-14.210488503056194,-101.72255815571627,-40.637348442352135,-31.868009817565827,-27.23524522293224,-2.708333324843765,-32.12654352782831,-64.24290568856664,-14.691320511053448,-39.17356278872075,-101.66208602263293,-23.800852557736217
0.0,0.0,0.0,-11.769267031250005,-20.546059781250005,-17.519018125000002,1.228574906249996,-43.70551296875,-18.31427296875006,-12.78842740625,-61.894371125000006,-29.200588218750056,1.7162569062500026,-83.6328753125,-33.488314687500065,-14.161538812499998,-100.1554820625,-41.88671781250002,-30.70474565625,-27.693808031250004,-1.1402463750000609,-30.86201834375,-64.70021084375,-13.20203303125004,-37.66194096875,-101.63219921875,-22.482334156249976,0.0011700736,-0.0022966224,-0.00012400489,-11.700812133212537,-20.058680871259796,-19.45751644200506,2.036631143558586,-43.35380747055827,-20.10964155483159,-12.274060272977792,-62.35962770560404,-31.07647807863362,0.9841821504480792,-84.08363558968796,-31.682523524483976,-14.332406213500452,-101.67581072751491,-40.598538833627394,-31.894265966749124,-27.23020073368227,-2.6797624368039017,-32.173148988897246,-64.2457061706911,-14.642297567202855,-39.34472658133348,-101.73268803758957,-23.55850076945179
0.0,0.0,0.0,-11.76871769999999,-20.546518033333328,-17.51979156666664,1.2285124666666576,-43.70484083333333,-18.314309633333323,-12.789212000000006,-61.89366356666666,-29.199382333333347,1.7182829333333345,-83.6330902,-33.48163543333328,-14.161201166666665,-100.1554146,-41.88555896666662,-30.705221200000004,-27.6939073,-1.142686866666736,-30.86215216666667,-64.6995665,-13.201250166666624,-37.66219146666667,-101.63106323333332,-22.48302296666668,0.0011706747,-0.0022995844,-0.00012274862,-11.693026305186613,-20.06094973998706,-19.458475203892682,2.045813882419701,-43.3551622730081,-20.105885280705476,-12.263162413656357,-62.359186226263674,-31.071963569517614,1.0007589051543333,-84.08865176200788,-31.671214782709036,-14.30281992654545,-101.68213847732207,-40.601402305949144,-31.89182464845664,-27.232583269441204,-2.6851369938798673,-32.16778992365208,-64.2471900363529,-14.647163574403146,-39.329580574949496,-101.74183968667683,-23.58190518918392
0.0,0.0,0.0,-11.7717579375,-20.5468108125,-17.524877562499967,1.227030875000004,-43.7081720625,-18.319898437499944,-12.792043937499995,-61.8986529375,-29.211671749999997,1.716825812499998,-83.6428730625,-33.49121856249997,-14.164818875000002,-100.164310875,-41.89025693749994,-30.710540875,-27.6959928125,-1.1437319999999431,-30.865318125,-64.7021674375,-13.208623937499963,-37.66674125,-101.6359801875,-22.486011374999972,0.0012088765,-0.0023646073,-0.00011857049,-11.65089771654983,-20.050049080177295,-19.458428851783918,2.079872145681946,-43.35324472089906,-20.09378917517397,-12.227565960080522,-62.315036243371225,-31.08463452475025,1.0438404374187082,-84.08157455707104,-31.659653198231513,-14.210488503056194,-101.72255815571627,-40.637348442352135,-31.868009817565827,-27.23524522293224,-2.708333324843765,-32.12654352782831,-64.24290568856664,-14.691320511053448,-39.17356278872075,-101.66208602263293,-23.800852557736217
0.0,0.0,0.0,-11.769267031250005,-20.546059781250005,-17.519018125000002,1.228574906249996,-43.70551296875,-18.31427296875006,-12.78842740625,-61.894371125000006,-29.200588218750056,1.7162569062500026,-83.6328753125,-33.488314687500065,-14.161538812499998,-100.1554820625,-41.88671781250002,-30.70474565625,-27.693808031250004,-1.1402463750000609,-30.86201834375,-64.70021084375,-13.20203303125004,-37.66194096875,-101.63219921875,-22.482334156249976,0.0011700736,-0.0022966224,-0.00012400489,-11.700812133212537,-20.058680871259796,-19.45751644200506,2.036631143558586,-43.35380747055827,-20.10964155483159,-12.274060272977792,-62.35962770560404,-31.07647807863362,0.9841821504480792,-84.08363558968796,-31.682523524483976,-14.332406213500452,-101.67581072751491,-40.598538833627394,-31.894265966749124,-27.23020073368227,-2.6797624368039017,-32.173148988897246,-64.2457061706911,-14.642297567202855,-39.34472658133348,-101.73268803758957,-23.55850076945179
0.0,0.0,0.0,-11.76871769999999,-20.546518033333328,-17.51979156666664,1.2285124666666576,-43.70484083333333,-18.314309633333323,-12.789212000000006,-61.89366356666666,-29.199382333333347,1.7182829333333345,-83.6330902,-33.48163543333328,-14.161201166666665,-100.1554146,-41.88555896666662,-30.705221200000004,-27.6939073,-1.142686866666736,-30.86215216666667,-64.6995665,-13.201250166666624,-37.66219146666667,-101.63106323333332,-22.48302296666668,0.0011706747,-0.0022995844,-0.00012274862,-11.693026305186613,-20.06094973998706,-19.458475203892682,2.045813882419701,-43.3551622730081,-20.105885280705476,-12.263162413656357,-62.359186226263674,-31.071963569517614,1.0007589051543333,-84.08865176200788,-31.671214782709036,-14.30281992654545,-101.68213847732207,-40.601402305949144,-31.89182464845664,-27.232583269441204,-2.6851369938798673,-32.16778992365208,-64.2471900363529,-14.647163574403146,-39.329580574949496,-101.74183968667683,-23.58190518918392
0.0,0.0,0.0,-11.7717579375,-20.5468108125,-17.524877562499967,1.227030875000004,-43.7081720625,-18.319898437499944,-12.792043937499995,-61.8986529375,-29.211671749999997,1.716825812499998,-83.6428730625,-33.49121856249997,-14.164818875000002,-100.164310875,-41.89025693749994,-30.710540875,-27.6959928125,-1.1437319999999431,-30.865318125,-64.7021674375,-13.208623937499963,-37.66674125,-101.6359801875,-22.486011374999972,0.0012088765,-0.0023646073,-0.00011857049,-11.65089771654983,-20.050049080177295,-19.458428851783918,2.079872145681946,-43.35324472089906,-20.09378917517397,-12.227565960080522,-62.315036243371225,-31.08463452475025,1.0438404374187082,-84.08157455707104,-31.659653198231513,-14.210488503056194,-101.72255815571627,-40.637348442352135,-31.868009817565827,-27.23524522293224,-2.708333324843765,-32.12654352782831,-64.24290568856664,-14.691320511053448,-39.17356278872075,-101.66208602263293,-23.800852557736217
0.0,0.0,0.0,-11.769267031250005,-20.546059781250005,-17.519018125000002,1.228574906249996,-43.70551296875,-18.31427296875006,-12.78842740625,-61.894371125000006,-29.200588218750056,1.7162569062500026,-83.6328753125,-33.488314687500065,-14.161538812499998,-100.1554820625,-41.88671781250002,-30.70474565625,-27.693808031250004,-1.1402463750000609,-30.86201834375,-64.70021084375,-13.20203303125004,-37.66194096875,-101.63219921875,-22.482334156249976,0.0011700736,-0.0022966224,-0.00012400489,-11.700812133212537,-20.058680871259796,-19.45751644200506,2.036631143558586,-43.35380747055827,-20.10964155483159,-12.274060272977792,-62.35962770560404,-31.07647807863362,0.9841821504480792,-84.08363558968796,-31.682523524483976,-14.332406213500452,-101.67581072751491,-40.598538833627394,-31.894265966749124,-27.23020073368227,-2.6797624368039017,-32.173148988897246,-64.2457061706911,-14.642297567202855,-39.34472658133348,-101.73268803758957,-23.55850076945179
0.0,0.0,0.0,-11.76871769999999,-20.546518033333328,-17.51979156666664,1.2285124666666576,-43.70484083333333,-18.314309633333323,-12.789212000000006,-61.89366356666666,-29.199382333333347,1.7182829333333345,-83.6330902,-33.48163543333328,-14.161201166666665,-100.1554146,-41.88555896666662,-30.705221200000004,-27.6939073,-1.142686866666736,-30.86215216666667,-64.6995665,-13.201250166666624,-37.66219146666667,-101.63106323333332,-22.48302296666668,0.0011706747,-0.0022995844,-0.00012274862,-11.693026305186613,-20.06094973998706,-19.458475203892682,2.045813882419701,-43.3551622730081,-20.105885280705476,-12.263162413656357,-62.359186226263674,-31.071963569517614,1.0007589051543333,-84.08865176200788,-31.671214782709036,-14.30281992654545,-101.68213847732207,-40.601402305949144,-31.89182464845664,-27.232583269441204,-2.6851369938798673,-32.16778992365208,-64.2471900363529,-14.647163574403146,-39.329580574949496,-101.74183968667683,-23.58190518918392
0.0,0.0,0.0,-11.770225466666666,-20.546172733333343,-17.52074076666662,1.227464233333329,-43.70501226666667,-18.317032799999996,-12.789451600000008,-61.894798400000006,-29.202998833333368,1.7170494000000005,-83.63474803333335,-33.4871948,-14.162469466666671,-100.15524623333334,-41.89186500000005,-30.707010600000004,-27.69367206666667,-1.1423249333333274,-30.863511100000004,-64.70065376666668,-13.205146299999967,-37.66290026666667,-101.63277213333332,-22.48449296666672,0.0011719057,-0.0022994862,-0.00012441818,-11.701601036561609,-20.057581631370812,-19.458927915183448,2.0353940739633303,-43.355571985868366,-20.112900518618265,-12.279621151059436,-62.35921814709443,-31.08033396906215,0.9778237462469651,-84.08552416115846,-31.684323114211907,-14.350236038648408,-101.67012814761925,-40.59962798605266,-31.89539579569184,-27.228632596110028,-2.682285620326626,-32.17466312052185,-64.24437847849596,-14.644831418519363,-39.34814504107161,-101.7179366578831,-23.558130267666947
0.0,0.0,0.0,-11.769436000000006,-20.546705133333333,-17.519315733333315,1.227388899999994,-43.70581343333333,-18.31457746666672,-12.789147633333345,-61.8952709,-29.19986996666665,1.7176504666666688,-83.63580133333333,-33.48478913333332,-14.160871800000002,-100.15679146666666,-41.88641876666662,-30.70590626666667,-27.69454573333333,-1.1392161999999075,-30.863075700000003,-64.70176376666666,-13.202509666666684,-37.661916600000005,-101.63382150000002,-22.482017199999973,0.0011712936,-0.0022954044,-0.00012628477,-11.710309071993262,-20.056298190558923,-19.45735728006629,2.0256763476138686,-43.354933159862185,-20.11447195931648,-12.291633149900795,-62.36044477246173,-31.080320074261586,0.9626902197094331,-84.08386534978321,-31.687771141582246,-14.377356883122781,-101.66708679030432,-40.593305374815955,-31.89801691186994,-27.227580711711365,-2.6757108723546907,-32.18007075535698,-64.24405493439806,-14.636394825606759,-39.36384412245251,-101.71484242717428,-23.52933678717406
0.0,0.0,0.0,-11.769134062499994,-20.54677809375,-17.518341156250074,1.2269249375000015,-43.70441853125,-18.316719062500056,-12.788984906249992,-61.8941165,-29.19896131249999,1.7170935000000045,-83.63286871875,-33.486587593750016,-14.161526718749997,-100.15458815625,-41.88930518750004,-30.707192531249994,-27.69477259375,-1.1414088125000037,-30.862859687499995,-64.70063384375001,-13.204462218750052,-37.662291625,-101.63251375,-22.48506937500008,0.001168396,-0.0022944799,-0.00012268443,-11.697032033841854,-20.063616107181037,-19.457762665927152,2.0449832796461433,-43.35679850860551,-20.108349847204803,-12.265056720307843,-62.36588572249339,-31.070573734098904,1.0028206441515,-84.09327836717797,-31.676107755963233,-14.30524780988134,-101.67955469746792,-40.603295352339416,-31.895558445970508,-27.234472633354518,-2.6828076574426083,-32.17195323807731,-64.24967368805679,-14.64769089564572,-39.34311024514462,-101.75554054182835,-23.5619691728771
0.0,0.0,0.0,-11.768860562500002,-20.547487875,-17.521095312499995,1.227349468749999,-43.70614425,-18.32016281250003,-12.78729390625,-61.89429534375,-29.200255374999983,1.7189740312499993,-83.63282890625001,-33.488145843749976,-14.16068428125,-100.154705,-41.894245343750015,-30.7081336875,-27.695963500000005,-1.1466484374999482,-30.862989,-64.701412375,-13.206636499999943,-37.66158421875,-101.63374715625,-22.487500187500014,0.0011684033,-0.0022926792,-0.00012442925,-11.703358904367814,-20.061277610490563,-19.4599890980044,2.0368963053288205,-43.35652821243638,-20.115267975342455,-12.27562958920396,-62.366331132418516,-31.075190531446175,0.9862957110778503,-84.08860466017059,-31.6838590202965,-14.337086973465176,-101.66931878796562,-40.60009420748977,-31.899498592405042,-27.232090819646377,-2.6846574751138825,-32.17765179120251,-64.24762277321587,-14.643903609044127,-39.35987869813212,-101.74181680974982,-23.538269815578705
0.0,0.0,0.0,-11.768130437499998,-20.54791609375,-17.518968687500035,1.229111812499994,-43.7065439375,-18.315431625000087,-12.7864989375,-61.89407040625,-29.19762806250003,1.7194924687499975,-83.63365525,-33.484944375000055,-14.159503625,-100.15421928125,-41.89165012500001,-30.70614659375,-27.69473509375,-1.1369895937500587,-30.86170134375,-64.70152753125,-13.203295781250064,-37.66051071875,-101.63317996875,-22.48425100000003,0.0011722251,-0.0023019607,-0.00012276179,-11.6943852383394,-20.059190431443042,-19.456933824597034,2.043252854534708,-43.35399630712425,-20.107883725333892,-12.266125009623552,-62.354318808923296,-31.073096639422374,0.9948841409628026,-84.08496628175848,-31.676281575052386,-14.312322703971004,-101.68017612237942,-40.60786585647482,-31.89165974199281,-27.232200562387376,-2.6799155098719485,-32.167019139859256,-64.24700654074971,-14.64882548359281,-39.32451357238504,-101.73062678488232,-23.589510526591013
0.0,0.0,0.0,-11.769339099999996,-20.546549400000004,-17.519660533333422,1.2281039999999948,-43.70560066666667,-18.31778969999993,-12.788745033333342,-61.89356203333334,-29.204987566666603,1.720394566666677,-83.63284910000002,-33.48399359999996,-14.160738733333332,-100.15230606666668,-41.89531959999999,-30.70601013333333,-27.693386966666672,-1.139201733333266,-30.86214563333333,-64.69948756666668,-13.209554066666726,-37.6611806,-101.6315863,-22.486928299999988,0.0011704522,-0.0022981642,-0.0001232098,-11.697884849680428,-20.059771600473276,-19.458201650771787,2.0409800889163767,-43.35493266640939,-20.11118436310774,-12.270018940219469,-62.35987925859342,-31.07941320822952,0.9916470121433715,-84.08658761063737,-31.677602621905546,-14.322979208273525,-101.6729388257827,-40.60638436493409,-31.89369963590502,-27.230838811570454,-2.680448906793156,-32.17188591299334,-64.24554989167189,-14.651261730188162,-39.33994947733609,-101.73409496598764,-23.56916072877172
0.0,0.0,0.0,-11.767896266666668,-20.547924900000005,-17.510947699999917,1.228799566666666,-43.70739173333333,-18.31014499999992,-12.7863276,-61.8958121,-29.18912756666657,1.7197247333333294,-83.63289083333335,-33.47451763333322,-14.159354333333326,-100.15533123333334,-41.88123563333312,-30.706293333333324,-27.69685176666667,-1.1291910333333135,-30.86185026666666,-64.70292306666667,-13.195528133333198,-37.66102983333333,-101.6346963,-22.4742573333333,0.0011723667,-0.0023014566,-0.00012220822,-11.690781446930492,-20.063728006832562,-19.449918218915574,2.048119903950384,-43.357441159603624,-20.100745117519057,-12.259194790138743,-62.35971541273569,-31.061806054074548,1.0063138000853438,-84.09190405984599,-31.663343511883628,-14.292130607428792,-101.68677771730131,-40.601766162114885,-31.89004487476124,-27.236586585866377,-2.6741467775246814,-32.164705572808096,-64.25099565188616,-14.644089372297193,-39.31980345052101,-101.74679466924253,-23.58596954543465
0.0,0.0,0.0,-11.76941678125,-20.548312125,-17.52070150000003,1.228321500000007,-43.70689325,-18.31282993749994,-12.787168406249997,-61.89484784375,-29.195027374999995,1.718223093749998,-83.63262846875,-33.483909625000024,-14.1603900625,-100.15396346875,-41.88874159375001,-30.70461003125,-27.695882812500003,-1.1315289374999793,-30.86237003125,-64.70212565625,-13.20090378125002,-37.66103406249999,-101.63439125,-22.48086265625,0.0011691917,-0.0022942044,-0.00012389536,-11.702195421802996,-20.061632854574693,-19.459418750290126,2.037298812598479,-43.35710497314488,-20.108158283256138,-12.274446685703207,-62.36476368468822,-31.070206177065245,0.9871952805576526,-84.08880270786054,-31.679054118342737,-14.332975627400094,-101.67267713358234,-40.598887715576346,-31.893987798834132,-27.233136206734994,-2.671414032183848,-32.174910085540176,-64.24851576938894,-14.640166327287341,-39.35207276558735,-101.74078281644606,-23.54343921313886
0.0,0.0,0.0,-11.76896678125,-20.54799559375,-17.52152640624996,1.22727309375,-43.70622734375,-18.31759575000001,-12.788998812500004,-61.89371978125,-29.20157524999996,1.7169322499999993,-83.63174425,-33.48801056249994,-14.1610960625,-100.15367215625,-41.89157590625001,-30.706602750000005,-27.69491334375,-1.1402808749999735,-30.86255615625,-64.70133165625,-13.20351712500002,-37.66224993750001,-101.63326425,-22.482767187499974,0.0011692722,-0.0022903378,-0.00012805322,-11.718052913976802,-20.05598107354646,-19.459393659192784,2.0193619499528026,-43.35497066144805,-20.120153373771732,-12.30110497776391,-62.36291946751777,-31.083545297698045,0.953152742983848,-84.08199912347813,-31.69527203901935,-14.396957033835069,-101.65757593404042,-40.59440859655224,-31.90234204363921,-27.22679131271496,-2.673600576075663,-32.18538833983084,-64.24336318791437,-14.63193579475097,-39.38095978658861,-101.71667257643529,-23.50211968086382
0.0,0.0,0.0,-11.767821333333336,-20.54679956666667,-17.51576726666667,1.2280990999999943,-43.7039795,-18.316084766666563,-12.78611953333334,-61.89209356666667,-29.196768166666686,1.7175503999999862,-83.63044356666667,-33.48808393333326,-14.160284133333342,-100.15240193333334,-41.89137353333325,-30.70590866666668,-27.692881,-1.1361409000000435,-30.86221453333334,-64.69981606666667,-13.203113833333305,-37.6610385,-101.6316791,-22.483491033333337,0.001166153,-0.0022809864,-0.0001301318,-11.726721194497909,-20.059942098711435,-19.45516938703365,2.0137603343136274,-43.35988493932152,-20.12283194272863,-12.311117206854817,-62.3765497336608,-31.078170572347442,0.9455936758933156,-84.08920237621395,-31.701012818136867,-14.423597776964845,-101.64402437119102,-40.5853381479179,-31.90648378857152,-27.225026737530932,-2.6657590764587007,-32.19496029592401,-64.24345999087458,-14.622806710114846,-39.415449177841495,-101.72729454511544,-23.438949488804376
0.0,0.0,0.0,-11.769697933333331,-20.54715206666667,-17.51972439999986,1.2274209999999997,-43.70503893333333,-18.31730553333324,-12.787217499999995,-61.89335633333333,-29.199896166666576,1.718949699999996,-83.63032183333334,-33.48438716666658,-14.159997333333337,-100.15258246666666,-41.89086403333323,-30.705728933333337,-27.694531066666663,-1.1383850333333498,-30.862094733333333,-64.70047196666667,-13.201438433333294,-37.66076243333333,-101.63169666666668,-22.484493999999927,0.0012028186,-0.002367103,-0.00011128615,-11.656430636908102,-20.051786761006397,-19.45409347892679,2.1006614971875583,-43.35846310948065,-20.082903514865976,-12.22644249137486,-62.308922191105104,-31.074152394495602,1.0971987835101202,-84.1169288482327,-31.646823722620432,-14.163695151827412,-101.75229124167642,-40.690481527089844,-31.857276365239247,-27.246024275879073,-2.710892639257187,-32.10528570019548,-64.25093554048519,-14.70223596179886,-39.11345011397727,-101.68082945755518,-23.858278725262522
0.0,0.0,0.0,-11.768882062499998,-20.545838,-17.521121031250004,1.227527375000001,-43.704677875,-18.318169593749985,-12.78719075,-61.8921446875,-29.19930459374996,1.7199166875000031,-83.62950646875,-33.48277381249994,-14.159835625,-100.15085253125,-41.89165978125004,-30.70717559375,-27.692975125,-1.1406574687499642,-30.86225203125,-64.6993655,-13.201563812500012,-37.66070734375,-101.63120509375,-22.48248581249993,0.0011528066,-0.0022301024,-0.00014429781,-11.80662684036083,-20.07118218880722,-19.46361355186499,1.9623337151542515,-43.392102605625446,-20.151842504452585,-12.420003136581416,-62.44994689006319,-31.084518098732254,0.8737558132695451,-84.12887263001643,-31.740750502695057,-14.629084602924395,-101.57002620183476,-40.56284395900985,-31.942226157831872,-27.21888793656319,-2.640621282287188,-32.25473145981901,-64.24538839586131,-14.563513088328584,-39.569327491863575,-101.74200858219406,-23.06976063501791
0.0,0.0,0.0,-11.767908062500004,-20.547142375,-17.515423749999968,1.2292577812499983,-43.7053005,-18.31014265625004,-12.785229437500009,-61.89424771875,-29.191229781249945,1.7192531874999943,-83.62990759375,-33.481091562499955,-14.15785253125,-100.1531626875,-41.88189028124998,-30.70512784375001,-27.6942885,-1.1353197500000078,-30.860135187500003,-64.70117175,-13.194681062499969,-37.65922840625,-101.63199634375,-22.476646437499998,0.0011482469,-0.0022267788,-0.0001475266,-11.815732560899981,-20.062501036236362,-19.455226727138157,1.9490763248361067,-43.37581743830888,-20.146797816144847,-12.42353855633737,-62.431729471351034,-31.083396019217613,0.8609765725058888,-84.11069775485231,-31.739769629846066,-14.627029397284094,-101.57737466246903,-40.55845032464702,-31.944348711938805,-27.217479601626668,-2.630975096086604,-32.253634494702915,-64.24364557556538,-14.554397753775115,-39.561885980030226,-101.74091003342076,-23.08330281893766
0.0,0.0,0.0,-11.76966563333334,-20.545547266666667,-17.521704000000057,1.22818093333332,-43.7043796,-18.31770023333337,-12.78602753333334,-61.89164646666667,-29.197809699999997,1.7174204999999958,-83.62819363333332,-33.49081833333344,-14.159883633333344,-100.15090193333332,-41.893451033333406,-30.70638040000001,-27.6945982,-1.1427389333333051,-30.862012633333343,-64.70085633333333,-13.205326333333405,-37.660597400000015,-101.63103653333334,-22.487398233333465,0.0011648698,-0.002277075,-0.0001261305,-11.726675574701055,-20.068712833296015,-19.463553834052856,2.028165428515053,-43.38376705810234,-20.122480664700785,-12.322212245605703,-62.394784964889254,-31.077098669391468,0.9557327936190879,-84.12358342708602,-31.709127902817002,-14.459039178733674,-101.64214406620277,-40.59471978291583,-31.90257300440762,-27.230790004206224,-2.6770157045434595,-32.19169531070835,-64.24889507063969,-14.629290867482066,-39.426333309883574,-101.71721207889426,-23.422679192134055
0.0,0.0,0.0,-11.768029156249996,-20.54692059375,-17.51663121874998,1.2286790000000067,-43.7050463125,-18.314081124999973,-12.786547874999997,-61.892420937500006,-29.19746778125,1.7183585625000006,-83.62882625,-33.48814971874998,-14.159611812499996,-100.15130175000002,-41.892202406249964,-30.706464125,-27.69408390625,-1.1421576562499922,-30.86160278125,-64.70093596875,-13.200752249999937,-37.66096121875,-101.63171809375,-22.48454003124993,0.0011636778,-0.0022541357,-0.00013454436,-11.784655472587389,-20.06614478570715,-19.4579138329012,1.9813501392058948,-43.38642624738488,-20.13944887159586,-12.397907993082367,-62.41814809347288,-31.087592115693564,0.8901373787256733,-84.13163797778176,-31.738512602902077,-14.599038840639396,-101.60660878659692,-40.592592727857216,-31.926732945688798,-27.22395097636316,-2.6554054989680274,-32.2272862658716,-64.24672421114019,-14.58949279419126,-39.51443362472766,-101.71701157998332,-23.231108890422057
0.0,0.0,0.0,-11.768745781249995,-20.54672103125,-17.51934809375001,1.227314625000005,-43.70491696875,-18.31817062500005,-12.787521843749992,-61.89245834375,-29.200958249999985,1.719263218750001,-83.62921,-33.48580075000001,-14.15951646875,-100.15066128125,-41.89379015625002,-30.70582946875,-27.69439146875,-1.1388053124999828,-30.862132312499995,-64.70046190625,-13.205829499999991,-37.66056225,-101.631336375,-22.48814765625002,0.0011589497,-0.0021486671,-0.00019950239,-12.101685921789873,-20.082643735587215,-19.43605963346265,1.722519092814973,-43.4586628499236,-20.240182967316596,-12.843080149528488,-62.63376723991618,-31.057668888501283,0.6704992720324412,-84.19146426567964,-31.878329342854475,-15.029542677717671,-101.37907304311322,-40.57695343933124,-32.05717986139761,-27.194203995593323,-2.5257676796853,-32.43015964487441,-64.24871287997341,-14.362208807227919,-39.63338940776611,-101.74705005473679,-22.180636111910193
0.0,0.0,0.0,-11.768115633333345,-20.546974166666672,-17.521417099999894,1.227664199999985,-43.704252933333336,-18.31635129999995,-12.78617293333334,-61.89222803333334,-29.196393899999972,1.71861453333333,-83.62807930000001,-33.48712449999999,-14.159289333333348,-100.1490127,-41.894631033333326,-30.705063400000007,-27.694638333333337,-1.1430888666666306,-30.86142976666668,-64.69974493333335,-13.202724100000069,-37.65962390000001,-101.62992936666666,-22.48585506666666,0.00024327886,-0.00072186906,-0.00012311945,-12.999751569006728,-20.73232027783203,-19.086255667083996,1.4954018021055182,-45.1926732094,-19.625137630235876,-13.855636892981146,-63.52439639144272,-29.634883683006336,1.0121784285360649,-84.8793093299602,-32.09594822002512,-15.16171053908732,-101.37016035507786,-40.668274588105184,-32.437586021981595,-27.551055047053982,-2.1319008832922677,-32.84603319201783,-64.75200131650222,-13.444836707070836,-39.014574891951405,-101.9845625309151,-21.058149519915133
0.0,0.0,0.0,-11.768285250000003,-20.54576365625,-17.52064218749996,1.2280703750000015,-43.7034998125,-18.315018624999997,-12.78649121875,-61.89161840625,-29.198703749999996,1.7186030624999944,-83.62661609374999,-33.48667040625003,-14.157890281250005,-100.14868703125,-41.89065643749996,-30.704200031250004,-27.692969,-1.136403874999985,-30.860547468750003,-64.69895478125,-13.202323874999934,-37.659389843750006,-101.629347875,-22.484113593749957,0.00011709778,-0.0005262367,-0.0001323828,-13.06252608961188,-20.790652416274632,-19.025623962902685,1.3942598632350298,-45.36573526048206,-19.414725117420616,-13.91870637782536,-63.51414138977278,-29.491121262300943,1.006181488330974,-84.88334295598166,-32.10352432054402,-15.188068161065102,-101.33329601031988,-40.65152968746723,-32.46954349833679,-27.5771362066485,-2.069219616289975,-32.8555145651786,-64.78978775703587,-13.311207549979795,-38.998567258199905,-101.94209930785438,-21.031946112405322
0.0,0.0,0.0,-11.767015156250013,-20.54623478125,-17.516308750000007,1.2285203437499916,-43.70494378125,-18.31540209374998,-12.785848281250004,-61.892273875,-29.19868278125,1.7175274062499994,-83.6278315625,-33.4881983125,-14.158325875000005,-100.14965253125,-41.89111037500004,-30.703450750000005,-27.692903718750003,-1.144103125000015,-30.860146531250003,-64.70009737500001,-13.203465437499972,-37.65926003125001,-101.6310576875,-22.48397159374997,0.00023141809,-0.00063971314,-4.9851395e-05,-12.875078023753263,-20.74451926417345,-19.169451195614496,1.795910916253711,-45.172221766946116,-19.550377093871624,-13.723659954382672,-63.56429695428397,-29.768637242657107,1.1276898173651606,-84.95651425255886,-32.114628537105794,-15.121812796157858,-101.44191011687975,-40.70714952888218,-32.372072327314605,-27.62755539359318,-2.244753672685037,-32.81203372395684,-64.81286842618016,-13.62467687723395,-39.042380282445045,-102.03803659545437,-21.097845142370282
0.0,0.0,0.0,-11.766944406250005,-20.545775125,-17.51433381250007,1.2282230937500032,-43.70389065625,-18.31266125000002,-12.786387531250009,-61.8917004375,-29.196467562500004,1.7180707812499918,-83.626145875,-33.48314478125002,-14.157615750000003,-100.14819328125,-41.88568984375007,-30.703048593750005,-27.6925603125,-1.1370679062500244,-30.86030415625,-64.69951578125,-13.19663625000004,-37.65886275,-101.6296169375,-22.47930721875008,-2.8812326e-05,-0.00020643705,-0.00011615144,-13.113681983005419,-20.940145108029157,-18.93938476451566,1.4608470434300138,-45.53890276768598,-19.073329803917254,-13.899179208108736,-63.550757433834825,-29.29251217102343,1.102183065923961,-84.92389016594717,-32.09154782903127,-15.148326154317676,-101.31649053869006,-40.5997760001996,-32.51831799190767,-27.73994830753061,-1.9752512931286241,-32.839760925928935,-64.95812939443576,-13.074694066785042,-38.893344777164295,-101.93267897473372,-20.935219291786048
0.0,0.0,0.0,-11.768401733333334,-20.54855376666667,-17.519739799999968,1.227226299999998,-43.70590703333334,-18.31366883333328,-12.78689323333333,-61.892855100000006,-29.19153250000005,1.7178149999999943,-83.62822723333335,-33.48268633333328,-14.158175066666672,-100.1493703,-41.88589483333328,-30.70403173333333,-27.694029433333338,-1.138744266666663,-30.860417566666666,-64.70055296666668,-13.195083699999884,-37.65885926666667,-101.63103723333332,-22.47911376666661,0.00018886698,-0.00053310324,-5.945483e-05,-12.911832039200725,-20.77351765656468,-19.145150020180083,1.886646738642599,-45.21493963336571,-19.448563232447114,-13.723804336695263,-63.57113410589343,-29.744322842512023,1.1934823856963264,-84.99522202902963,-32.12018842943883,-15.108357633586385,-101.46309053454104,-40.71487295698797,-32.389864890638016,-27.697601373503478,-2.2148268875538935,-32.814376616813334,-64.88100495465622,-13.581711570672129,-39.010958682164286,-102.06226066084099,-21.069903517562697
0.0,0.0,0.0,-11.7669444375,-20.547383000000004,-17.518871343749936,1.2288043437499994,-43.70446925,-18.314205062499923,-12.785166343750006,-61.8919295,-29.19656462499995,1.7195383437499956,-83.62583809375,-33.48486328125,-14.156532812500004,-100.14807553125002,-41.890610624999965,-30.70403871875001,-27.69387440625,-1.141978281249976,-30.860235500000005,-64.70014759375,-13.200517624999977,-37.65812456250001,-101.63003775,-22.483717749999983,-1.6738835e-05,-0.00019808824,-0.00011776245,-13.126030927997315,-20.945300048635595,-18.931155286076276,1.4544904899985565,-45.54516012287581,-19.06315290708137,-13.904610923076604,-63.547005117930084,-29.283561939611698,1.1064685709813749,-84.92797280524323,-32.09612621224022,-15.148326033964812,-101.31485613013048,-40.60415454726836,-32.526582717961304,-27.752294735475594,-1.9635136950162244,-32.83705264631835,-64.96808344068387,-13.057673822370528,-38.88686293198769,-101.93130617697676,-20.934705369721602
0.0,0.0,0.0,-11.76730409375,-20.548968,-17.519536937499993,1.2272265000000004,-43.70601834375,-18.317972124999983,-12.785800218750005,-61.89311015625,-29.194692562499995,1.717417031250001,-83.62865921875,-33.48517987499997,-14.159373093749998,-100.15002115625,-41.89174071874999,-30.7054155,-27.69482434375,-1.140198656249936,-30.861095875,-64.700782,-13.201338843750024,-37.66029084375,-101.6315315625,-22.484312093749963,-8.1566744e-05,-0.0001386363,-0.00014142435,-13.19840980843081,-21.030702939834356,-18.830974271554012,1.3614086148981392,-45.62723106896816,-18.857357724085915,-13.924581691987694,-63.535015872944,-29.109121693051456,1.112056221049201,-84.90167280726287,-32.06638648167781,-15.13588551887905,-101.26786191993844,-40.55127232650606,-32.57680793568427,-27.802486737798674,-1.8375501892455892,-32.80299696097778,-65.01596913142733,-12.841231575757627,-38.8200390052054,-101.89743885206757,-20.87674327240649
0.0,0.0,0.0,-11.768764666666662,-20.54809983333333,-17.52175186666659,1.2267619333333355,-43.70414233333333,-18.319732666666653,-12.788817866666667,-61.89420463333333,-29.203755633333287,1.715618999999997,-83.62741676666667,-33.49158523333335,-14.160077200000003,-100.14825606666666,-41.89807849999994,-30.70653373333333,-27.69466,-1.14125046666652,-30.862837,-64.70155243333333,-13.207035266666535,-37.66008816666667,-101.6302983,-22.489611633333368,-0.00010396281,-0.00014132152,-0.00013415188,-13.188859960262732,-21.013536002057734,-18.850923988684443,1.3541209165552148,-45.61218905355978,-18.905511979058076,-13.923182542299113,-63.54019629986021,-29.14108014848197,1.100064921030821,-84.89880114120817,-32.07571979197385,-15.136924512483645,-101.27489709135827,-40.5652434278416,-32.56984820459103,-27.77594088186965,-1.8633672158450254,-32.81486444889177,-64.99687037062274,-12.887072527135494,-38.832559941208956,-101.90671579614775,-20.89308311629239
0.0,0.0,0.0,-11.766429343749998,-20.546985125,-17.513436312500062,1.2292793749999973,-43.7046340625,-18.311273656250023,-12.783665437499998,-61.89084775,-29.190688218749983,1.721777843749997,-83.6258029375,-33.47846696875001,-14.156150812499996,-100.147509875,-41.890004281250015,-30.70296046875,-27.6942736875,-1.1316710937500147,-30.8588935,-64.70051353125,-13.200215531250024,-37.65748146875,-101.630659375,-22.48463537500004,-9.839004e-05,-0.0001251184,-0.00014356703,-13.187720485430942,-21.028575962117024,-18.83555648713783,1.3601765961287071,-45.621773811552195,-18.86574737078018,-13.91712785206317,-63.536839210781565,-29.11338966891368,1.1119911682010222,-84.90009207922851,-32.06271720498675,-15.132671153820151,-101.2695298828358,-40.55303789236654,-32.56905592452443,-27.79559432159866,-1.8440066039163068,-32.80407137823242,-65.01350057264031,-12.856235685972798,-38.8231506626811,-101.90082704982161,-20.882067199289096
0.0,0.0,0.0,-11.76844890625,-20.54769353125,-17.519831750000037,1.2265105937499925,-43.70431665625,-18.31860753124994,-12.786687562500006,-61.8913186875,-29.19691178124998,1.7180774375,-83.62728103124999,-33.48688615625002,-14.159377343750007,-100.1469849375,-41.89787484375,-30.707010093750004,-27.69294615625,-1.1484166249999248,-30.862106687500003,-64.69968090625,-13.205541656249975,-37.6598649375,-101.62960934375,-22.48827090624997,-0.00013583916,-4.0264145e-05,-0.00019026833,-13.198410298382884,-21.155609665801894,-18.779057063580126,1.3455249350364982,-45.68792797511948,-18.544708663978277,-13.930681991776098,-63.51234480792945,-28.944818420229296,1.119782832404218,-84.85259940762114,-32.0237940736932,-15.144874026215321,-101.17596861537606,-40.49431192050271,-32.5891362349704,-27.87721889174202,-1.7992966043272425,-32.75322423670423,-65.06621626793273,-12.66765110629776,-38.785830528834474,-101.80009304603841,-20.84414901466625
0.0,0.0,0.0,-11.767092366666668,-20.54729143333333,-17.517237533333343,1.2289204666666649,-43.70482953333334,-18.314170333333323,-12.783124066666666,-61.89089556666667,-29.192480533333253,1.7211711666666574,-83.6246833,-33.48445140000001,-14.155184500000011,-100.1468495,-41.89326590000002,-30.70334786666667,-27.69542896666667,-1.134898933333318,-30.85921406666667,-64.70057066666666,-13.199598333333256,-37.6563268,-101.6299629,-22.48771056666669,-0.00014252216,-3.2184136e-05,-0.00019636484,-13.196962966777512,-21.169867628194574,-18.769383271069472,1.3385427512551646,-45.692286802896895,-18.50909738733191,-13.926543893580401,-63.50923730210187,-28.92125898778581,1.1207058947264352,-84.84332678087151,-32.016681144230006,-15.141164049402562,-101.16661302442617,-40.483327361477905,-32.58689191748385,-27.883768509922163,-1.780491703644088,-32.74412904430433,-65.06974468068445,-12.642098490776128,-38.77880561720586,-101.79203405957749,-20.840356857180673
0.0,0.0,0.0,-11.76816993333334,-20.54853886666667,-17.521024500000067,1.2279279666666625,-43.705886033333336,-18.31601646666678,-12.786825966666676,-61.891972566666674,-29.196587133333423,1.7172248999999908,-83.62554756666665,-33.49063310000008,-14.158404766666663,-100.1452281,-41.89670603333343,-30.70492133333333,-27.695407700000004,-1.1378214666667077,-30.861158066666672,-64.70145593333334,-13.203764833333423,-37.6592367,-101.62880456666667,-22.48749493333338,-0.00014907459,-2.4630572e-05,-0.00021110706,-13.216091009903918,-21.193900796367014,-18.74046393503411,1.3209181698861658,-45.700297518321086,-18.432959404265183,-13.942983225580457,-63.49207520205695,-28.875694707623406,1.1164890573304824,-84.82547087250907,-32.007629220224864,-15.147956357714138,-101.13201975196358,-40.465961512368764,-32.59997975786179,-27.90082166362809,-1.7432623565728251,-32.72563447098957,-65.07133650752806,-12.581739031170416,-38.76601498755327,-101.75803121258156,-20.826669145905257
0.0,0.0,0.0,-11.767274656250002,-20.54725040625,-17.51599793750006,1.2275345312500008,-43.704745375,-18.315069375000064,-12.785014812500002,-61.89030546875,-29.195443281249997,1.7208350937499972,-83.62155990625,-33.483125687500035,-14.1552055625,-100.1450801875,-41.89390768750002,-30.70395903125,-27.69539228125,-1.1411744687500232,-30.85997340625,-64.69942721875,-13.19915874999998,-37.65717384375,-101.62880925,-22.484672750000016,-0.0001324541,-4.014562e-05,-0.0002087269,-13.214077113620222,-21.187323410342202,-18.739545729284213,1.3275466608530366,-45.69772505693328,-18.449343577039766,-13.937585899409493,-63.4947973703304,-28.883697186834713,1.1235482442097497,-84.82595882157834,-32.00235842958197,-15.141166233625619,-101.13986904568327,-40.46622541100152,-32.59857337749065,-27.900013446770505,-1.7482713783453054,-32.726967801023385,-65.07114534166979,-12.585841893083636,-38.76283203417114,-101.7667136273774,-20.823798778666006
0.0,0.0,0.0,-11.767006343749998,-20.54700775,-17.517418937499997,1.227789187500008,-43.7053525,-18.316365312499958,-12.785437187499994,-61.89105378125,-29.19537834374995,1.7184116250000017,-83.62431071875,-33.48817059374994,-14.15671609375,-100.14580221875,-41.89263628125002,-30.704348,-27.6939668125,-1.1375723124999697,-30.86047265625,-64.69970640625,-13.201151843749926,-37.65814553125,-101.6301418125,-22.48339471874999,-0.00012444874,-4.5362307e-05,-0.00020627944,-13.215479292288421,-21.189487686134658,-18.737724493095318,1.3364592396110826,-45.69923891921595,-18.428649625920652,-13.942991196775505,-63.49099173313179,-28.878728275475062,1.1229330707499252,-84.82530801511766,-32.00391630773766,-15.147011041265703,-101.13207557293497,-40.462048713937335,-32.599351783742826,-27.906767111889998,-1.740628439390235,-32.724073756535546,-65.07264496056114,-12.578329418236171,-38.76346720147882,-101.75688833420818,-20.821408159069847
0.0,0.0,0.0,-11.766604352941163,-20.54797373529412,-17.517008235294043,1.2279780882353108,-43.705385382352944,-18.31561908823528,-12.78507055882352,-61.89201820588236,-29.198040382352985,1.718929205882361,-83.62460167647059,-33.48836211764706,-14.15582044117646,-100.14625423529414,-41.89357005882352,-30.704774441176465,-27.69474861764706,-1.141162735294131,-30.86040605882352,-64.70060829411764,-13.203648441176426,-37.65756473529412,-101.6302511470588,-22.487192705882364,-9.094787e-05,-7.811037e-05,-0.0002003795,-13.226126800505547,-21.151062649815728,-18.74423192567686,1.3302201423735147,-45.69207125748583,-18.522079243987154,-13.944259339856854,-63.49833483496671,-28.92230816252089,1.1254066273906114,-84.84353671694969,-32.01801239193119,-15.139229624404859,-101.16195127106738,-40.47890900052599,-32.60184953990539,-27.885504394482414,-1.745081855198932,-32.73852422096909,-65.06300857356639,-12.619406876004597,-38.76484492099688,-101.7881449576783,-20.829181808777605
0.0,0.0,0.0,-11.766059937499996,-20.54855434375,-17.514116249999972,1.2284788750000075,-43.70566209375,-18.312573499999985,-12.784245124999998,-61.892399125,-29.19199481249996,1.720476750000003,-83.62521171875,-33.481899343749944,-14.155335625000006,-100.14602246875,-41.89130793749996,-30.70378546875,-27.69596246875,-1.1350440937500252,-30.85962965625,-64.701196375,-13.199715593749945,-37.65653428125,-101.62984003125,-22.48586746875003,-6.0071645e-05,-0.00011821141,-0.00017921164,-13.23425401346421,-21.10329985379751,-18.75373860151906,1.3245461344409462,-45.677424992777354,-18.633388324599405,-13.945160995574572,-63.506218571988676,-28.973222935949877,1.124097695885277,-84.86519415476997,-32.030425753850636,-15.13502127496392,-101.19804736754976,-40.50081894453376,-32.601265287977775,-27.857866642386252,-1.7460738591317924,-32.75736633049655,-65.0474831996363,-12.671813187709843,-38.77342278271903,-101.82699237139822,-20.83853901635799
0.0,0.0,0.0,-11.778176093749993,-20.54287859375,-17.535612218749975,1.2368030312500051,-43.7109810625,-18.31878756250001,-12.789740374999994,-61.91077815625,-29.21509081249997,1.7223500937500091,-83.67701625000001,-33.48275471874996,-14.173580187499994,-100.22873540625,-41.88249775000003,-30.7239384375,-27.69956465625,-1.1490231562499955,-30.87240721874999,-64.70925025,-13.21690753125,-37.67680240624999,-101.66025596875,-22.465281500000003,-8.677965e-05,-8.138479e-05,-0.00020680732,-13.24020735134783,-21.158351281200147,-18.753667214556724,1.3410555075020434,-45.70070129394806,-18.49241020434602,-13.951275121981288,-63.5122331330255,-28.921528231580535,1.1306921150691411,-84.8874872239974,-32.004681358807,-15.158181090585309,-101.23090091800923,-40.45904232439516,-32.623277453708276,-27.89966011368933,-1.7427176142173308,-32.74293115012653,-65.0738770116642,-12.610122934522341,-38.77846918482025,-101.80476575017295,-20.802318111326723
0.0,0.0,0.0,-12.71162055882354,-21.12731873529412,-17.737768823529393,0.8522375882352904,-45.308089205882354,-17.59713564705885,-14.442814264705888,-64.65237073529411,-27.751117470588213,0.0641954411764658,-88.6454885,-29.715710794117623,-17.857726941176473,-106.90292820588236,-36.1382456764706,-31.85546644117648,-27.88782902941176,-0.8386365588235094,-32.62023776470589,-65.6818635882353,-11.277669529411751,-41.00255691176471,-103.9082881764706,-16.00038608823536,-0.00014127509,-2.8801704e-05,-0.00021327646,-14.126534601772775,-21.71683534217322,-19.022482185053594,1.0584970251365209,-47.275411859303105,-17.892260403774905,-15.650517319196709,-66.22946742843978,-27.518266976402444,-0.5525183547945474,-89.74262772977043,-28.161378267160227,-18.898593249233045,-107.7486244346647,-34.65453572591558,-33.722285668210105,-28.086240322177957,-1.528287871067905,-34.540122378956916,-65.96841630214367,-10.796077783101731,-42.15032172222454,-103.88468053588547,-14.362680797538616
0.0,0.0,0.0,-13.05318568749999,-21.2757190625,-17.849410031250045,0.7263514375,-45.7656373125,-17.517915750000043,-15.006295124999994,-65.4649698125,-27.482433281250053,-0.4623558750000001,-90.13750371875,-28.67587853125002,-19.12098,-108.8939835,-34.36478046875004,-32.22110075,-27.94534721875,-0.7525538124999684,-33.167286687499995,-65.96620584375,-10.786692718750032,-42.05924946875,-104.4964153125,-14.142310968749996,-0.00014974418,-2.1903019e-05,-0.0002119709,-14.444051200333428,-21.855339351061428,-19.164527305982052,0.9800854912000682,-47.721243778300135,-17.851415946272287,-16.22074307441395,-67.03986985191347,-27.270758899191918,-1.0836125729881538,-91.1935998787523,-27.095150529336586,-20.176129745002434,-109.69149376315502,-32.864568351820004,-34.07199002605988,-28.136945876717693,-1.4856969377023472,-35.10480605132027,-66.22217153865931,-10.361839476028404,-43.22340842757743,-104.42305524861462,-12.517702640687952
0.0,0.0,0.0,-13.365245500000007,-21.47910103125,-17.744547749999924,0.5577376562499907,-46.32332709375,-17.216094968749985,-15.554593187500004,-66.426971375,-26.575883968749963,-1.1348550312500052,-91.716869125,-27.1268893125,-20.534174281250003,-110.87984421875,-32.00183393749995,-32.587501375,-28.00701946875,-0.5216676249999637,-33.80995659375,-66.24809218749999,-10.048846187499976,-43.224940875,-104.9759893125,-11.69294071874998,-0.00010154332,-7.567805e-05,-0.00020206162,-14.715530447808732,-21.981376679070863,-19.131793126033784,0.905618357882646,-48.19047391764359,-17.842786085214602,-16.7715870258542,-68.01390200448888,-26.551859510422418,-1.7464576968973622,-92.75059692695854,-25.527717961196135,-21.591511659078613,-111.67631164524106,-30.502608368085788,-34.41230397148289,-28.1681736680589,-1.3242414894600647,-35.781204559992084,-66.46260149559383,-9.787757673146036,-44.423168239222875,-104.90372422143875,-10.093244203706762
0.0,0.0,0.0,-13.972448764705888,-21.79484547058824,-18.023195294117613,0.325613764705885,-47.15758597058823,-16.914401852941126,-16.646929117647048,-67.83850794117647,-26.13316064705873,-2.1206124705882274,-94.15758661764706,-24.83201770588232,-22.725550352941173,-113.9340027352941,-28.30259152941176,-33.194912499999994,-28.084992852941173,-0.5510782352941419,-34.717111647058815,-66.71508702941176,-8.984261882352882,-44.97672008823529,-105.6468830882353,-8.118938617647018,-0.00012583457,-4.8526417e-05,-0.0002170388,-15.285832096663517,-22.279846939893375,-19.4514101932514,0.7818234293946937,-48.96141905782533,-17.64792685949045,-17.870376586886277,-69.42064131363205,-26.138663534890185,-2.7408262174231472,-95.10828701951215,-23.185353303482568,-23.829477319686386,-114.6252908991785,-26.78487418861142,-35.00330332724813,-28.250003804236798,-1.3892273878185066,-36.70730345725993,-66.87020407755979,-8.861480532049805,-46.22954635325683,-105.4625169216174,-6.570896154961062
0.0,0.0,0.0,-14.115113941176476,-21.79810579411765,-18.063977529411773,0.3407617058823575,-47.29205073529412,-16.884422735294095,-16.845004352941174,-68.13223323529411,-26.117323029411693,-2.247462029411764,-94.75300323529412,-24.451682705882376,-23.22827064705882,-114.72681047058823,-27.5776223823529,-33.34711823529412,-28.135216911764708,-0.5578981470587792,-34.90475497058823,-66.81891870588237,-8.91805058823519,-45.35899335294118,-105.80711697058824,-7.474289852941126,-0.00014644486,-2.7300324e-05,-0.00021691552,-15.407173302256105,-22.312034700896305,-19.50149611580424,0.7942404189033685,-49.11470792777884,-17.57164745510599,-18.07304121888909,-69.71063237298155,-26.093206271330263,-2.878540939247383,-95.67128828386689,-22.790811856259083,-24.344054925584867,-115.37292253571275,-26.048712756804463,-35.14845719595329,-28.30301740227846,-1.4105533787876787,-36.89436054479717,-66.96822982206457,-8.779573696079451,-46.616770740047905,-105.58513788641588,-5.935224769628219
0.0,0.0,0.0,-14.305290218749995,-21.976172875000003,-18.09148603125004,0.194418750000004,-47.67887625,-16.72699650000004,-17.271510218749995,-68.697849375,-25.680677468750048,-2.724299687499993,-95.612321875,-23.428729125000014,-24.09876428125,-115.67254721875004,-26.00485425000005,-33.526910968749995,-28.1422191875,-0.4168691562500157,-35.301103031249994,-66.97178128125,-8.438609250000013,-46.05737215625,-105.93610671875,-6.055664125000021,-0.00013411097,-4.4481712e-05,-0.00021244447,-15.565690569828845,-22.442683968919372,-19.572620175833325,0.7489094724845061,-49.411761255841306,-17.5574479406087,-18.487338077690517,-70.2834166783716,-25.768648736235725,-3.3449289151940813,-96.50022098292443,-21.74752285095782,-25.234154788301456,-116.29875098037097,-24.482107637648138,-35.30287208240183,-28.303857697530088,-1.3223166229049241,-37.29753464648663,-67.09068246040425,-8.427504508698727,-47.355912733505406,-105.68618187894026,-4.555220875934178
0.0,0.0,0.0,-14.604913294117644,-22.07800252941177,-18.186493941176423,0.116085882352948,-48.06726614705882,-16.623047794117497,-17.77527258823529,-69.38943064705882,-25.40541620588232,-3.213859500000005,-96.81175582352942,-22.42414049999985,-25.298465058823528,-117.1031177352941,-24.19943332352932,-33.85591385294117,-28.210993529411763,-0.3223814411763328,-35.74590376470588,-67.20138297058824,-8.04840449999989,-46.92835523529412,-106.15228511764704,-4.376196470588184,0.00019035468,-0.000430961,-0.00011274518,-15.331045263802773,-21.883038665402612,-20.039794093426945,1.0159735858459564,-47.993787154356774,-18.407649418775947,-18.065999014871238,-69.92685861017829,-27.309792568189085,-3.5539067,-96.042854,-21.048492,-26.339987448039224,-116.45537801792489,-25.779200512486245,-35.32748232317193,-28.130007081070477,-1.6743901070538025,-37.17555522411604,-66.90262905039125,-9.414729058724259,-48.13705606430684,-105.8214159098153,-5.934903586518806
0.0,0.0,0.0,-14.691546676470589,-22.154827294117645,-18.162052852941144,0.0570510588235322,-48.236026058823526,-16.54022652941177,-17.96397058823529,-69.63013052941176,-25.169201147058857,-3.4421960000000027,-97.18586891176471,-21.95933973529412,-25.72527773529412,-117.51041347058823,-23.439353470588287,-33.94706823529411,-28.22599811764706,-0.2839452941176432,-35.91567067647058,-67.28455314705883,-7.784444470588255,-47.26050367647058,-106.17130214705882,-3.721591735294112,4.8860646e-05,-0.0003035829,-0.00013994232,-15.706288103140361,-22.066771466734227,-19.88325766593233,0.7440060429163138,-48.44193117766746,-18.407228385828613,-18.783701513572094,-70.53522148904219,-26.753136614444365,-4.319861773040598,-97.14022062420162,-20.16278218690453,-27.65269058496332,-117.28707099560121,-22.954381465420237,-35.58069231656787,-28.125999148731626,-1.4334115038421078,-37.628427911044504,-66.98927631798287,-8.77402733706561,-49.165034466971555,-105.68199942663209,-4.086756514286709
0.0,0.0,0.0,-14.788230374999998,-22.193397000000004,-18.1757516875,0.0274343124999916,-48.3537819375,-16.50648781250004,-18.133759562500003,-69.8217695625,-25.098969437500045,-3.6123631250000017,-97.5346198125,-21.650210312500008,-26.11535034375,-117.87645746875,-22.94525625,-34.032117,-28.260773281250003,-0.2819556875000444,-36.05018784375,-67.3543351875,-7.650478249999992,-47.53917034375,-106.190721125,-3.3110130937500344,0.0001494003,-0.000391431,-0.0001485645,-15.718765976850678,-21.966661390287946,-19.93151205183703,0.6953592874255107,-48.25431345468783,-18.38903455794829,-18.721024739298418,-70.34844012793069,-26.93683170862616,-4.498664961206332,-96.3731010667193,-20.284434614100984,-27.327034456172317,-116.75683063101125,-24.075856690437945,-35.62721145922388,-28.108744575099056,-1.4788520650780455,-37.629691013060025,-66.97731738655678,-8.817965858461658,-48.95573082450761,-105.69733924167109,-4.633862564233578
0.0,0.0,0.0,-15.138755823529417,-22.36338332352941,-18.352426911764667,-0.1362760294117677,-48.75220314705882,-16.390066735294056,-18.73471402941177,-70.41516288235294,-24.75314338235296,-4.258812852941183,-98.55043594117646,-20.61472994117645,-27.391442500000004,-118.89913988235294,-21.161421941176457,-34.2845645,-28.32663370588235,-0.2407326470587918,-36.52937217647059,-67.49225211764706,-7.273633235294085,-48.46247726470589,-106.19494791176469,-1.730333235294097,-4.5684326e-05,-0.00028361267,-0.00014880371,-16.271018093775513,-22.242310900937895,-19.996605618555684,0.4767834866617025,-48.86777677727335,-18.290277451438662,-19.683896441824377,-71.27434468439841,-26.289652210508688,-5.017635698439036,-97.87746206956098,-18.890985744007562,-28.966465997032177,-117.70460188379003,-20.85748123349506,-35.995432434829056,-28.177691211559406,-1.2657921784805717,-38.306193389369554,-67.12250725585521,-8.113987395497265,-50.2753666625412,-105.46522033938633,-2.1556915563918624
0.0,0.0,0.0,-15.221063823529406,-22.43614526470588,-18.35170435294117,-0.1983167352941137,-48.903884,-16.296034088235274,-18.88298870588235,-70.63374823529412,-24.4762925,-4.457134499999995,-98.8498586470588,-20.152722617647044,-27.72491076470588,-119.16666361764706,-20.48169479411763,-34.34134282352941,-28.34153126470588,-0.1592650000000048,-36.6835079117647,-67.53709297058823,-7.054841823529387,-48.726086,-106.18686620588235,-1.1542817058823402,-1.20016775e-05,-0.00032221494,-0.00015001293,-16.31673908414462,-22.222941230228553,-20.01123433548393,0.4017782694238921,-48.826854836234496,-18.202326954833186,-19.696650236291532,-71.24204076271994,-26.199062105899202,-5.146699305789039,-97.58778416108525,-18.762877888739624,-28.7307928974767,-117.57193699653844,-21.148814077979146,-36.032135727997876,-28.161122101467598,-1.2121998925829969,-38.39289948903123,-67.11720594689704,-8.004407683755,-50.22032505507073,-105.44687667065867,-2.258666210509591
0.0,0.0,0.0,-15.244631499999995,-22.39781071875,-18.42675587499997,-0.1568311249999965,-48.85669921875,-16.419516437499965,-18.8795875,-70.60197896875,-24.71258437500001,-4.399881874999991,-98.86814209375,-20.378400750000026,-27.73424153125,-119.238958625,-20.68628593750003,-34.368342875,-28.36571390625,-0.2525729687500302,-36.66252959375,-67.54937396875,-7.24106015625,-48.70546675,-106.22075009375,-1.3661985312500065,-0.000115712624,-0.00014896708,-0.00013533389,-16.409200085112367,-22.43757264235493,-20.052240110543522,0.5615862636066434,-49.366320327532996,-18.21511182099548,-19.948098232642646,-71.80518234395,-25.90026549892799,-5.050306103710775,-98.95085289023145,-18.48892800691761,-29.324493787163416,-119.16594454487509,-19.475597411633114,-36.09849802330714,-28.315040606740435,-1.2545686670956535,-38.526171098396404,-67.30521066586375,-7.924598468038725,-50.55601897823701,-105.69887379479343,-0.8156519127385271
0.0,0.0,0.0,-15.410632735294117,-22.54042129411765,-18.326424147058788,-0.2953179705882292,-49.17458514705882,-16.20538329411761,-19.24773941176471,-71.03983500000001,-24.18958252941178,-4.851963529411755,-99.5160388235294,-19.39173882352941,-28.523767529411764,-119.8519115,-19.214049382352982,-34.51049723529412,-28.374744000000003,-0.1137389705882583,-36.98066832352941,-67.637475,-6.718656705882324,-49.30034126470588,-106.17984182352942,-0.0982970882353129,0.00019715159,-0.00056234153,-0.00017289467,-16.11959000773728,-21.93511913934893,-20.09588420235314,0.2712825135697491,-48.47871833150082,-17.99276497309866,-19.270669274898825,-70.6892023503636,-26.15847332536406,-4.743527358285144,-97.62279650394387,-20.02725051981973,-28.100131357809275,-118.60941471650638,-20.722934446603407,-36.05016981274644,-28.04820830275352,-1.347749826563632,-38.27748728775296,-67.03715950158089,-8.117900028677884,-49.33634736098375,-105.78669635061601,-2.058944990883446
0.0,0.0,0.0,-15.396066558823527,-22.476960941176472,-18.41401323529408,-0.205286911764702,-49.09000547058824,-16.29002476470589,-19.135257117647058,-70.96929473529413,-24.37755735294121,-4.705338705882355,-99.45874735294116,-19.67849835294112,-28.39880902941176,-119.8589796764706,-19.62015594117645,-34.50340717647059,-28.402966176470592,-0.1682909117647,-36.92413594117647,-67.65204341176471,-6.956432588235316,-49.18234547058823,-106.2338870294118,-0.440175852941195,0.00019247524,-0.0005373516,-0.00017071878,-16.14583884523206,-21.919358237792746,-20.182323373169474,0.354201682349813,-48.44710075252186,-18.099346747257297,-19.23159003322219,-70.68866582334768,-26.355426757921364,-4.656681938519445,-97.52829388147623,-20.1990575844401,-28.015203947414328,-118.57846243867662,-21.107812737879986,-36.05437712604522,-28.085301077866923,-1.390412468994423,-38.271824123118456,-67.05729582995572,-8.309211904379037,-49.303124697107194,-105.81368294020972,-2.391801047966953
0.0,0.0,0.0,-15.476730624999997,-22.56610921875,-18.36482993750002,-0.3005034374999979,-49.2722136875,-16.15089981250003,-19.37442015625,-71.20678465625,-24.20874868750002,-4.952914499999992,-99.789319375,-19.10612096875002,-28.7814228125,-120.16501940625,-18.721084468750007,-34.59305090625,-28.38841159375,-0.1551703437500009,-37.07583615625,-67.6889495,-6.64712234374997,-49.49569334375,-106.20437103125,0.3105584374999921,0.00017667617,-0.00050377974,-0.00016097394,-16.100986726832605,-21.994330855901993,-20.17683816681456,0.34646027702583465,-48.60494265278053,-17.921828190021646,-19.301505678724517,-70.88926742690762,-26.182036879335648,-4.716350520516527,-97.94265803682629,-19.836791472948335,-28.31262116976458,-119.00490264823385,-20.281326157572188,-36.095835330088065,-28.107411104358967,-1.444618947003224,-38.30868777249393,-67.12799935789977,-8.118656179719242,-49.49297360580021,-105.8786739091434,-1.662741840632295
0.0,0.0,0.0,-15.521065529411764,-22.55339676470588,-18.43330752941182,-0.2579108823529452,-49.30038005882353,-16.13911720588237,-19.38710147058824,-71.33298094117647,-24.17306529411769,-4.92345217647059,-99.9868439117647,-18.94104920588245,-28.880177941176477,-120.43627929411764,-18.41776691176477,-34.65760952941177,-28.40966176470588,-0.1909835294118238,-37.120394088235294,-67.73639864705882,-6.676506558823519,-49.57047276470588,-106.26930373529412,0.549836852941155,0.00017214738,-0.0005165546,-0.00015540878,-16.027933292286164,-21.954799131316783,-20.273080869869734,0.4075445964393825,-48.5883188848859,-17.885581602976064,-19.20175590830237,-70.92735666982364,-26.122710383109638,-4.637749386528018,-98.1828483496973,-19.755895159336333,-28.35210481302832,-119.29526883112963,-19.973155575308294,-36.11018878306216,-28.118238220431397,-1.5345183557959319,-38.27107559788371,-67.1602570305184,-8.207516977156272,-49.47457501891523,-105.95954504998531,-1.4237013856617933
0.0,0.0,0.0,-15.594063558823528,-22.642925029411764,-18.457754823529456,-0.3025790294117598,-49.48947394117647,-16.030679176470585,-19.578538352941173,-71.57202894117647,-24.040925088235383,-5.1050957058823485,-100.34199944117648,-18.393719000000036,-29.22958497058823,-120.83648885294116,-17.551943676470728,-34.753069147058824,-28.41297202941176,-0.205363705882462,-37.28409008823529,-67.81871173529412,-6.408231911764801,-49.83776976470588,-106.27441044117646,1.2355489411764324,0.00017219922,-0.000509099,-0.00018329833,-16.250494353817356,-22.066921243272574,-20.257009738692144,0.2986764331730844,-48.80612655654028,-17.811557673343057,-19.526870969039095,-71.21726353025221,-26.008530735882406,-4.944340186569073,-98.47385336752129,-19.089555123305637,-28.774691549176406,-119.63072275012563,-19.081388046317926,-36.285527046502395,-28.112430921314964,-1.4548627370053187,-38.54808701540443,-67.226209572463,-7.840451502172443,-49.82483974320235,-105.92008025595288,-0.7327708840509988
0.0,0.0,0.0,-15.634768264705883,-22.649519500000004,-18.511733147058862,-0.2851998823529413,-49.55750126470589,-16.032064941176486,-19.62549847058824,-71.70443588235294,-24.02261988235296,-5.116862176470583,-100.5506441764706,-18.158344882352992,-29.372960264705885,-121.09218155882353,-17.1972791764706,-34.818612529411766,-28.42807052941177,-0.2594155294117968,-37.34749802941177,-67.87245885294118,-6.381503852941194,-49.94177814705883,-106.31674108823528,1.5336824705882464,0.00017205605,-0.0005327789,-0.00018525943,-16.34322063071627,-22.039065904879905,-20.279625014029023,0.2556730171905626,-48.828021758641,-17.814006622817814,-19.60889164622014,-71.26562428643594,-25.973816591214774,-5.01377972939045,-98.67923046300152,-18.85633107286384,-28.923818845055035,-119.84786663503891,-18.697263294920162,-36.38145706004437,-28.091996720732,-1.4613187568769865,-38.63565506472203,-67.23584594590382,-7.772681576660965,-49.901945165166836,-105.93204474843007,-0.4285667642680373
0.0,0.0,0.0,-15.676969882352935,-22.70158844117647,-18.515557499999943,-0.299556294117643,-49.65181747058824,-15.966339823529324,-19.71896388235293,-71.8890415,-23.879459970588243,-5.198976705882345,-100.79421417647058,-17.775080794117628,-29.594632705882347,-121.35518829411764,-16.60673235294115,-34.88679888235294,-28.44159882352941,-0.2737684411764007,-37.44367188235294,-67.93663547058823,-6.225926823529392,-50.09878264705882,-106.33206044117648,2.017702941176537,0.00019493609,-0.0005694289,-0.0001909382,-16.21938786437017,-21.995778969026986,-20.306539275956478,0.26170891712289307,-48.82893393344474,-17.700653534179537,-19.515315002984202,-71.29976376931963,-25.77979649080145,-4.99324229896308,-99.00683314218095,-18.648546530177914,-29.058490552865056,-120.17766352218364,-18.131851037909556,-36.388670008918695,-28.08256735558653,-1.5447835961666547,-38.584637894839304,-67.27748894408602,-7.730494008786009,-49.91878172132418,-106.00560234048785,0.052753889615796634
0.0,0.0,0.0,-15.711663531249997,-22.73737109375,-18.50512787499997,-0.3095897187499972,-49.72505265625,-15.896255468749985,-19.7979389375,-72.026440125,-23.738243093749983,-5.270826187499992,-100.9990986875,-17.450248781250025,-29.78996775,-121.57896453125,-16.11836525000001,-34.94715675,-28.449615125,-0.2871075312500011,-37.53336684375,-67.98202184375,-6.109568718749983,-50.228316,-106.33528396875,2.423329406249991,9.772758e-05,-0.0003976383,-0.00014603633,-16.45067231221326,-22.217455712029306,-20.28937954377022,0.3079836896064486,-49.117877780710074,-17.69901495237615,-19.8415699038098,-71.74852106760159,-25.718358579350166,-5.102671607990668,-99.17329222963326,-18.249094708699236,-29.390280156085968,-120.43771514576717,-17.71141253975832,-36.511006713845106,-28.196912799759737,-1.5079739553111327,-38.8135690902036,-67.4146048225553,-7.537546355911603,-50.27865345035706,-106.01959619982297,0.4490428582429835
0.0,0.0,0.0,-15.74224058823529,-22.743243970588235,-18.546655058823543,-0.2975320294117622,-49.77647547058824,-15.868739382353,-19.8370034117647,-72.12328864705881,-23.733094088235305,-5.284141617647059,-101.15751229411764,-17.26556211764705,-29.907491911764705,-121.77671641176472,-15.838159823529452,-34.991298823529405,-28.459273058823527,-0.3047511764706314,-37.58133370588235,-68.01812294117647,-6.086484911764728,-50.30813285294117,-106.3571868235294,2.6724350588235097,8.895257e-05,-0.00038630114,-0.00013959024,-16.49770292221138,-22.226633395745747,-20.324966104705087,0.3149757090172319,-49.17063973319017,-17.67367631467389,-19.88933576105368,-71.83748927388223,-25.71187655316412,-5.111939895254753,-99.34486101265155,-18.09299302026339,-29.50671761993325,-120.64269517030144,-17.436088417339903,-36.561017255842,-28.212293679571715,-1.519240875678687,-38.86257895031496,-67.44853327030533,-7.512660998528116,-50.35054862698156,-106.05050939801522,0.6965428910186604
0.0,0.0,0.0,-15.788496970588229,-22.7993625,-18.55751929411753,-0.3238091764705757,-49.89724147058824,-15.766338588235216,-19.94341644117646,-72.29030967647059,-23.60120705882349,-5.39988594117645,-101.38593797058824,-16.88315614705874,-30.14049579411764,-122.003022,-15.318606205882304,-35.05025970588234,-28.452564029411764,-0.2813038235294129,-37.68240802941176,-68.05869955882353,-5.921359764705812,-50.48327852941176,-106.3506359117647,3.15959882352945,0.00026515193,-0.0006205179,-1.3528039e-05,-15.503205156559742,-22.24761981986997,-20.45862123661595,0.7282950976972278,-49.15162625957511,-17.29510755488246,-19.187677753040752,-71.82888167462067,-25.394512173510815,-4.641862935278905,-99.95971741567953,-18.062688279425622,-29.366827970469586,-121.15713748541496,-16.957483103833127,-36.060033128804974,-28.315510972651477,-2.002226277910133,-38.19011080365779,-67.63795800946264,-7.809537309764613,-50.14206575552316,-106.23554515056672,1.1922839123822502
0.0,0.0,0.0,-15.80477805882353,-22.788449647058822,-18.59165235294114,-0.29465120588236,-49.90412276470588,-15.795998970588244,-19.945732500000005,-72.34740964705884,-23.632382441176446,-5.363741676470589,-101.47770970588236,-16.823372411764694,-30.17896197058824,-122.14659858823528,-15.164891823529388,-35.07866661764706,-28.468368,-0.3042197647058628,-37.69769647058824,-68.0849040882353,-5.950906147058788,-50.504917852941176,-106.37624455882352,3.240416676470659,0.00027889924,-0.0006488778,-6.609659e-05,-15.529328985342207,-22.19463799842117,-20.481497725944052,0.7128138604268301,-49.09525979141728,-17.32267995580072,-19.175700408568016,-71.81550967217929,-25.399904151053867,-4.638027066452628,-100.02629145912506,-17.99244186127847,-29.38704905455246,-121.27179590684572,-16.77969651823688,-36.12258144629091,-28.31516086771304,-2.0032693240636497,-38.20216952885152,-67.63396869028372,-7.832969961163064,-50.103903894585734,-106.26249224649266,1.2843368681183818
0.0,0.0,0.0,-15.852489441176466,-22.840188970588237,-18.60596779411765,-0.3333334411764639,-50.02155223529412,-15.682460852941176,-20.058031588235288,-72.53976164705882,-23.3888128529411,-5.489234411764706,-101.68236691176467,-16.417680705882333,-30.417075647058823,-122.34366791176473,-14.51735102941177,-35.13296688235294,-28.454150705882352,-0.236734705882327,-37.79218123529412,-68.10755005882353,-5.760504352941155,-50.66754929411765,-106.346298,3.7409470000000056,0.000218351,-0.00048276942,1.6189551e-06,-15.88329008976318,-22.3613395039632,-20.547553359669568,0.7518523266149042,-49.40809978357145,-17.246445488050647,-19.519262757653998,-72.24225301389257,-25.29176234265059,-4.685141070931571,-100.33211198980214,-17.65471164524633,-29.785773875655895,-121.59216147902973,-16.25996290673312,-36.24442997164957,-28.3921953071314,-1.8983036420678816,-38.447093582544596,-67.73971248538545,-7.614091506809585,-50.49782743249204,-106.24869564780553,1.7505530011815693
0.0,0.0,0.0,-15.862297187500005,-22.8220419375,-18.59983628125002,-0.3003987812500099,-50.01012271875,-15.713490312500028,-20.04490118750001,-72.56002228125,-23.447565031250008,-5.449987250000007,-101.73482678125,-16.435065156250005,-30.422298562500007,-122.43102390625,-14.486286062499971,-35.15533671875001,-28.47137584375,-0.2547226249999994,-37.79432603125001,-68.1293788125,-5.811600750000025,-50.66511365625001,-106.3738471875,3.7554169375000015,0.00012588067,-0.0004946224,-0.00013573724,-15.969802880595816,-22.160396334159017,-20.484157809421774,0.42562591988998805,-49.17545104754528,-17.379686979950453,-19.534201010173035,-71.95034665271346,-25.282634772934713,-5.0454830947322264,-100.09923869160589,-17.512668046643956,-29.770674324802716,-121.40102525052363,-16.071999978074686,-36.44878360768265,-28.1932512024313,-1.7546032300488839,-38.63487687722202,-67.54175706516534,-7.5286257810916215,-50.3698210524413,-106.16400299551155,1.7884986135158594
0.0,0.0,0.0,-15.903040147058825,-22.85948838235294,-18.59213970588246,-0.3446134117647119,-50.1204539117647,-15.642571823529408,-20.13761697058824,-72.69096373529412,-23.23849223529419,-5.567877352941181,-101.93645805882352,-15.969816294117663,-30.6474605882353,-122.60851470588236,-13.886638882352996,-35.209270000000004,-28.455273117647057,-0.1743918235294472,-37.8847220882353,-68.15258270588235,-5.622283058823598,-50.83801823529412,-106.3501105,4.270844352941197,0.0002089261,-0.00051879056,-2.9134262e-05,-15.679293625155386,-22.324765195143836,-20.506299732368504,0.6542605584856538,-49.38016833135598,-17.2091694269347,-19.44985779451811,-72.2349406641005,-25.060312828621228,-4.9098017786197605,-100.49516710332823,-17.190314929958355,-29.9375404617358,-121.7595386337415,-15.552547956379309,-36.25208200026711,-28.306759853065003,-1.8745350358330763,-38.462422970399814,-67.71647009718781,-7.486704546385889,-50.556724286302135,-106.22969434908032,2.2943895305740925
0.0,0.0,0.0,-15.97603120588235,-22.881533294117645,-18.62690655882352,-0.353350058823537,-50.18872317647059,-15.659596294117648,-20.242916411764703,-72.81340258823529,-23.242378882352966,-5.675658970588238,-102.1462715882353,-15.880868588235272,-30.908320117647055,-122.8157355882353,-13.585546235294146,-35.27165482352942,-28.49333182352941,-0.1829278235294396,-37.96816314705882,-68.19870261764706,-5.624931852941188,-51.01324570588236,-106.34910526470588,4.495332529411769,-6.0099803e-05,-0.00023189987,-0.00013366278,-17.087004911320392,-22.582921338477295,-20.26292866312832,0.1891073079399599,-49.84581661774713,-17.553838912482163,-20.86568588151998,-72.93812609520414,-25.138849877214245,-5.8267885634027685,-100.17745998908448,-16.198580302254367,-30.816482839023596,-121.547021394254,-15.128896554646632,-36.99247467695034,-28.33005636344469,-1.1889696498003566,-39.56075430385106,-67.68077029354635,-6.718275127013318,-51.48004535524603,-105.90935571907156,2.6009412222979633
0.0,0.0,0.0,-16.10612520588235,-22.97933958823529,-18.54077405882356,-0.4584180882352839,-50.43071958823529,-15.455583500000046,-20.569515147058816,-73.17266138235294,-22.75591055882353,-6.123947970588226,-102.59684235294117,-15.157705176470586,-31.621866705882343,-123.14769714705882,-12.404821911764714,-35.39334473529411,-28.479040794117648,-0.0303659411763987,-38.26056661764705,-68.23689502941176,-5.244436852941135,-51.51118994117646,-106.19272702941176,5.4828283823529205,3.701604e-05,-0.0003806743,-0.0001413906,-16.856608024039478,-22.358070350040347,-20.287428023787314,0.06438500151306831,-49.682707464749406,-17.235233688230228,-20.540288998142806,-72.63842143792431,-24.683015515486876,-5.893041341902142,-100.87191671822598,-16.143257652765605,-31.124390213244634,-122.05672085103127,-14.005536708591084,-36.958936978376904,-28.192257772640982,-1.2414301124702607,-39.46569025107251,-67.59208575345613,-6.704538913004404,-51.35449137790613,-105.94765201189512,3.504095505975153
0.0,0.0,0.0,-16.183319352941183,-22.992227970588235,-18.575237529411822,-0.4681920882352983,-50.49018079411765,-15.501230617647082,-20.682054676470592,-73.29323526470588,-22.776045882353003,-6.243214823529421,-102.80996838235292,-15.099272058823487,-31.90887020588236,-123.34923520588237,-12.149775911764776,-35.46068097058824,-28.517148382352943,-0.0582151470588883,-38.36046520588236,-68.28378105882354,-5.293668882353018,-51.69519755882354,-106.1711515,5.662203558823478,0.00018214268,-0.00058230164,-0.0001595656,-16.429037119326676,-22.025024951933876,-20.30848335732788,0.031101523748642612,-49.451434028810304,-17.135767569384658,-20.268318388219082,-72.39754861399524,-24.515749221294048,-5.9096959336239046,-101.20729610605761,-16.248274550061268,-31.270579481014632,-122.30301723233764,-13.730286241493687,-36.826253801572236,-28.07356387800489,-1.4504951586875336,-39.17883776601795,-67.53889268022239,-6.959624360822376,-51.308702094509876,-105.96575043199846,3.710683213726149
0.0,0.0,0.0,-16.290094406250006,-23.07761578125,-18.60172646875003,-0.56634290625,-50.67518228125,-15.430766000000062,-20.953037,-73.482581125,-22.64448065625004,-6.522124781250007,-103.13814434375,-14.488753156250027,-32.408173625,-123.58242609375,-11.304655937500002,-35.545886843750004,-28.50928890625,-0.0083760625000195,-38.557746375,-68.30512412499999,-5.1265170625000565,-52.04590659375,-106.05353146875,6.331083343749981,0.00011650086,-0.00047410253,-0.0001532022,-16.8071666452331,-22.234013574184853,-20.339820717031127,-0.06065235134545566,-49.7410101352101,-17.12534543580221,-20.689749060129408,-72.71138360419263,-24.470934555098648,-6.216694938784799,-101.5121744170093,-15.61255670165579,-31.819493718602168,-122.54115441074674,-12.907531244558854,-37.02470699086145,-28.13402896947856,-1.3015392201686748,-39.55754366601326,-67.58812207142921,-6.703321879862639,-51.734781123624195,-105.85482898364035,4.365449027746557
0.0,0.0,0.0,-16.36460561764705,-23.08757685294118,-18.648814470588206,-0.5795908529411733,-50.7463180882353,-15.473966764705835,-21.08071035294117,-73.60251579411764,-22.683361147058747,-6.627309294117644,-103.35474555882352,-14.30197764705872,-32.689326558823524,-123.7819085,-10.949954823529367,-35.6191329117647,-28.529413823529413,-0.0589636470587606,-38.65154544117647,-68.34237676470589,-5.117717911764657,-52.22711464705882,-106.0283986764706,6.639525588235358,4.152702e-05,-0.00037838914,-0.00014869303,-17.047636812724686,-22.37740590020655,-20.389252807457055,-0.051825707826803846,-49.909319352283816,-17.21203956744398,-20.94104324692284,-72.95535642027004,-24.570601948953843,-6.335918670630533,-101.68019979447057,-15.356011796235768,-32.128477518552984,-122.73137346425362,-12.556760503347864,-37.17673143503355,-28.209931009703766,-1.2721485348564676,-39.79583555512172,-67.65343721975474,-6.60632882081029,-51.97556220805486,-105.8311186809767,4.665240407769
0.0,0.0,0.0,-16.601139058823534,-23.236266411764703,-18.90509388235296,-0.641273235294122,-51.05735826470588,-15.291306264705897,-21.430522647058822,-74.1058440882353,-22.223551058823546,-6.984367911764707,-104.0270905882353,-13.22562617647054,-33.48228667647059,-124.35012902941176,-9.281618882352973,-35.83529229411765,-28.566388411764702,-0.1586706176471466,-38.959884264705885,-68.46988370588235,-4.662684735294192,-52.78490941176471,-105.91874985294118,7.901345647058804,-4.3430526e-05,-0.00017809082,-0.00016622545,-17.578142212948872,-23.08643133311686,-20.643775649104928,0.15969162480067134,-50.920805418476014,-17.118820591073778,-21.95906023079311,-74.52806538061598,-24.105671459552653,-6.778311902245486,-102.04413332699525,-13.385067140580757,-33.35501823086278,-123.24869909351342,-10.94614729576608,-37.500970620715506,-28.541691042160274,-1.2654252210876686,-40.514831237361214,-68.06414822778943,-5.853280650811597,-53.271897466198006,-105.56125196611168,5.994768112377426
0.0,0.0,0.0,-16.700132294117658,-23.2971850882353,-18.97969867647066,-0.6523067352941254,-51.20490302941177,-15.126920852941224,-21.584275617647062,-74.32951923529413,-22.083426147058844,-7.1439997352941305,-104.30268294117649,-12.756485911764742,-33.83440532352942,-124.6030727647059,-8.514284970588278,-35.92995038235295,-28.58761929411765,-0.1753495294118465,-39.10586423529412,-68.54088200000001,-4.48376820588237,-53.0236140882353,-105.84475576470592,8.412142529411767,-4.7768102e-05,-0.00017158542,-0.00017884532,-17.64064138068809,-23.182130071857898,-20.741006429614572,0.18662428445231372,-51.10210069145005,-16.939550551312294,-22.087489979910316,-74.80117399947824,-23.960742606538815,-6.859710589932003,-102.32559431821366,-12.857976102326388,-33.69040335895473,-123.51574680391839,-10.186704083489154,-37.57995515453855,-28.590114459681516,-1.3056052641522367,-40.64334958985911,-68.1509760861886,-5.70200962812718,-53.49768495642609,-105.4857251745325,6.502599692172298
0.0,0.0,0.0,-16.896563735294116,-23.395092,-18.99203223529406,-0.7008332352941125,-51.46753644117646,-14.879090147058832,-21.94644779411764,-74.68927594117648,-21.71767188235293,-7.5826305,-104.82033588235296,-12.001476441176465,-34.65187208823528,-124.96426779411765,-7.225334529411782,-36.07039852941176,-28.62793773529412,-0.0606922647058922,-39.3847115,-68.61822955882353,-4.155015823529425,-53.55433588235293,-105.64134626470587,9.38258455882351,-4.7624155e-05,-0.00015763576,-0.00018615184,-17.73231009708786,-23.281149858823493,-20.80546687906059,0.15536272171534826,-51.33563623483195,-16.68173565263305,-22.319177470556586,-75.10777208524499,-23.63755041124519,-7.135252225081575,-102.8899572308647,-12.272568567600947,-34.38059868866403,-123.94774355487407,-8.926242879004821,-37.66914017484854,-28.636099116127998,-1.26234052564125,-40.8489528150661,-68.23113897536113,-5.461215751353743,-53.88150581654676,-105.34683226370615,7.431630603094483
0.0,0.0,0.0,-17.378700205882353,-23.69595114705882,-18.98970197058816,-1.039038970588237,-52.22259673529412,-14.569891441176424,-22.966162147058817,-75.65928347058824,-20.78801308823529,-8.77724305882353,-106.1412406764706,-9.850378441176415,-36.81937220588235,-125.77788655882354,-3.701578352941169,-36.46457152941176,-28.717844029411765,0.0759700294117919,-40.19897717647059,-68.76170679411766,-3.3949214705882014,-54.97873470588235,-105.01666017647058,11.992627382352907,-6.3988366e-05,-0.0001104586,-0.00020906884,-17.913997335249498,-23.537755130124904,-20.910230804924563,-0.04921983116646045,-51.95589607770171,-16.287194218928242,-22.97359688625612,-75.88400582188349,-22.775334046078132,-8.055606007732637,-104.43137468608023,-10.595763081076644,-36.31794390265537,-124.96239731870233,-5.457581472519674,-37.928817419167274,-28.73477842231019,-1.2862697441491002,-41.42525709198638,-68.39145748525453,-4.930874926292171,-55.00383270964806,-104.89626177166978,9.996412385332697
0.0,0.0,0.0,-17.48939467647059,-23.723708235294115,-18.99269644117652,-1.062148029411766,-52.33642635294117,-14.536922705882432,-23.147884647058827,-75.83525055882353,-20.68852335294116,-8.979175735294113,-106.41109461764704,-9.518849088235356,-37.24634564705882,-125.93494605882351,-3.138339764705904,-36.54839347058824,-28.736633205882352,0.0830669705881632,-40.338394882352944,-68.80235532352941,-3.281119852941288,-55.237741029411765,-104.90437758823528,12.453476823529344,-5.813653e-05,-0.00011288347,-0.00020919253,-17.96869199174119,-23.507774633588674,-20.92237174112439,-0.1028013725323409,-51.98043692368095,-16.255330549844178,-23.06750512690726,-75.92692251067412,-22.684803740558117,-8.262055070894718,-104.77768244361879,-10.423118197752922,-36.69114127724047,-125.15980306615813,-4.896435737244483,-37.996842596769014,-28.731268334890892,-1.2960509892054861,-41.4932808168716,-68.40724283845667,-4.865457128394534,-55.175900211971566,-104.836246853298,10.455594465567486
0.0,0.0,0.0,-17.615769470588226,-23.818864264705883,-19.02743085294117,-1.173332382352939,-52.51928035294118,-14.505216735294084,-23.43537838235294,-76.0765765882353,-20.49337049999997,-9.25178088235294,-106.72445673529413,-8.890905058823478,-37.765731,-126.09304594117648,-2.232876970588165,-36.65323105882353,-28.738327911764703,0.1289789411765127,-40.55797373529411,-68.85364614705883,-2.981904941176424,-55.59091888235294,-104.72978602941176,13.110186529411806,-5.1228548e-05,-0.00018601652,-0.00015403716,-18.23428479293277,-23.263601580332026,-20.846530121086523,-0.41817343437000387,-51.830591763325735,-16.22435692440456,-23.213197495760348,-75.69716827040556,-22.444443277216273,-8.618552500267482,-105.23369598872368,-10.064214145384286,-37.08097154456542,-125.3413927574855,-3.9551202692077734,-38.22867441445863,-28.620635099396562,-1.0974494648472881,-41.61295167067159,-68.31004075866187,-4.591723172397718,-55.22986652456471,-104.80629403022583,11.1445345457822
0.0,0.0,0.0,-18.066404029411764,-24.08169879411765,-19.33781608823529,-1.3762105294117577,-53.13349558823529,-14.291917794117635,-24.14498967647058,-77.06545317647058,-19.509041323529345,-9.943563205882342,-107.8601977647059,-6.456427176470584,-39.35875626470588,-126.840005,1.5001327647059384,-37.09466870588235,-28.788311941176477,0.2414864411765052,-41.18583449999999,-69.04903335294118,-2.1469494117646377,-56.598739205882346,-104.18731523529412,15.837841235294093,4.908853e-05,-0.00037223037,-0.00014611219,-17.669908986353136,-22.762926740859953,-20.788206364118444,-0.7712647407130737,-51.95077918869038,-15.78698384984335,-23.48450963133046,-76.09984040075689,-21.131187456696825,-9.402369422234543,-106.55481770669059,-7.871733571805854,-38.59428368716485,-126.10690080544255,-0.19637538974249757,-38.24782550646524,-28.34743792482909,-1.3319999728033396,-41.488301284609186,-68.37434793256202,-4.0052587045724755,-56.03786211005133,-104.27339276122996,13.920028016312397
0.0,0.0,0.0,-18.21043855882352,-24.131862588235293,-19.43815958823535,-1.391431500000003,-53.32583020588236,-14.200260676470576,-24.362876999999997,-77.38357532352941,-19.331973676470625,-10.126893205882354,-108.2084566470588,-5.782763147058802,-39.8485459117647,-127.1001234117647,2.6868241764706227,-37.24070814705882,-28.80744361764706,0.2316420000000221,-41.393411676470585,-69.12836794117648,-1.9952444411764527,-56.905882794117645,-103.99739047058824,16.589141147058854,0.00014303825,-0.00043721145,-0.00015919309,-17.599279921118715,-22.77460836780257,-20.773953771736824,-0.7993993556578675,-52.09558125889199,-15.661761777563125,-23.65917079243233,-76.37860627429538,-20.91147827713261,-9.588063642832923,-106.94655758697668,-7.2378485274223845,-39.08596399528067,-126.38707106418376,0.9809445880292655,-38.23107557761998,-28.332064955106514,-1.4396411835702676,-41.557017028561894,-68.46578355646609,-3.8751952974237738,-56.33906065453137,-104.08678439141426,14.673228469248563
0.0,0.0,0.0,-18.39029447058823,-24.266326911764704,-19.4191949411765,-1.5341452941176357,-53.650408382352936,-13.996022823529358,-24.819846941176472,-77.80757879411765,-18.87195370588239,-10.590310558823518,-108.69704264705884,-4.571416529411749,-40.69797514705882,-127.26893026470589,4.52152114705882,-37.45759305882353,-28.8078415,0.1542582058823427,-41.7336839117647,-69.1998915,-1.5915571764705874,-57.461162058823525,-103.61922264705882,17.89009358823523,-0.00012007379,-0.00013980712,-0.00013480838,-18.316477103046132,-23.270520261879092,-21.152088507525207,-0.7974175053514283,-52.65354215276893,-15.565573678256474,-24.242280791943436,-77.04411213194871,-20.62795370560242,-9.990006212758722,-107.44014845050097,-6.006634864981248,-39.96245038618521,-126.63757613954583,2.772122594760001,-38.75962540062343,-28.588813464881984,-1.3479862817891555,-42.21008902549049,-68.61296485566507,-3.443193015880067,-56.96310210016629,-103.78223900821136,15.959973917443046
0.0,0.0,0.0,-18.696839411764707,-24.45849664705882,-19.574651352941142,-1.6623320588235302,-54.09992379411764,-13.789243735294178,-25.403971588235294,-78.44270108823528,-18.27897382352944,-11.228544441176467,-109.3668715,-3.106798941176521,-41.93089188235294,-127.5099602352941,6.945545970588228,-37.73372882352941,-28.851156411764705,0.081998058823558,-42.228174558823525,-69.31282467647057,-1.0916344411764385,-58.23295720588235,-103.06409579411763,19.481171529411768,-5.029756e-05,-0.00017389166,-0.00013932576,-18.202860916418064,-23.37631803213123,-21.182405902469295,-0.9100586397598719,-53.02362367053387,-15.297773730668428,-24.70506826443605,-77.63012020392524,-19.967537251546375,-10.60639766603917,-108.19786542566197,-4.60558451234641,-41.175927673937146,-126.9380200720545,5.18403710212217,-38.79488371702858,-28.608722373719967,-1.5958505723705936,-42.446455973489215,-68.77481033849139,-3.0055032444491108,-57.71580689851192,-103.25657292932995,17.558801088521893
0.0,0.0,0.0,-18.8221185,-24.508027705882355,-19.623718235294177,-1.6977551176470629,-54.2318255,-13.772532852941197,-25.595916970588235,-78.66276367647058,-18.15702555882359,-11.388970970588232,-109.62919879411766,-2.690588558823549,-42.33760532352942,-127.63989823529413,7.694434647058756,-37.84821126470588,-28.898490176470588,0.0520504117646964,-42.382754735294114,-69.38171517647058,-1.0025968235295295,-58.47588038235294,-102.91187708823531,19.96436705882354,-0.00016487602,-1.5712605e-05,-0.00020793256,-18.925342124915595,-24.204275952369287,-21.597820501008144,-0.5807979119756261,-53.74794977579359,-15.359438925846074,-25.294193100858557,-78.47952579177634,-20.125625717324073,-10.706488344772145,-108.27364343801746,-3.993157997282495,-41.7651369729458,-127.07794443323674,5.8623626201085814,-39.13853917907904,-28.924926867098087,-1.4758091939511153,-43.20221824374444,-68.95716308829496,-2.7769234796850446,-58.28304058704842,-103.00940710645787,17.9760761573475
0.0,0.0,0.0,-18.929950705882355,-24.578958088235293,-19.585797470588204,-1.7685338529411752,-54.43539538235294,-13.613671794117636,-25.853777029411763,-78.9230725882353,-17.813008999999965,-11.692350147058832,-109.89837770588235,-1.8620569411764336,-42.89470573529412,-127.64203176470588,8.76301020588238,-37.96058238235295,-28.91312832352941,0.1435751470588115,-42.57763620588236,-69.3917574117647,-0.7268327941176835,-58.811210323529416,-102.63185285294118,20.747713823529462,-0.00013209129,-4.198574e-05,-0.0002123351,-18.894212089217476,-24.12700744160537,-21.533735704796282,-0.740583905146142,-53.777434536147304,-15.198098008773451,-25.39742383964412,-78.55363170585551,-19.72488117162006,-10.999459237695687,-108.65432297407995,-3.266418010133403,-42.23147552258584,-127.12418928796447,6.948632942402357,-39.196045222165715,-28.908446845879407,-1.429196182540252,-43.220956562376315,-68.95775710222753,-2.570140324141399,-58.482109101397164,-102.80865871104685,18.782915596196545
0.0,0.0,0.0,-19.91350379411764,-24.955447088235296,-19.873147441176457,-2.28933,-55.43662932352942,-13.349722499999984,-27.635628147058817,-80.03274729411766,-16.65501320588237,-13.670245882352935,-111.3310006764706,1.1119590588235155,-46.39078997058823,-127.44144938235294,13.4362880882353,-38.575547882352936,-29.009848470588235,0.4989246470588568,-43.83101535294117,-69.4251990882353,0.3704123529411163,-60.89334047058823,-100.92862347058824,23.831431617647013,-0.000110652065,-6.654585e-05,-0.00020224204,-19.340025669691656,-24.241628985260064,-21.65123252256871,-1.2660925909420253,-54.53600480293015,-14.813232212164431,-26.89763920921526,-79.46972190660163,-18.42655906773099,-12.887200743994628,-110.21415106980005,-0.3507395661068837,-45.58708175902941,-127.04215287011422,11.64893937967647,-39.59695131954145,-28.954172696044516,-1.2196896862423765,-44.08987586252515,-69.00949875100564,-1.5687071550328169,-60.381590487458816,-101.25217013616411,21.925275928842506
0.0,0.0,0.0,-20.195650352941183,-25.20203302941177,-19.84813455882357,-2.5630366764705954,-55.898121352941175,-12.990359852941197,-28.318346852941183,-80.49220361764706,-15.78927888235296,-14.502430764705892,-111.74316252941176,2.758964176470556,-47.64477332352942,-127.16740352941176,15.719082147058828,-38.77642100000001,-29.01896135294118,0.7122398823529466,-44.31485882352942,-69.38915361764705,1.0835382941176022,-61.646324294117655,-100.10770738235294,25.446499235294084,-9.425607e-05,-8.6621745e-05,-0.0001972876,-19.46256289944866,-24.339813120725836,-21.49712201013952,-1.5895874523711202,-54.91465500673807,-14.43437874270201,-27.51464961100063,-79.86710899706505,-17.510710687164455,-13.713697425812237,-110.69300155957052,1.2506334244338015,-46.80946433222719,-126.81585318169739,13.936199301196103,-39.709210637828654,-28.934642974555448,-1.0549029818846678,-44.422078854638585,-68.99626305775985,-0.8745579427615924,-61.08390581845278,-100.49068802845197,23.565804873377623
0.0,0.0,0.0,-20.43996473529413,-25.25126955882353,-20.127175676470586,-2.6133266176470613,-56.04518173529412,-13.11305044117654,-28.62511397058824,-80.6673491764706,-15.848963147058896,-14.79077955882353,-112.0217418529412,3.019295235294124,-48.25044764705883,-127.15577326470589,16.238914058823468,-38.90879176470588,-29.071197558823528,0.6390004117646413,-44.52259105882353,-69.43243161764707,1.0470437647058477,-61.97539302941177,-99.86248429411764,25.70793058823523,8.397308e-05,-0.00037520356,-0.00014683466,-19.12767995465155,-23.940242251843298,-20.874916309876326,-1.9103681955937284,-54.67777119946365,-14.392127406555911,-27.67529227412157,-79.66951253405851,-17.298846169920033,-14.106220398025094,-110.94722290799692,1.4776118072445275,-47.37014616490098,-126.68284125939007,14.506457820167306,-39.25702121644507,-28.559022502547087,-1.2626864606382926,-44.17768183866213,-68.91134396253983,-0.8528260428184724,-61.292916565342054,-100.1710246820543,23.85346875120466
0.0,0.0,0.0,-21.230100647058837,-25.653794352941173,-20.260032205882283,-2.9638227647058883,-57.05570120588236,-12.415321764705824,-30.11821141176471,-81.96363397058823,-14.22268947058825,-16.24103564705883,-113.08162099999998,7.05209970588237,-51.03280061764706,-126.5349844117647,22.104463588235376,-39.654398529411765,-29.14084026470588,0.5613322352941736,-45.65407805882353,-69.53503370588234,2.35864082352947,-63.601097205882354,-97.92377144117648,29.349460323529517,7.872215e-05,-0.00032276305,-0.00013663746,-19.84711917569883,-24.393830662632507,-20.96703556441651,-2.248018015008202,-55.695531272020006,-13.694994110006416,-29.14859840908288,-80.99518215126778,-15.679381510343127,-15.546461648301538,-112.09687011380807,5.455906530732651,-50.15648539264318,-126.16299655496445,20.34557284096892,-39.798704492403616,-28.658360783270755,-1.374226944643006,-45.22338616562345,-69.07465068793488,0.46060184344572996,-62.92539106544731,-98.31170902574584,27.507470735541336
0.0,0.0,0.0,-21.467448588235285,-25.80406011764706,-20.20793955882351,-3.095014647058811,-57.42305588235294,-12.041044352941128,-30.623519882352934,-82.39382144117647,-13.542064911764667,-16.73873555882352,-113.34284561764709,8.619843411764748,-51.94031326470588,-126.1821031764706,24.23184202941178,-39.861352088235286,-29.12531605882353,0.7134489705882743,-46.04364826470587,-69.5427325,2.9599429705882585,-64.12151594117647,-97.21787855882351,30.74693208823533,-0.00011185571,-0.00010642008,-0.00015718817,-20.19327903439511,-24.66050456891569,-21.241754172297526,-2.277229953943778,-56.19944184284258,-13.39529576166105,-29.680860378717714,-81.56281722576088,-15.097964990229777,-16.002249495934283,-112.4180742671101,7.006652093787891,-51.07545186606963,-125.91966202843054,22.447706551101806,-40.30436097231532,-28.868356639859385,-1.2198681233287505,-45.73452750860639,-69.15154674988445,1.0230851887532018,-63.48170164385066,-97.69577425179695,28.913287255784148
0.0,0.0,0.0,-21.657744411764703,-25.852293970588235,-20.371554411764578,-3.117848294117642,-57.588204352941176,-12.051523705882287,-30.90280270588235,-82.67837494117647,-13.387427970588137,-16.930455294117642,-113.54639317647056,9.26847388235302,-52.45503355882353,-126.06194320588234,25.3053327352942,-40.03074779411765,-29.16455688235294,0.6688670588235937,-46.26223435294118,-69.59689294117646,3.021002294117693,-64.39613864705882,-96.83556558823528,31.302080764705977,1.0338757e-05,-0.00028103814,-0.00014132466,-20.23570792034145,-24.595312058251277,-21.00227518129605,-2.4173611821940115,-56.222075433825815,-13.33332305928577,-29.925537990295346,-81.70884409046374,-14.83827724090704,-16.24041997601223,-112.59601823579482,7.6496351838092975,-51.579589675526634,-125.73788001663951,23.536553196579494,-40.09519350976627,-28.67547265598835,-1.2693391658222486,-45.790982732126004,-69.1462406500215,1.1302790403452516,-63.7168842868938,-97.27050822765341,29.47193366280056
0.0,0.0,0.0,-22.1625585625,-26.06160753125,-21.000918499999955,-3.256103249999996,-58.03202196875,-11.800021249999986,-31.569162125,-83.23766703125,-12.741625031249953,-17.51813134375,-113.862685,11.045136312500064,-53.633753625,-125.55519821875,27.814511187500106,-40.36173696875,-29.18548015625,0.7330150312500905,-46.76422571875,-69.6249875625,3.42839040625006,-65.053443125,-95.8714335,32.815547781250075,-0.00012169762,-0.00012207426,-0.00014029554,-20.692322121171333,-24.840195029419455,-21.58960883197532,-2.489206415246514,-56.73369197160759,-13.113873777251538,-30.59398053644261,-82.34561926580045,-14.242715186269022,-16.8001490560626,-112.97000336011297,9.405739800250577,-52.762709763767674,-125.32309434427111,26.02917917824766,-40.56344335913201,-28.84380232647473,-1.2272326043100499,-46.32984913091155,-69.22150093690647,1.5182816337177278,-64.39176168533268,-96.38653700222588,30.999825871266495
0.0,0.0,0.0,-22.332686117647064,-26.204577617647058,-21.0164687941176,-3.379154911764708,-58.28533235294117,-11.49439905882349,-31.961661382352947,-83.52981814705882,-12.169438147058829,-17.930976941176475,-113.96112676470588,12.164048088235347,-54.26990320588236,-125.16020652941177,29.385477411764725,-40.5154211764706,-29.17881026470588,0.8232475882352901,-47.05644035294118,-69.61425982352941,4.002074264705925,-65.42039705882354,-95.27905085294118,33.80461199999996,5.116369e-05,-0.0003182807,-0.00014996379,-20.826184546891913,-24.93771812433084,-21.370756871121095,-2.70104207584185,-56.89912414637293,-12.766637161459755,-30.970501763795713,-82.55117328508814,-13.60465828511427,-17.246294256424157,-113.05825741085592,10.516007872986066,-53.39654295125088,-124.8839061487075,27.607585411317928,-40.3665910529579,-28.67283178174192,-1.1059583025686657,-46.5109681687909,-69.1859781095865,2.1261651864666695,-64.73776564818472,-95.75265063203811,31.985349070556122
0.0,0.0,0.0,-22.425756911764715,-26.205392970588235,-21.086419529411785,-3.340638470588232,-58.37307417647058,-11.503435029411776,-32.089761764705884,-83.66748344117647,-12.182647000000031,-17.974732794117642,-114.0904548235294,12.468093794117635,-54.53029329411765,-125.0984210882353,29.839528705882344,-40.61461208823529,-29.207400617647057,0.745767941176382,-47.15371614705882,-69.66703526470587,3.9649423823529446,-65.5442795882353,-95.1035481764706,33.98976682352941,6.331199e-05,-0.0003905197,-0.0001560588,-20.907395198580065,-24.92139513756896,-21.300726021933084,-2.710445148061848,-56.94247707238162,-12.750931843842753,-31.093444404430688,-82.64209188272379,-13.581190481436428,-17.306783282600335,-113.16471661854128,10.825884238095881,-53.65138217200922,-124.80128786550695,28.06774229454909,-40.34061547470928,-28.574329032106903,-1.13150300979419,-46.568615795794365,-69.19829675895525,2.1107736219169158,-64.8431905533202,-95.57052914634748,32.17582003850658
0.0,0.0,0.0,-22.5564285,-26.319659352941176,-21.036874264705887,-3.4641198529411668,-58.64370935294117,-11.249815147058769,-32.44317226470588,-83.94371205882354,-11.605796382352878,-18.342708088235284,-114.156536,13.503226823529417,-55.09082982352941,-124.7009277352941,31.22809926470586,-40.73536452941176,-29.206061264705884,0.8437034117646931,-47.38428005882352,-69.62167494117647,4.289688941176507,-65.86731223529411,-94.55579870588237,34.90424661764712,0.00017673976,-0.00050185085,-0.00015783131,-21.033480858472235,-25.039291588441646,-21.240070890651022,-2.8465077618165897,-57.19204770502298,-12.479137629103311,-31.443030421461106,-82.90421972714867,-12.991138212292375,-17.67903495802362,-113.24166133790328,11.85321399664338,-54.21293742122363,-124.397860592889,29.456812941953892,-40.318470397492085,-28.569873432629837,-1.0060166549181868,-46.756265118838314,-69.16356746952023,2.4469369829444423,-65.1635142411862,-95.00672429369416,33.08728913389955
0.0,0.0,0.0,-22.531146411764706,-26.317159794117646,-21.00826926470592,-3.4616395294117623,-58.57416647058824,-11.23808720588238,-32.36417285294118,-83.8360805,-11.6687045882353,-18.24397158823529,-114.07227564705882,13.291841647058844,-54.895774323529416,-124.77451364705882,30.841552852941163,-40.68107770588236,-29.195665647058824,0.8887429411764742,-47.32792852941176,-69.60253402941176,4.313921882352986,-65.7666165,-94.6837095882353,34.706929029411754,0.00012985509,-0.00046123975,-0.00017576867,-20.996165234512347,-25.048649634929976,-21.194588242586953,-2.8366543585181265,-57.133901034779704,-12.477050082880034,-31.356243115696756,-82.80859755828584,-13.057357334340246,-17.576980702930364,-113.15604635063087,11.643919611497907,-54.01315627167983,-124.47979686170088,29.071206166278486,-40.30286312474884,-28.564944329797232,-0.9711345683842489,-46.70706851047322,-69.14965961005102,2.4674556364734936,-65.05978412799958,-95.15138569188132,32.895391820307076
0.0,0.0,0.0,-21.6694779375,-25.693832125,-20.806450875,-2.8619324999999947,-57.306939,-12.371694750000016,-30.52876109375,-82.44254140625,-14.196555218750008,-16.22774315625,-113.36063740625,8.085478781250004,-51.6641450625,-126.5054194375,23.64787387499996,-40.01043225,-29.206560375,0.3416137500000218,-45.99747503125,-69.6927085,2.347273874999985,-63.9292009375,-97.55147853125,30.18855000000002,0.00016828888,-0.00053420255,-0.00018011176,-20.146798365493506,-24.415881584677237,-21.026199225353015,-2.2607828774370353,-55.83843752713126,-13.589119308432599,-29.525723473325154,-81.3605100219772,-15.546786167684726,-15.581677365731375,-112.33553262646757,6.4943285102860235,-50.77498266990023,-126.08927723846344,21.905399797784668,-39.785462005041786,-28.438767597326894,-1.4913845149845524,-45.436929343849165,-69.14714482765446,0.5065813934178001,-63.20836540623628,-97.92295075683631,28.36032558202347
0.0,0.0,0.0,-20.626146843749996,-25.15550546875,-20.470339749999997,-2.289349156249997,-56.024575625,-13.20161712500004,-28.51836315625,-80.946870625,-16.261426781250066,-14.09587775,-112.13460790625,3.204237937499954,-47.9154653125,-127.59737046875,16.645395312499943,-39.166067875,-29.169329375,0.2277211249999595,-44.52495996875,-69.68981478125,0.6649961874999235,-61.76713153125,-100.15279575,25.718722468749945,0.00017553271,-0.00044877714,-0.00012525803,-19.18051779549431,-23.939383650442604,-21.12700128981794,-1.5751757733557583,-54.64343799483287,-14.459557992331147,-27.531759788800493,-79.92966681739235,-17.672777272490904,-13.426032230158379,-111.07250428551467,1.6475610672506962,-47.03947562264341,-127.11578410048874,14.913137643107225,-39.30259967042382,-28.676285406182515,-1.705738653131215,-44.10540788752308,-69.1706513041274,-1.2203274810408713,-61.08363193388739,-100.43938347695186,23.86111761971296
0.0,0.0,0.0,-18.178688823529413,-23.930773,-19.673899058823565,-1.1283452352941268,-53.01682620588235,-14.63782897058826,-24.024065411764717,-76.96036364705884,-20.41383347058826,-9.487883735294126,-107.80030067647058,-7.448010470588258,-39.02670711764706,-127.0507366470588,0.2876094705881655,-37.16890938235294,-28.910608117647055,-0.1777217352940852,-41.089843529411766,-69.17648482352942,-2.9390985294117518,-56.35461064705883,-104.55462123529412,14.727784176470609,-0.0004008776,0.00021225406,-0.000125237,-18.44453827448812,-23.53989101280193,-21.617230050062332,-0.22957393624062805,-52.62766908282556,-16.381608453657105,-24.115280465390537,-76.79323228120252,-22.40474957141698,-9.293356494655908,-106.20220626180664,-8.634708997792854,-38.77794946269029,-126.26629674452778,-1.5352382104915072,-38.4790747780254,-28.707083948040456,-1.675067569885542,-42.173589655842825,-68.63320069469349,-4.529801735167198,-56.594753884659774,-104.3552911718685,12.752284555805174
0.0,0.0,0.0,-17.537290625000004,-23.529586375,-19.52691649999997,-0.7209499062500058,-52.11614609375,-15.05817415625006,-22.830170625000004,-75.73237103125,-21.77474481249999,-8.156204781250004,-106.3476928125,-10.450836125000023,-36.5656820625,-126.29134596875,-4.411476062500015,-36.646060437500005,-28.851884125,-0.4162167812500001,-40.11671575,-68.99716196874999,-4.146995406250028,-54.752727687500006,-105.4330056875,11.30441103124997,-0.0005145624,0.00029316303,-0.00010134079,-18.13806802304278,-23.337068713838725,-21.42481098287881,0.10225496833529124,-52.176906961976705,-16.879888143502544,-23.539038936768016,-76.01982904572895,-23.62268247554033,-8.890811662814915,-104.4947730435914,-10.615277785004828,-36.9965299042209,-125.26584736314838,-6.073620083694805,-38.07616340609305,-28.644679687259742,-1.7989213123057468,-41.53154494820433,-68.46485828729926,-5.456541560695337,-55.64017933796933,-104.88582915675661,9.597651700739984
0.0,0.0,0.0,-17.094322187499998,-23.3686049375,-19.308903781249967,-0.5908409687500011,-51.59251734375,-15.120466249999993,-22.07380284375,-74.91628725,-22.16506396875002,-7.453338687499993,-105.19986884375,-12.03120043749999,-34.93122521875,-125.4320589375,-7.112577562500007,-36.250282125,-28.74061175,-0.3477603125000428,-39.500889625,-68.7864749375,-4.529761375000021,-53.70262378125,-105.79682484375,9.355194999999924,-0.00064412155,0.00037288552,-0.000115450996,-17.98046857060268,-23.354968495817218,-21.10182280763467,0.19095044481017565,-52.31265347159475,-16.81463452471663,-23.350690550499294,-75.70973104660389,-23.484156355955452,-8.734283910180686,-104.81422436167564,-10.544439639679068,-36.66580413641311,-124.52507611675735,-7.523208955937455,-37.775432780216626,-28.599869537299927,-1.6338812665539686,-41.170103564206016,-68.3343551681263,-5.534406854411434,-55.29403351669936,-104.87743762131736,8.56643509410677
0.0,0.0,0.0,-16.365235187500005,-22.97459859375,-18.963729875000013,-0.3554686875000001,-50.60019740625,-15.828433093749991,-20.767671781250005,-73.5007005,-23.27176196874996,-6.079957562500006,-103.2149593125,-15.072074031249995,-32.1437675,-123.86411615625,-12.053031093750008,-35.62558590625,-28.6481919375,-0.4763260312499824,-38.4478384375,-68.44742246875,-5.693836250000004,-51.83044575,-106.36207890625,5.596438468749966,-0.00045110282,0.0002520415,-0.0001833577,-17.35464894798598,-23.157275954910634,-20.692223262977066,0.44518456487513774,-51.69707239336398,-17.296704060603457,-22.097374655958138,-74.68201411685394,-24.186304698002342,-7.065584571027543,-103.4043338757235,-13.342138577290811,-33.95976488920135,-123.50558691805959,-11.295660466001284,-37.23823046857042,-28.604018868297597,-1.6584538820240062,-40.28402588680015,-68.14364590960862,-6.426048960316379,-53.62149206701538,-105.47786842988432,5.698050100912871
0.0,0.0,0.0,-16.3043509117647,-22.867023323529413,-19.002068852941136,-0.2588938823529361,-50.45304561764706,-16.012679970588238,-20.61219811764705,-73.32031114705882,-23.607489970588237,-5.869106176470588,-103.03566805882352,-15.602050764705837,-31.84668479411764,-123.77671079411763,-12.688203676470607,-35.565466058823525,-28.679814500000003,-0.5768459411764866,-38.29140344117646,-68.44139167647059,-5.937929764705871,-51.59852005882352,-106.43693770588234,5.050395352941166,-0.0002798839,0.00011121218,-0.000167662,-17.178355568322136,-22.956558617821532,-20.79876005940705,0.5985357833369588,-51.00851450526244,-17.732060290147075,-21.646097671830667,-74.32140355025827,-24.996326070390975,-6.835126990401449,-102.543726632878,-13.92133739815845,-33.529450129825854,-122.76116421717964,-13.058292821148399,-37.15258959481772,-28.601150879802816,-1.7912803430075406,-40.00844179954397,-68.08741116887019,-6.900466556799346,-53.26613171464149,-105.63739864497833,4.288943676556647
0.0,0.0,0.0,-16.469361281249995,-23.101320875,-18.888571749999983,-0.5092520937499927,-50.86173746875,-15.611831625000036,-21.10480325,-73.81211996875001,-22.913701093749975,-6.541363718749992,-103.608732,-14.377685499999984,-32.78958528125,-124.13103771874998,-10.851291625000044,-35.73547275,-28.63446240625,-0.3187350625000249,-38.72327246875,-68.48640790625001,-5.366266249999967,-52.298491,-106.1849979375,6.54117690625003,-0.00040809982,0.00021726321,-0.000124147,-17.26305220282207,-23.04592779859429,-20.723506715632386,0.32884419345327365,-51.23933313087186,-17.38806813214734,-22.051957263460917,-74.54361261200148,-24.516142290066977,-7.7333756012210095,-102.76166722975795,-13.013284918402817,-34.18801175352585,-123.141467734615,-11.883354921575036,-37.24217553809438,-28.506961167702332,-1.6277767511094539,-40.326537871417294,-68.07935028277947,-6.490474477947347,-53.75719949711055,-105.47352478482789,5.372427372139198
0.0,0.0,0.0,-16.506210062500003,-22.99490653125,-19.034583187500004,-0.3810282812499963,-50.71594215625,-15.907291437499964,-20.990558781249995,-73.71006474999999,-23.228872343750027,-6.318782218750002,-103.59954790625,-14.790021968750068,-32.67715246875,-124.21229578125,-11.347662000000014,-35.74274221875,-28.6921363125,-0.4692707812500316,-38.63451534375,-68.50953665624999,-5.7001781875000574,-52.174944625,-106.26870321875,6.061875281249968,-8.40008e-05,-8.910085e-05,-0.00019724351,-17.414741352248473,-23.12422469852407,-20.81161658818803,0.5840129011426982,-51.09334210729833,-17.617924300868033,-21.849240451447155,-74.7576075550193,-24.700374929857055,-6.748282374082734,-102.57863321312385,-13.124710344480208,-33.64425021457679,-122.6825654693809,-12.198924076546138,-37.38322525531548,-28.6946855363723,-1.6133026462776434,-40.380131876826766,-68.18096466158212,-6.619342679726033,-53.63992210435411,-105.43795258262254,4.983128617033069
0.0,0.0,0.0,-16.931376375000006,-23.293347875,-19.22747903124997,-0.6060975000000042,-51.3670665625,-15.333231062499976,-21.817758281250008,-74.58402290625,-22.336786281249942,-7.297808031250007,-104.78828178125,-12.744313312500026,-34.44615100000001,-125.0422053125,-8.211359906249982,-36.08047659375001,-28.711557375,-0.3112079687499545,-39.27334996875,-68.67333996874999,-4.708630531249924,-53.37443987500001,-105.85189440625,8.533871656249971,-0.00010798691,-0.00016255127,-0.00013709535,-17.725281509101855,-22.82023596363436,-21.001141839500367,0.06440544021413663,-50.749998033939676,-17.11358278006159,-21.837924461763745,-74.27953791529596,-24.313369751647084,-6.916907227139876,-103.0307975403297,-13.619621098564473,-33.88951747391802,-124.03506196219779,-9.847153716478994,-37.7160507611187,-28.525482239963555,-1.4471098954836676,-40.582918382913064,-68.07026233182644,-6.094750270835632,-53.22149406875012,-105.68992075555933,6.54631735087049
0.0,0.0,0.0,-16.96980355882352,-23.352585294117645,-19.21084602941187,-0.6245419411764672,-51.478285,-15.17241270588238,-21.925229794117644,-74.72636582352942,-22.12517044117652,-7.441345205882357,-104.93004294117648,-12.394779764705843,-34.66153508823528,-125.14546623529412,-7.673636852941229,-36.12597938235294,-28.70753905882353,-0.2817436470588745,-39.37197052941176,-68.70067611764705,-4.545674000000076,-53.52228397058824,-105.78739944117648,8.959355117646965,-3.2828248e-05,-0.0002956693,-0.00013813566,-17.505074852449983,-22.516373841488548,-20.947001278435238,-0.07462463871712866,-50.58825328535086,-16.876946221943168,-21.646826090497058,-74.00213542906772,-23.968531966637055,-7.047962622886735,-103.30797078473691,-13.496656374267538,-34.01573532447284,-124.17360925642872,-9.297963383462411,-37.68545223547038,-28.377063834072498,-1.4895642240551057,-40.40933673942518,-67.98228292298079,-6.097377117281086,-53.16431973315533,-105.67192708927686,6.9950415630773675
0.0,0.0,0.0,-16.970498031249996,-23.343166875,-19.22069062499997,-0.6081584687499983,-51.4715795625,-15.177763999999913,-21.9127268125,-74.72701128125,-22.16342553124997,-7.413092718750001,-104.9381533125,-12.41256059374996,-34.647901125,-125.17296484375,-7.692044281249991,-36.13267703125,-28.71160509375,-0.298516437499984,-39.36648228125,-68.70637896875,-4.575825781249932,-53.5103383125,-105.79956528125,8.941183843749968,-9.28075e-05,-0.0001992037,-0.00013317785,-17.77898716723147,-22.734370354632716,-20.94571587518868,-0.030292471445296343,-50.749691410462596,-16.95116423263412,-21.88208283208898,-74.23903118173575,-24.102738906891627,-7.043605213644745,-103.23798084674515,-13.398913760856018,-34.069834714605406,-124.17911655733542,-9.328535897105182,-37.784718572633075,-28.472471168685477,-1.4001396541343534,-40.621267267983434,-68.04366608343774,-5.985196658169662,-53.27264469709383,-105.66104337727762,6.960195851026384
0.0,0.0,0.0,-16.972300281249993,-23.3105718125,-19.246220499999936,-0.5724029374999944,-51.451690625,-15.20653912499995,-21.88891178125,-74.72936684375,-22.23726934374997,-7.351819249999998,-104.96234578125,-12.448898218749946,-34.6292516875,-125.23829240625,-7.719694968749991,-36.14507334375,-28.71653546875,-0.3284929687499698,-39.35443765625,-68.71596778125,-4.633685125,-53.49573046875,-105.82260959375,8.898757000000046,0.00016220164,-0.00053668,-0.00015556037,-16.91281342753537,-22.058932494574915,-20.80502142765528,-0.11361212906153834,-50.30058533573536,-16.776401414221322,-21.34883787079974,-73.69792532568805,-23.863445400045542,-6.964359458946658,-103.43017457368266,-13.67459243062278,-33.926714020227394,-124.26766272287566,-9.321044038695636,-37.487929148268066,-28.175117403375474,-1.708204810678655,-40.005658256214105,-67.90215777967946,-6.340619514930131,-53.00821743596189,-105.69907879530213,6.96302169146828
0.0,0.0,0.0,-17.237639735294117,-23.462592882352943,-19.332693647058875,-0.6705537352941136,-51.85642461764706,-14.969198000000006,-22.41693658823529,-75.3214388235294,-21.800292176470634,-7.896599382352939,-105.78234211764706,-11.118939617647072,-35.77874494117647,-125.83798811764706,-5.5544767058824505,-36.389269735294114,-28.78211155882353,-0.3010316470588918,-39.78672432352941,-68.86390914705882,-4.210988676470663,-54.24126520588235,-105.53174652941178,10.489824117647004,6.885949e-05,-0.00030489435,-0.00013131494,-17.064663129546027,-22.615734428705036,-21.136276152338006,0.03874359137085126,-50.902828258362746,-16.57778473559919,-21.805677004727553,-74.57604616335234,-23.552648163056723,-7.358946931715954,-104.35902831348497,-12.417056583565662,-35.06267379990051,-125.01808950070449,-7.232275376333529,-37.60570104391113,-28.499696919813974,-1.8632534120747923,-40.37142056553318,-68.25548848053356,-6.024260469978636,-53.827165657181126,-105.501606956357,8.533395440209077
0.0,0.0,0.0,-17.843833187499996,-23.972761625,-19.28324021875005,-1.2130222499999943,-52.92794559375,-14.407583187500052,-23.775857,-76.74744546875,-20.039792968749964,-9.50652515625,-107.439397375,-7.44306559375002,-38.5675595,-126.69206121875,0.0383530624999934,-36.9422704375,-28.8066754375,0.0368633749999958,-40.89581828125,-69.03129475,-2.6386296874999857,-56.0993136875,-104.51348565625,14.689096500000003,0.00024904343,-0.00065528264,-0.00016434201,-17.039998298135377,-22.565652053943577,-20.455371664314743,-0.6666226135445987,-51.6059476836985,-15.805356045692996,-23.007255163646295,-75.65015837987245,-21.524788679766115,-8.985679142588506,-106.1224461724946,-8.855283339096868,-37.784975704910394,-125.8929960176357,-1.6196751061483274,-37.77786459954251,-28.188645121645624,-1.6718849754148362,-40.9511223000556,-68.31600054748341,-4.505524346914411,-55.49134441496688,-104.522300099801,12.783763020201668
0.0,0.0,0.0,-18.672970176470592,-24.40877638235294,-19.607101382352997,-1.6295184411764725,-54.009977558823536,-13.999774676470564,-25.303451823529414,-78.28535085294118,-18.61475152941176,-11.118457823529418,-109.25491314705882,-3.719887999999969,-41.74765067647059,-127.46264214705882,6.004912470588238,-37.68019105882353,-28.897949911764705,0.0546372647058888,-42.12178644117648,-69.29868044117647,-1.3799294411765004,-58.09653623529413,-103.22862802941178,18.82262649999996,-7.129308e-05,-0.00013055053,-0.00016866204,-18.620939507573414,-23.68858179886382,-21.47220528600208,-0.7225503685722765,-53.15682757248668,-15.56487659522539,-24.758384744284292,-77.71673057366348,-20.45311298927686,-10.436177573128646,-107.99733154011506,-5.117379381651322,-41.02106961905989,-126.89027148517238,4.231646615612279,-38.96843743470412,-28.795946655144018,-1.4718019285374273,-42.6855869572385,-68.78990067284246,-3.2301381119545267,-57.65858837445048,-103.40740959498446,16.87937180156389
0.0,0.0,0.0,-18.9347865625,-24.50669175,-19.686412750000045,-1.7080860000000015,-54.32109234375,-13.891253500000062,-25.76995190625,-78.765129,-18.21639643750001,-11.5712164375,-109.83157096875,-2.600521125,-42.76185728125,-127.65466975,7.74733059374995,-37.91720428125,-28.9457556875,0.030868562500018,-42.49558396875,-69.39498025,-1.0557175625000357,-58.702712375,-102.80449153125,19.97604271874997,-9.602783e-05,-7.469792e-05,-0.00021014769,-18.90959492126311,-24.019741963470253,-21.626063565639402,-0.6802927443351827,-53.62301775121118,-15.458522745171953,-25.297506682856746,-78.36671444085617,-20.118516662395148,-10.858288294185312,-108.55241000772995,-3.9626814306439946,-42.06774780209298,-127.11419157100167,5.951197144094545,-39.188602880013185,-28.917986882352004,-1.512755257128217,-43.15078394542801,-68.93254451232646,-2.8878928213340407,-58.34044643607921,-102.9751211163905,18.016540502835777
0.0,0.0,0.0,-19.262985882352943,-24.69745644117647,-19.86149252941169,-1.873822058823528,-54.74704129411765,-13.608557352941204,-26.375124441176474,-79.30930285294117,-17.61720014705884,-12.190687500000005,-110.38208238235292,-1.0225955882352764,-43.91645252941176,-127.71006794117648,10.15369817647064,-38.16133844117647,-28.97911573529412,0.1462186470588449,-42.94502844117647,-69.46570023529412,-0.489013794117568,-59.41265811764706,-102.18209211764704,21.593073029411755,-5.501697e-05,-0.0002684455,-8.991195e-05,-18.151227792584322,-23.496245933595684,-21.01087813325034,-1.1679607308984654,-53.47228201872934,-14.978502087429177,-25.52273754830657,-78.33684165789596,-19.142898613006427,-11.595195617275714,-109.233458396083,-2.547735698446417,-43.125887042475576,-127.12584140112634,8.411950329976666,-38.72190659367712,-28.512228525524865,-1.7159788934174298,-42.85032777077452,-68.89161913193766,-2.402508677777946,-58.85374972868792,-102.34600813585206,19.67976360547455
0.0,0.0,0.0,-19.54410525,-24.82923915625,-20.061360437500014,-1.9892942500000004,-55.0571123125,-13.405809312499969,-26.825197374999995,-79.71713265625,-17.149071687500054,-12.647020374999997,-110.79527328125,0.1488818749999723,-44.80172890624999,-127.72979453125,11.910940031249991,-38.35031303125,-28.9980018125,0.2466659687499941,-43.29769681249999,-69.5167698125,-0.1043319062500245,-59.9401935625,-101.71170040625,22.78920368749999,9.4438816e-05,-0.0004046439,-0.00011880805,-18.367932477930466,-23.488090289929954,-20.965759314440227,-1.3329530583023654,-53.7281060308835,-14.748552230375466,-25.957920263382828,-78.69100847930329,-18.630591037745074,-12.035921435293632,-109.67165410883166,-1.3886609833502142,-43.98349401813897,-127.1640788693175,10.175873041845191,-38.85442005885465,-28.483823916451453,-1.619211089347537,-43.09169133922135,-68.93498218990159,-2.0067211690378812,-59.31536173462441,-101.91804788143097,20.90055181212431
0.0,0.0,0.0,-19.921130794117644,-25.04868302941176,-20.02759426470584,-2.1734450882352903,-55.58056423529412,-13.092185441176468,-27.577303088235283,-80.41488926470589,-16.323303264705885,-13.405206147058813,-111.45578502941174,2.125232411764728,-46.274370294117645,-127.6480846764706,14.87535544117651,-38.69232194117647,-29.04954785294117,0.4063846764705658,-43.881780794117645,-69.58741958823529,0.6072172058823639,-60.81507152941176,-100.85138185294116,24.79812085294128,0.0009505637,-0.0018583713,-0.00012378607,-18.262344444392163,-23.954354041695524,-20.253142291982467,-1.568962018521201,-54.02380681238975,-14.192688301082416,-26.502377676407892,-79.22029651736817,-17.51388443666177,-12.799213693586548,-110.24969142326242,0.649389818687679,-45.36291574160066,-126.93374721035306,13.244719803396922,-38.08851898500281,-28.321565469751498,-1.3558478961149667,-43.205222275880075,-68.98073188360956,-1.174410869911278,-60.0515839769315,-100.91280466602669,22.95060522506682
0.0,0.0,0.0,-20.04643946875,-25.0516615,-20.17740418750003,-2.1764824062500097,-55.67550984375001,-13.197286468750008,-27.738421125,-80.57318321875,-16.444753593750022,-13.507157749999998,-111.65363690625,2.3295115937499986,-46.59899175,-127.71148628125002,15.324882499999944,-38.810757281250005,-29.095557156250003,0.2541218124999886,-44.002008625,-69.64656040625,0.5081367812499593,-60.994264625,-100.71427925,24.972377812499985,0.0009095934,-0.0017847115,-0.00012374007,-18.379230275007398,-23.965770233024802,-20.380514159207838,-1.5717721223181895,-54.112483793491265,-14.288741936792405,-26.657443454649787,-79.37707887536313,-17.62831672089419,-12.90106885506024,-110.45046030073264,0.8513294982805553,-45.68673125870497,-127.00848751150077,13.689775920674549,-38.19738611719465,-28.35266024436312,-1.4985561366436375,-43.32306021374274,-69.03529027887076,-1.271014107861194,-60.23145017179442,-100.78850494330858,23.125054165589802
0.0,0.0,0.0,-20.206699176470597,-25.19232152941176,-20.08342873529415,-2.316560029411761,-55.97518208823529,-12.890204852941224,-28.14155223529412,-80.90577761764706,-15.744476294117703,-13.972198058823524,-111.8949764117647,3.621348676470575,-47.35073388235294,-127.50859273529412,17.08607311764706,-38.94997432352941,-29.066913823529408,0.4157598823529724,-44.29788676470588,-69.6135254117647,1.0031505588235063,-61.462358617647055,-100.15100597058824,26.15824799999996,0.0011468739,-0.0022249792,-0.0001334621,-18.524891975909483,-24.120298810790633,-20.23273322585274,-1.7053537382640407,-54.395947242238165,-13.954368454484655,-27.04494941638963,-79.69872673130267,-16.90227179218545,-13.350187546329229,-110.69932433631136,2.1436751547443755,-46.421613649759244,-126.79600239853495,15.464669218138212,-38.175183239703394,-28.346319288148308,-1.2814266990229823,-43.539246727263496,-69.01895248566144,-0.7492615870869335,-60.66747221343477,-100.21282026082766,24.324035744583302
0.0,0.0,0.0,-20.475647970588238,-25.252710941176478,-20.17411879411759,-2.375322441176472,-56.24600173529412,-12.840520500000023,-28.607168647058824,-81.30254305882353,-15.551408794117606,-14.343291147058828,-112.30230844117648,4.58381926470588,-48.25176964705882,-127.47958226470588,18.62323544117652,-39.23176544117648,-29.140713411764708,0.2570828823529609,-44.66611358823529,-69.70652476470589,1.2425537941176117,-61.96453694117648,-99.67105035294118,27.01758173529413,0.0010130922,-0.0019594987,-0.00012908003,-18.78882685006758,-24.190653836261305,-20.33742590744896,-1.7709552186560589,-54.66949779335771,-13.912609853273306,-27.510310485006105,-80.10618683700719,-16.720012218235315,-13.728391401130926,-111.1247392364463,3.0887510152507076,-47.329565958208036,-126.80396497307758,16.982174311442822,-38.47259605520503,-28.398530763366317,-1.4378586387090755,-43.927563910981824,-69.11343246825238,-0.5189188574203876,-61.18708634256764,-99.76831300634677,25.177443006019825
0.0,0.0,0.0,-20.61565040625,-25.38829484375,-20.210618875000023,-2.5210605312500007,-56.4754690625,-12.575047375000054,-28.948050343750005,-81.5505805,-15.03040496875002,-14.742135750000005,-112.45010471875,5.564469406249998,-48.81365125,-127.23587846875,19.9396363125,-39.39238659375,-29.12894534375,0.1693850312499876,-44.90715515625,-69.657097875,1.6187267500000075,-62.338478625,-99.21248846875,27.91425515625002,0.00064982567,-0.0013629507,-3.0876323e-05,-19.004295153152256,-24.282135326689783,-20.63481855808738,-1.8117729816037764,-54.994290433457586,-13.716546845339353,-27.87639687464903,-80.4464848192408,-16.30811055686205,-14.077235215088644,-111.35881475112572,4.025965754893532,-47.90535726308323,-126.66498674040601,18.25171313064626,-38.90841522762523,-28.549685812075236,-1.6827030097824192,-44.2630755686038,-69.14092793096019,-0.20301145118243658,-61.60356367902678,-99.3876532664207,26.06244055542138
0.0,0.0,0.0,-20.66158200000001,-25.33796117647059,-20.295103235294164,-2.443473117647059,-56.4356295,-12.68894335294118,-28.92396444117648,-81.55971497058823,-15.282626911764735,-14.649602000000002,-112.53770611764703,5.404847970588321,-48.834499176470594,-127.34498482352944,19.814920647058784,-39.426369176470594,-29.17161238235294,0.0914018529412032,-44.90526938235295,-69.71599355882354,1.4659279705882111,-62.31804405882353,-99.28364341176471,27.78118988235292,0.0002077618,-0.0005698914,-3.8635615e-05,-19.237779479751488,-24.181471324618986,-21.09217136657167,-1.6374144199393075,-55.070874521564974,-13.908661855172943,-27.92072763641321,-80.56600393485671,-16.698979371794998,-13.938959949286911,-111.53320657664108,3.8281525187406555,-47.96162248945007,-126.89756350102729,18.07196326105461,-39.37611872107106,-28.7985433004725,-1.8728522935166891,-44.41195279960842,-69.2676470192738,-0.4197082959443972,-61.643836769650335,-99.56285871079056,25.919071908642437
0.0,0.0,0.0,-21.0235411875,-25.54555578125,-20.62798509375,-2.5639751562500024,-56.8569065,-12.394044968749997,-29.472695875000003,-82.0967051875,-14.567075750000017,-15.183113,-112.91532478125,7.063614687499978,-49.875383625000005,-127.05456840625,22.20534037499993,-39.6551315625,-29.17631615625,0.1961355624999896,-45.32664009375,-69.762378625,2.00259106249996,-62.91764671875,-98.50798590625,29.30648400000001,0.00020721962,-0.00052799867,-8.525593e-05,-19.54948245298873,-24.36233123538551,-21.281537326761875,-1.809756785279214,-55.48318462910397,-13.636640184543168,-28.480799000924502,-81.09873863432341,-15.988414326814167,-14.50167048253249,-111.93254142877757,5.460563541250869,-49.01475765441968,-126.6384732314752,20.448585484785646,-39.57558578802194,-28.75635670063701,-1.757657293819207,-44.83311088164786,-69.30775922393056,0.11851300759535754,-62.25523267052755,-98.82159748012766,27.445609095701627
0.0,0.0,0.0,-21.258940823529407,-25.699065911764706,-20.63612902941173,-2.731139588235301,-57.19960535294118,-11.986188911764714,-29.99161873529412,-82.51584967647058,-13.828917499999989,-15.722125294117646,-113.14047241176472,8.602584029411787,-50.80531714705882,-126.66411961764706,24.29854726470592,-39.84176888235295,-29.130532117647057,0.3663735588235113,-45.69571852941176,-69.73883332352942,2.657934852941196,-63.45255967647059,-97.73698891176473,30.706483794117677,0.00018679845,-0.00043916932,-0.00010133913,-19.82915442121491,-24.47942765765856,-21.320375602569005,-2.0013096862507362,-55.85362879032122,-13.272927194029974,-29.030653760883848,-81.53884519143786,-15.285629054901168,-15.051655349683935,-112.20085083396103,6.969310829932669,-49.96183606191759,-126.29680656999331,22.522703582386924,-39.81583006161966,-28.73828382521954,-1.5946130435444554,-45.229598062353894,-69.30350972278131,0.7623544476770288,-62.808996303601766,-98.0938731311455,28.846790314250985
0.0,0.0,0.0,-21.446848437499995,-25.75672203125,-20.70840362499996,-2.7949293749999957,-57.39212221875,-12.006800624999984,-30.31517875,-82.76303862500001,-13.61427403124992,-16.009749687499998,-113.35426209375,9.306178968750032,-51.4009054375,-126.49244121875,25.352896718750003,-40.00080146875,-29.156336125,0.340789749999999,-45.9291165625,-69.77412378125,2.8012380625000333,-63.77270209375,-97.3329324375,31.30974390624999,0.00021902996,-0.00052361214,-6.581664e-05,-19.927446571122267,-24.619728880792607,-21.33980250388782,-2.0053053130815055,-56.03054466876043,-13.240737582953559,-29.29668384622807,-81.79292484043312,-15.036085332366886,-15.306574264189745,-112.41906909041593,7.684156043336383,-50.52907954175331,-126.13264298746412,23.58924572145234,-39.83132352978737,-28.807122974864342,-1.6211805362116218,-45.39002571518587,-69.36430078531605,0.9193703279485701,-63.105719550219035,-97.69400909118082,29.459133753680945
0.0,0.0,0.0,-21.30996473529412,-25.82320932352941,-20.43276258823528,-2.9045567647058803,-57.311105088235294,-11.794063735294117,-30.222955205882347,-82.48619394117647,-13.416707441176412,-16.06851526470588,-113.04233620588236,8.94528020588234,-51.061179,-126.38170338235294,24.598962264705904,-39.84596470588235,-29.083783411764703,0.5254786764705841,-45.83846132352941,-69.6259593235294,3.023174529411847,-63.63736261764706,-97.49238297058824,31.041461911764717,0.00019759289,-0.00049109454,-9.450782e-05,-19.818368015288975,-24.66525264949224,-21.0917584652502,-2.1308864744938902,-55.962963574661494,-13.052613989126773,-29.209685760748947,-81.52825204341002,-14.85045510100455,-15.365398415769246,-112.10647866037858,7.323615212344813,-50.187895152000024,-126.0180715245845,22.836819480241992,-39.71188745108433,-28.735882626026843,-1.4394611020032515,-45.31039771690209,-69.22735873004878,1.1357778052882088,-62.96729004010594,-97.85500049995535,29.192269853534125
0.0,0.0,0.0,-18.4886735625,-24.0774750625,-19.800621093749957,-1.2517860312500062,-53.41092559375,-14.51007656249999,-24.550644968750003,-77.5703486875,-19.873551406249987,-9.948477656250006,-108.49858415625,-5.884280093749965,-40.10658053125,-127.43856487499998,2.6829290000000583,-37.46985128125,-28.92847040625,-0.1689490937500295,-41.52208490625,-69.294156125,-2.4307099999999764,-57.0368016875,-104.135633875,16.386798812500047,4.8081187e-05,-0.0003143231,-0.00012493253,-17.66847875539938,-22.891150286012067,-21.186230707997794,-0.5733568818608934,-52.20472052499633,-15.953961329845402,-23.78278008037816,-76.61396324739603,-21.453333164330143,-9.399898325061368,-107.23528012500347,-7.3344951267808876,-39.342088592797985,-126.74134073955688,0.9713710602862196,-38.37953640086097,-28.497483963578837,-1.897163105205796,-41.6848284982703,-68.65247112946007,-4.317971213969907,-56.50481916015824,-104.2153148252758,14.460495218367955
0.0,0.0,0.0,-17.1392310882353,-23.28812541176471,-19.395150735294123,-0.5553949705882388,-51.54726344117648,-15.422629911764773,-22.06169458823529,-74.94049458823531,-22.414384823529478,-7.307243970588239,-105.24368044117648,-12.127624676470646,-34.92569620588235,-125.55218820588236,-7.086309235294152,-36.32327564705882,-28.78447255882353,-0.5162462352941475,-39.51967923529412,-68.81404644117647,-4.77402097058831,-53.66530955882353,-105.81528226470589,9.269978147058794,2.237031e-05,-0.0002968672,-0.00012936072,-17.159236859255767,-22.444309325831316,-21.208317628397438,0.08823637100824078,-50.58718948141936,-17.054805358189267,-21.576606575105274,-74.16477281890546,-24.192851960168596,-6.902906917508778,-103.72378676836796,-13.36311436516239,-34.279767478777146,-124.64527351888228,-8.74771882657614,-37.65713398784506,-28.429116949555368,-1.9635002964999348,-40.29327037174459,-68.12517273443187,-6.48487156890519,-53.327802502074164,-105.70447330660751,7.301778370245085
0.0,0.0,0.0,-16.119493500000004,-22.6822566875,-19.15062612499997,-0.1207695937500048,-50.04404578125,-16.312931968749922,-20.15517884375,-72.72154287500001,-24.325959093749987,-5.271555562500005,-102.2210810625,-16.943585562500004,-30.786608468750003,-123.1044088125,-14.773471749999942,-35.3822905,-28.66950340625,-0.749432562499976,-37.9033931875,-68.33049021875,-6.599858343749986,-50.85906000000001,-106.619518,3.336519312500002,9.747717e-06,-0.00030512267,-0.00013262371,-16.810970043113866,-22.234822161529593,-20.973169001119196,0.5095954843476347,-49.423200400288245,-18.106584912118123,-20.23690820569412,-72.4008857026517,-26.298393956861517,-5.257218062098112,-100.31466566572442,-17.54804794430653,-30.41759129737799,-121.86624114562618,-16.30015677184984,-36.95120273391048,-28.367123004313502,-1.9523791510111854,-39.25243214668336,-67.68297674373963,-7.926817343224153,-50.97335147329922,-106.19240048051114,1.3860044872098223
0.0,0.0,0.0,-14.142567187500006,-21.757000375,-18.239997906249982,0.4223441562499914,-47.30269565625,-17.080374749999976,-16.7714593125,-68.13384537499999,-26.45984087500005,-2.1056905625000013,-94.79270703125,-24.82342821875,-23.148571406250007,-114.87233021875,-28.01293284375004,-33.409494593750004,-28.1984643125,-0.7796602187499957,-34.907372,-66.87623103125,-9.321703937500049,-45.312691,-105.96118825,-7.966302906250007,0.000104410865,-0.0005051013,-0.00014339644,-15.149216852471833,-21.623693707122865,-19.963043403127998,0.9489945306859318,-47.44831932715844,-19.0042856443965,-17.694379279965414,-69.03486335937946,-27.988364779124026,-3.1644887164098305,-94.73820622925219,-23.12755790181573,-24.89142891722058,-114.63696265440028,-27.06054121941395,-35.051475817971934,-27.956105856113325,-1.895527611373561,-36.66676266286681,-66.49477230136623,-10.192929357705722,-47.21990081221777,-105.35964730594657,-7.9398600469579215
0.0,0.0,0.0,-13.543198470588235,-21.174306411764704,-18.21673138235292,0.8601982647058719,-46.080678382352936,-17.88321099999996,-15.450636647058827,-66.30009258823529,-27.87343997058821,-0.6566895588235369,-91.95632155882352,-28.207850823529384,-20.47533552941177,-111.62059585294118,-33.068254411764656,-32.79008564705883,-28.149498382352935,-1.1035489117646762,-33.73718641176471,-66.3288315,-11.146870382352972,-43.12699041176472,-105.31162570588236,-12.756228294117534,0.00013544605,-0.0005256515,-0.00012981678,-14.64709238652598,-21.256267211023165,-19.882474654811357,1.2893036835517353,-46.877612939062146,-19.666680610573632,-16.584657733647497,-67.64963981318154,-28.81827776767939,-1.5521375182047614,-92.56947003166142,-26.52790382963447,-21.776650841734472,-112.21224484558269,-31.66949427241955,-34.47768674007564,-27.92727692555374,-2.1536061363893735,-35.653470432086124,-66.08404499344533,-11.664494879135685,-44.81349538097546,-105.13785404229829,-11.695330373597983
0.0,0.0,0.0,-13.343155656249998,-21.35862384375,-17.963702218749972,0.6481853125000043,-46.132184,-17.5400058125,-15.378799999999998,-66.12671125,-27.23258681249996,-0.8591872500000051,-91.32361153125,-27.949237906249948,-20.1358006875,-110.50282196875,-33.12250903124999,-32.54036878125,-28.0207558125,-0.8124856874999296,-33.62255484375,-66.19639437499998,-10.623634374999938,-42.8989514375,-104.965287125,-12.839023624999982,0.00012677864,-0.0005160294,-0.00015513635,-14.632055333488868,-21.416081647071213,-19.491915627554853,0.9893747972707156,-47.037244786675785,-19.290564211384112,-16.6205284651404,-67.48742578385398,-28.011410525684532,-1.7026260874786312,-92.1214872950326,-26.32074007296891,-21.361527995512553,-111.258941651769,-31.734749833354496,-34.30662006900256,-27.853926402523683,-1.735808131979316,-35.581999541888614,-66.02550022139387,-10.986086665929026,-44.42227740137513,-104.90520556590374,-11.544470337552735
0.0,0.0,0.0,-12.991995852941171,-20.91544185294118,-18.11527391176469,0.9762875294117634,-45.240804705882354,-18.23260408823529,-14.596614529411774,-64.75928400000001,-28.63734608823529,0.1766348235294117,-89.28144664705883,-30.279798588235337,-18.33669611764706,-108.06139964705883,-36.50745894117648,-32.1350205,-28.02626823529412,-1.1742786470588271,-32.80609123529412,-65.77132123529412,-12.009295176470689,-41.36811697058823,-104.30325394117646,-16.252648676470642,4.6705827e-07,-0.00035744603,-0.00013671863,-14.464340878073351,-21.237862403589013,-19.429901279305952,1.0571701002917886,-46.94390651119034,-19.27802374104679,-15.872029597440235,-66.29917632851291,-28.68260115240558,-0.557179846640951,-90.2678906544108,-28.702318239640743,-19.399178827328754,-108.93015297535334,-35.052674370800275,-34.00914121713345,-27.934255500180875,-1.8665251307539044,-34.7961414371841,-65.79718751168348,-11.81173219992038,-42.603239205148306,-104.38471797521858,-14.681713707462404
0.0,0.0,0.0,-12.9497393125,-21.06904621875,-18.04146300000002,0.8934243437499987,-45.46797653125,-17.91741940625002,-14.66045621875,-65.04641615625,-28.160687437500087,0.0161758750000018,-89.5695770625,-29.592469250000025,-18.44215784375,-108.37674428125,-35.669450906250006,-32.16577384375,-27.97400009375,-1.0825433750000002,-32.92394171875,-65.8550495625,-11.52765662500002,-41.51327215625,-104.45589896875,-15.411829187500018,0.00020895261,-0.00061651773,-0.00016630565,-14.361710683280906,-21.166779150225974,-19.454539474292975,1.035732097649563,-46.567687398757855,-19.581866615105017,-15.969538706787464,-66.47304338155314,-28.66172416223941,-0.8449275158058436,-90.4484075475053,-28.015713742964124,-19.61393865432703,-109.2146815324707,-34.282082571963784,-33.98516463978776,-27.78136348570354,-1.8904470007706944,-34.9125943459023,-65.72108029916573,-11.69292297064228,-42.93079586070204,-104.50016386996587,-14.001628079204854
0.0,0.0,0.0,-13.000545812500008,-21.15831096875,-18.052106874999996,1.0048927812499997,-45.77367390625,-17.600686875000008,-14.671722124999995,-65.70787365625,-27.777955031249974,0.0977540937499981,-90.611816625,-28.446554093749967,-18.60873859375,-110.04073903125,-33.95164390625001,-32.42964725,-28.00932325,-1.0620546250000302,-33.12297559375,-66.15805934375,-11.066820093749982,-41.78444346875,-105.12336146875,-13.745498593750028,0.00018649423,-0.0005764031,-0.00016832622,-14.40719387868382,-21.25295026454613,-19.470692304782972,1.0864273331426249,-46.745617611857334,-19.34673313726741,-16.04458087457882,-67.03487886420578,-28.373199545515416,-0.8776625835839162,-91.42017320584833,-26.898935941950867,-19.929086886743313,-110.74542451091187,-32.62495676907586,-34.23812229808295,-27.82149663269696,-1.8952047689080094,-35.099652337063546,-65.97682833643877,-11.311573795320175,-43.31938156945982,-105.0433537617546,-12.465825278481379
0.0,0.0,0.0,-12.978832529411768,-21.19836523529412,-18.006633999999963,1.0806441470588195,-45.98496626470588,-17.385738529411753,-14.61438441176471,-66.20171508823529,-27.34186317647061,0.1722450294117692,-91.33662326470588,-27.571461411764687,-18.736709705882355,-111.19577355882352,-32.695129323529386,-32.61093141176471,-28.042302352941174,-1.0379548235293328,-33.262787617647064,-66.32741197058824,-10.772491470588191,-41.958087,-105.55745702941176,-12.555023088235204,0.0001528287,-0.0005197126,-0.00016616064,-14.40298346526421,-21.323158853151785,-19.405283586155342,1.1126050560170988,-46.96987172591011,-19.12612346751845,-16.041197798222598,-67.45574171284683,-27.967659297415747,-0.8707735007349238,-92.12588568513239,-26.05845870936356,-20.14359634663412,-111.81182780418396,-31.4140566687406,-34.42423625034689,-27.873500012752274,-1.8646538814223648,-35.24031299043502,-66.14591483814932,-11.010088168579353,-43.539340071612735,-105.40047935489694,-11.340528652999208
0.0,0.0,0.0,-12.956609031250004,-21.246543375,-17.98924918749998,1.101225187499992,-46.1774625,-17.207178124999984,-14.57004903125,-66.61261359375,-26.88924415625001,0.1718834375,-91.935968625,-26.81787684374996,-18.87492234375,-112.1074445,-31.601559718749968,-32.74858309375,-28.05112678125,-1.040752375000011,-33.387393625,-66.48228934375,-10.470762250000009,-42.127062156250005,-105.890905125,-11.461519281249991,9.3209994e-05,-0.000433685,-0.00015486688,-14.390692929914533,-21.40938454892216,-19.373765754272224,1.1440376516851158,-47.2269565229462,-18.909156206148676,-16.01373246888325,-67.8388038323845,-27.531299940883176,-0.8873924945585108,-92.74828594748898,-25.328556506365857,-20.323888749655932,-112.69270528567985,-30.3533745693024,-34.56745528645176,-27.920989403097845,-1.8621951358932907,-35.36689165271689,-66.31874357144896,-10.704942391402785,-43.734701873415425,-105.69639255897212,-10.287781916483262
0.0,0.0,0.0,-12.93131873529412,-21.256762676470583,-18.09426332352939,1.1620216470588147,-46.27237064705882,-17.180894764705897,-14.551117794117644,-66.83710688235296,-26.975418000000047,0.275276058823529,-92.33264970588236,-26.43871435294119,-18.851726264705885,-112.79181355882352,-30.989334911764782,-32.845473294117646,-28.068768852941176,-1.147601852941193,-33.42591885294118,-66.6106685,-10.44552517647054,-42.13749661764706,-106.1908991764706,-10.884238676470602,0.00018525278,-0.0005576854,-0.00011429282,-14.200026164018809,-21.26431872338056,-19.640330710952682,1.4425230667358837,-46.71611716594122,-19.11076729431476,-15.80092288509557,-67.78057204936657,-28.219548504889964,-1.022544867089485,-92.93104056884481,-25.039575610934044,-20.625997090152527,-113.13002699997907,-30.130513215374535,-34.550430374142465,-27.89777195656809,-2.1790481272104962,-35.279686533503266,-66.32196619296151,-11.138487198816716,-44.05049696721368,-105.82387321787569,-10.430673236566413
0.0,0.0,0.0,-12.947308562499998,-21.34106259375,-18.07621878125002,1.1646032812499951,-46.5119303125,-16.981290937500034,-14.677638718750003,-67.26869293749999,-26.81685756249999,0.2073642499999977,-92.97964059375,-25.656542968750045,-19.088197468750007,-113.72885296875,-29.763548062500035,-32.975308687500004,-28.08186209375,-1.117721656250012,-33.580197187500005,-66.77671290625,-10.157278187500026,-42.40098178125,-106.50684140625,-9.736541812500036,0.0002039338,-0.00059252814,-0.00016454428,-14.364667575316325,-21.33422544598648,-19.48726331711655,1.1559422931013754,-46.923132227145565,-18.938543596886685,-16.15600056579151,-68.11942735416433,-27.861222058983287,-1.2583663183492777,-93.36335953899577,-24.351018678640514,-20.91931734651643,-113.78515252546792,-28.961157663029773,-34.75342528318826,-27.85234856036733,-2.004076500616658,-35.48262754719456,-66.42682538734823,-10.665547260559965,-44.27159909066441,-106.00171528647358,-9.240922518244018
0.0,0.0,0.0,-12.935931468749992,-21.34936978125,-18.145574718750023,1.2462724062500072,-46.61388740625,-16.832995468750028,-14.641553781249996,-67.52362587500001,-26.70669287499993,0.300106625000005,-93.40328515625,-25.18569765625,-19.115781656249997,-114.394656625,-29.060813968749983,-33.05589096874999,-28.1037939375,-1.1674900625000078,-33.618107437499994,-66.88850793750001,-10.03749665624997,-42.4500785,-106.73660115625,-9.129124718750006,0.00019448996,-0.0005897867,-0.00017841176,-14.4001804724127,-21.370503382229746,-19.507752470066787,1.1439946735912467,-47.04174211097587,-18.784015616530702,-16.184402281964,-68.34576666350274,-27.678136660159243,-1.2229715220176063,-93.70186270213209,-23.924315712835384,-20.964012187114804,-114.32344845940767,-28.299911017032642,-34.8535628901567,-27.86501524188479,-2.0109119009095897,-35.531299376375614,-66.52440207630852,-10.492604914653784,-44.30854007199084,-106.17490224241847,-8.648900900480038
0.0,0.0,0.0,-12.950062352941174,-21.449012411764706,-18.150396852941128,1.2790083823529417,-46.85696464705882,-16.58853232352942,-14.693336058823531,-67.96373852941176,-26.374325852941183,0.2458582941176459,-94.03361270588236,-24.297687235294177,-19.33587420588235,-115.27904558823528,-27.837738,-33.1502645882353,-28.117906176470587,-1.1212030882353474,-33.73619726470588,-67.08447782352941,-9.648206823529506,-42.68019844117647,-107.01917652941177,-7.994767088235278,-4.8811926e-06,-0.00033680646,-0.00015594687,-14.492124526808697,-21.642389623790603,-19.409225477415507,1.1414019101711064,-47.81418012465903,-18.33919019651782,-16.282947435634803,-69.05339113395769,-26.908921842561806,-1.03128561133158,-94.67983469501351,-22.90079762421631,-20.993533029862306,-115.54622835000559,-26.75110071226587,-35.01480674050303,-28.013988439568596,-1.8372224080682558,-35.71558795685087,-66.85948977033917,-9.825387137818204,-44.3764881980596,-106.61319895553589,-7.016103065087774
0.0,0.0,0.0,-12.963916374999997,-21.481999968750003,-18.18937390625001,1.3241465000000048,-46.99053015625,-16.454055906250005,-14.7257465625,-68.24975228125,-26.32003203124998,0.2698583749999983,-94.47210846875,-23.793721343750008,-19.429387,-115.9507600625,-27.02516746875,-33.22209009375,-28.13643278125,-1.1418074687500166,-33.80300325,-67.22407625,-9.52404315625006,-42.7814050625,-107.24990996875,-7.304815343750022,2.640416e-06,-0.00033747937,-0.0001513586,-14.502433019731356,-21.65916547426608,-19.454908938376658,1.1831543335916395,-47.85205870451588,-18.253469635644766,-16.335612205850158,-69.28052417842783,-26.908115279055245,-1.088525930167526,-95.0557444899421,-22.446813375757543,-21.165801809317283,-116.11324866522003,-26.046157221628082,-35.08004143673297,-28.027703844548288,-1.8740607210005615,-35.77307425280718,-66.96594770677785,-9.752494243076882,-44.530779433139344,-106.77984366475499,-6.457037671716442
0.0,0.0,0.0,-13.004641647058818,-21.53835732352941,-18.261316617647083,1.32525741176471,-47.13573441176471,-16.38350629411775,-14.800804794117632,-68.57191414705882,-26.21168076470593,0.218696617647069,-94.91504447058824,-23.290707823529488,-19.62409605882352,-116.6078340882353,-26.10183185294119,-33.30054997058822,-28.13077052941177,-1.1504264705882292,-33.915510676470575,-67.33755347058823,-9.338508205882476,-42.94971494117646,-107.45365644117648,-6.497390705882367,3.394742e-05,-0.0003732128,-0.00015755811,-14.539193501026386,-21.669602886687414,-19.537218341776352,1.1882278638556927,-47.82391294635581,-18.256373936939287,-16.43014432412648,-69.48443906448362,-26.92760741669578,-1.2723612172691185,-95.3490808970266,-22.030406703376183,-21.468952705726593,-116.56961034525756,-25.330441615868978,-35.144743975913414,-28.001219390049908,-1.9134238316666716,-35.86312009277576,-67.02440560930651,-9.668289919284044,-44.771567053455975,-106.8794060947671,-5.904861026767975
0.0,0.0,0.0,-13.012416000000002,-21.577405812500004,-18.308895937499983,1.3549117499999994,-47.2575555625,-16.332407875,-14.8253580625,-68.8129981875,-26.13556093750003,0.2223411249999998,-95.2830451875,-22.867902625,-19.724480937500005,-117.1512440625,-25.42261587500002,-33.356762625,-28.149535343750003,-1.1624984062500516,-33.97294209375001,-67.43899434375001,-9.200564375,-43.051994625,-107.6428694375,-5.83687115624997,-3.7282764e-05,-0.0002961819,-0.0001456587,-14.581975738141283,-21.751102656565568,-19.53621481813677,1.1848272913471012,-48.08466198921617,-18.145407112674846,-16.48044730589297,-69.77397688152404,-26.716249792255095,-1.2178020201945803,-95.78720627777398,-21.574917970642954,-21.53574156482701,-117.16977377358684,-24.574682157247256,-35.22502925084204,-28.05533076352262,-1.8701037424573,-35.93845577456866,-67.15650810404325,-9.439222068969956,-44.83888478551236,-107.08541445117088,-5.132408600480753
0.0,0.0,0.0,-13.024403468750007,-21.60928175,-18.337349906249983,1.3654796562499882,-47.361028625,-16.27334021874998,-14.83280656250001,-69.031013625,-26.02549062499997,0.2146556562499881,-95.57396878125,-22.475700281249942,-19.813706031250007,-117.59409803125,-24.756849187499935,-33.40626996875001,-28.178806843750003,-1.148467062499947,-34.019220593750006,-67.526935375,-9.081445749999943,-43.12443421875001,-107.761205375,-5.334484031249929,3.1248812e-05,-0.00036684863,-0.00015409572,-14.596590337494728,-21.71552792225627,-19.568991169210737,1.16918843554938,-47.954364667903945,-18.173188132891255,-16.511885908043393,-69.82637411975283,-26.765824492087074,-1.4007431882382433,-95.87475597912459,-21.335518876902,-21.71941160914345,-117.36769663081384,-24.193796209294185,-35.2612554182882,-28.033515771110647,-1.8818970088567242,-35.95768211397129,-67.17322538857701,-9.423872647492027,-44.96877129927181,-107.1041151208032,-4.926252318552433
0.0,0.0,0.0,-13.038656999999986,-21.64596370588235,-18.358823176470707,1.3691052352941284,-47.47558717647058,-16.19070455882354,-14.871947970588224,-69.24867758823528,-25.877391235294223,0.1951041470588279,-95.90257994117648,-22.016113411764707,-19.938020499999983,-118.03104441176473,-24.14762614705893,-33.45068073529411,-28.20961394117647,-1.1248350588235212,-34.07454399999999,-67.62038505882353,-8.93312444117646,-43.228015617647046,-107.8766346764706,-4.774812705882425,-4.4532084e-05,-0.0002826065,-0.00013923804,-14.634192886271737,-21.8012542710462,-19.554711999058373,1.1671331817330863,-48.222584227098174,-18.03493954817116,-16.56267231097536,-70.1184239572273,-26.497868840407964,-1.351698363581427,-96.32054246062226,-20.819155047653595,-21.81079342596277,-117.91809359222343,-23.45483203612428,-35.32509144236419,-28.103695331882463,-1.8143027878915636,-36.03317569724523,-67.30564773217534,-9.187490888965085,-45.0433960692046,-107.26319464172839,-4.202025537836403
0.0,0.0,0.0,-13.040142624999994,-21.652132,-18.415122062500014,1.4054940937500078,-47.53546646875,-16.15616415624993,-14.865152124999994,-69.38879840625,-25.869033843750003,0.2304704062500064,-96.11331653125,-21.781540968749937,-19.964829062499994,-118.3743211875,-23.685008031249936,-33.48650459375,-28.23289615625,-1.1549006562499358,-34.09765125,-67.7039334375,-8.917659812500006,-43.27458353125,-107.99224321875,-4.390478093750005,-0.00011091598,-0.00015584759,-0.0001305826,-14.648365439893585,-21.92016845664001,-19.573472542953837,1.2434948468070595,-48.644549614095524,-17.812573169960128,-16.526670598696718,-70.4370095460447,-26.24401353383308,-1.1017347642877289,-96.76676106613587,-20.440556396347887,-21.71668686507693,-118.51202824439918,-22.730004886736534,-35.385945634401594,-28.223014807825685,-1.781020526595618,-36.08515890350515,-67.49206447431054,-8.987837228350628,-44.987335223563775,-107.48016373302215,-3.493674748097791
0.0,0.0,0.0,-13.081415911764708,-21.72756517647059,-18.485321205882315,1.4561755882352898,-47.77660526470589,-15.98194267647051,-14.934309205882355,-69.8662330882353,-25.601293294117625,0.1835261176470553,-96.76715079411764,-20.93539355882348,-20.2519430882353,-119.28847676470588,-22.314446941176413,-33.60699894117647,-28.278399647058823,-1.2015552352940515,-34.23129876470589,-67.89569373529412,-8.66915267647056,-43.51533414705883,-108.22080426470588,-3.255313588235253,-6.050159e-05,-0.00025285574,-0.000117329095,-14.71755384674803,-21.887039252322708,-19.62445275089352,1.191244099439209,-48.474895820306486,-17.83725979389365,-16.66616345960117,-70.65583788882948,-26.21546354962882,-1.457974794316186,-97.10236706792223,-19.84310018898165,-22.169842395084096,-119.04493437436135,-21.80224644049902,-35.5026151876771,-28.17771965484041,-1.8312397477046483,-36.18854893591777,-67.55343219025237,-8.897250905478822,-45.34854677117216,-107.55736650161371,-2.8090156952368917
0.0,0.0,0.0,-13.146360062499994,-21.83324840625,-18.519764906250032,1.4609749062500017,-48.0763820625,-15.69400975000002,-15.076056531249996,-70.4077436875,-25.175007875000063,0.0329465937500046,-97.5067294375,-19.80500512500004,-20.68431415625,-120.2513429375,-20.58591368750001,-33.7399854375,-28.28381403125,-1.1863202812500049,-34.428473999999994,-68.0779733125,-8.177563718750037,-43.87753078125,-108.41950421875,-1.818321312500018,0.00011362191,-0.00043994412,-0.00013099064,-14.700541649718831,-21.76696264924625,-19.776795451769264,1.2894451410924201,-48.07080139736027,-17.686632743905687,-16.613862650329164,-70.58338597015154,-26.44161836314061,-1.8555165233942144,-96.84946447923109,-19.84635521348483,-22.237217027147114,-119.25693675049138,-21.360283759751304,-35.54953475510042,-28.069297221620367,-2.010646554977949,-36.21686727445853,-67.54590273755773,-8.897668155031377,-45.46542031437491,-107.58361727919443,-2.701440701299052
0.0,0.0,0.0,-13.170828656249997,-21.83734559375,-18.59878553125003,1.5395874687499995,-48.1722320625,-15.675274906250024,-15.074494156249996,-70.66314703124999,-25.133316062500057,0.0980763437500087,-97.8842748125,-19.385119562499995,-20.77933909375,-120.83664175,-19.829070125000044,-33.804841749999994,-28.30730965625,-1.2309304374999783,-34.46343546875,-68.21429984375,-8.095291187499981,-43.95398337499999,-108.58781034375,-1.220806156249978,8.7236025e-05,-0.00040404758,-0.0001330601,-14.755693833661672,-21.799144989341503,-19.818106277916257,1.3155048769569935,-48.212754311388196,-17.662268851736616,-16.66919920935335,-70.85315751168697,-26.32529417091092,-1.805099481239392,-97.26983199528196,-19.404659356385377,-22.353692623602694,-119.85304469421831,-20.573346817432345,-35.63349219622154,-28.10245029779179,-2.014556744349,-36.26992093076728,-67.67797935998705,-8.765343882604254,-45.5648919198605,-107.7384896983303,-2.04762421444614
0.0,0.0,0.0,-13.230025176470598,-21.957563970588232,-18.6072297941177,1.5121537941176442,-48.40924744117648,-15.48996605882354,-15.207729882352936,-71.09098070588234,-24.7578646470588,-0.0490637647058846,-98.42802838235292,-18.498138499999985,-21.12699267647059,-121.50289385294116,-18.479859264705908,-33.902066911764706,-28.309944,-1.2177367352941246,-34.6390480882353,-68.38219364705881,-7.752841735294112,-44.25088923529412,-108.69685279411765,-0.1078958529411124,-7.3387346e-06,-0.00029917408,-0.00013522379,-14.83172511134078,-21.984196073573866,-19.80466373790225,1.2856608280935693,-48.617540713572936,-17.466153005702807,-16.86982606809804,-71.43349233030722,-25.816222836173154,-2.001263227920037,-98.05142118954042,-18.28114938011544,-22.853843720498677,-120.65113372841718,-19.020682860724055,-35.75542702584006,-28.161268111281633,-1.9545893444829496,-36.48757735760354,-67.88399961053973,-8.331410868817276,-45.965125427555755,-107.85052912573191,-0.6953739593165251
0.0,0.0,0.0,-13.300860029411758,-22.020250352941176,-18.729763147058804,1.548061117647066,-48.63305870588235,-15.376604735294109,-15.29634544117647,-71.58820044117647,-24.53315273529404,-0.0731234705882215,-99.07144091176473,-17.561476676470534,-21.44132973529411,-122.3685860882353,-16.992174823529353,-34.035997558823524,-28.33648223529412,-1.2970302352940737,-34.77642135294117,-68.56321320588236,-7.545158705882386,-44.49444067647058,-108.8820376764706,1.0708853529411613,2.9655595e-05,-0.0002857489,-0.00012732738,-14.81722727965533,-22.029856916078494,-20.033809954628776,1.4405665170340651,-48.75063185536492,-17.37025000598792,-16.825599956191084,-71.81795698279463,-25.80145575898005,-1.9859385073522642,-98.52688414375041,-17.772655656341097,-22.978941592544736,-121.45702747215583,-17.889287227798494,-35.83019026502625,-28.206501386507508,-2.1710883065671736,-36.54899771887735,-68.05180415879563,-8.317449980909059,-46.052938965049826,-108.07859899244978,0.10882019635639983
0.0,0.0,0.0,-13.323652750000008,-22.02064421875,-18.8343411875,1.5849799062499983,-48.687394125,-15.427760156249974,-15.277112250000002,-71.727061,-24.52855787499999,-0.0402127187499985,-99.26393684375,-17.387247093749977,-21.4828709375,-122.6843014375,-16.6160764375,-34.08600990625,-28.355790625,-1.3837967499999877,-34.79206559375,-68.63996009375,-7.550244406249988,-44.519185375,-108.97658728125,1.4047336562500163,-1.7355196e-06,-0.0002485952,-0.00012319235,-14.884227674030733,-22.085837681467805,-20.083483180591806,1.4464885889828225,-48.92698527402835,-17.408521685649433,-16.890665340164496,-72.06112831280953,-25.66206811127174,-2.003327014086649,-98.88317836810232,-17.352530431074168,-23.14537356426805,-121.83695866921458,-17.335864773765415,-35.9150630883121,-28.25473933245232,-2.18651282275731,-36.613896540940544,-68.15113734192698,-8.215063417078484,-46.17204123152398,-108.15573369711151,0.6338465627263283
0.0,0.0,0.0,-13.350230593749998,-22.06249696875,-18.86300565625004,1.587826249999999,-48.7952424375,-15.342709593749989,-15.3342654375,-71.91621471875,-24.3791970625,-0.0909581875000071,-99.5025655,-16.998517093750024,-21.63749353125,-122.98246425,-16.00851437500006,-34.136687875,-28.36326203125,-1.3995181250000428,-34.8487624375,-68.70500121875,-7.412546218750037,-44.630652875,-109.024361125,1.9054564687500035,-8.509407e-06,-0.0002511229,-0.00012427226,-14.94241766078575,-22.112845333944847,-20.07230519965783,1.4085795436707569,-48.992947616386026,-17.324825453257642,-16.963797631466473,-72.19484038672115,-25.504804705497524,-2.0358192453454236,-99.04063771258821,-17.062845819007535,-23.250665504180283,-122.09268904339069,-16.786959149827137,-35.98446810923219,-28.25269610871522,-2.1568049813199384,-36.67252842647046,-68.19742178610608,-8.057713435083507,-46.25640917695317,-108.19227045151457,1.0902622846698287
0.0,0.0,0.0,-13.387880205882354,-22.112911941176463,-18.913607264705888,1.640954352941172,-48.98827382352941,-15.178313176470567,-15.378145529411768,-72.33499032352941,-24.14748864705882,-0.1074066764705889,-99.98872211764706,-16.228165470588237,-21.86142773529412,-123.60934885294115,-14.776555558823476,-34.234965676470594,-28.39684970588235,-1.4340594999999323,-34.94606223529412,-68.89278979411765,-7.168555676470646,-44.797480029411766,-109.14528452941175,2.872576558823539,0.00015782463,-0.00048053215,-0.00015825972,-14.981477124338555,-21.905989579106425,-20.104250787160133,1.3932184313105058,-48.61171155173265,-17.126858215363193,-16.69261090200301,-71.90054870290552,-25.59090170731852,-1.3965160593819437,-98.82640203123385,-17.22174939538288,-22.71219384532984,-122.43156255679108,-16.15097051312795,-36.039927500339026,-28.096813778452542,-2.241581175640208,-36.56992206582693,-68.17313134471225,-8.087887481088213,-45.80326943292812,-108.3715256279402,1.326716009431145
0.0,0.0,0.0,-13.392900843750011,-22.1157680625,-18.943792343750037,1.6688826874999876,-49.012641375,-15.16202546874996,-15.367548593750008,-72.39967925,-24.13925846875003,-0.0696814375000087,-100.09175959375,-16.08094968749998,-21.87778909375001,-123.776130875,-14.552144968749984,-34.24793818750001,-28.40942140625,-1.464484187499977,-34.94973678125001,-68.93645003125,-7.162416468749996,-44.805108656250006,-109.1834260625,3.03362659375,0.00012414466,-0.00045622853,-0.00016022727,-15.010778447683546,-21.925200894610295,-20.104032066054348,1.3925573442104642,-48.659967500714295,-17.11119591872406,-16.733444829774466,-71.98658217932957,-25.540571525357198,-1.3970829608217643,-98.94404630161509,-17.040511772484543,-22.76297336214877,-122.59163883647619,-15.898780562239576,-36.06920715956727,-28.109574809620685,-2.2345954456145933,-36.59474883368022,-68.21323514853871,-8.040423063704866,-45.844881905678974,-108.38859668803998,1.5213045859529175
0.0,0.0,0.0,-13.4041140625,-22.14177184375,-18.94569396875005,1.664959281250006,-49.08507096875,-15.08323006249998,-15.401468156249996,-72.502732625,-23.99432274999998,-0.1130855312499932,-100.23506859375,-15.818948750000004,-21.97712459375,-123.9486621875,-14.112329562500008,-34.27173528125,-28.4152289375,-1.4115611249999915,-34.9985205625,-68.97857090625,-7.051529937499993,-44.88552459375,-109.192861375,3.3915700625000227,0.00012765432,-0.0004557511,-0.00016277538,-15.015302135903031,-21.942202196243777,-20.113702936146307,1.3974011425102493,-48.71593343884512,-17.03057444046959,-16.736875243488825,-72.07197592255743,-25.419502238574353,-1.4028328998278556,-99.08173212394274,-16.822127055516532,-22.829618839800958,-122.77188556489956,-15.486538549863688,-36.08243312800256,-28.115004831449017,-2.2060665018927645,-36.62722469461597,-68.25031052295898,-7.955388147706207,-45.89130070869491,-108.41401964099045,1.8482554607511392
0.0,0.0,0.0,-13.45709732352941,-22.17924458823529,-19.084812029411864,1.7523076176470551,-49.24651482352941,-14.988447382352945,-15.409159470588245,-72.9179099117647,-23.848707294117677,-0.0594350588235244,-100.7244103529412,-15.108501705882418,-22.16212235294117,-124.61161826470588,-12.933276088235289,-34.373981029411766,-28.46980811764706,-1.4946666176471126,-35.087010794117646,-69.14789514705882,-6.974059264705943,-45.02413582352941,-109.33117679411764,4.263004794117592,0.00019460489,-0.00055196765,-0.00018071647,-15.06589764598705,-21.862557921062532,-20.230006806423706,1.455987819894537,-48.70218015151183,-16.88999789241031,-16.57387547210371,-72.2200094631833,-25.31716621410275,-1.103380901396327,-99.48142879686714,-16.276908282821562,-22.783618335008523,-123.40918016536666,-14.405650144489885,-36.155071088076355,-28.077671334310367,-2.3156093355516685,-36.61835244567644,-68.33295431009529,-7.969480873096251,-45.79850636175565,-108.59397649037427,2.5727722711528083
0.0,0.0,0.0,-13.555939937500009,-22.39442225,-19.105186593749977,1.6725501250000008,-49.62341928125,-14.630638187499985,-15.698385374999994,-73.5508339375,-23.24731156249993,-0.3832074062500012,-101.444169875,-13.67852978124995,-22.80746940625,-125.38651340625,-10.749414437499922,-34.5499998125,-28.50155790625,-1.3972159374999364,-35.3657070625,-69.33345778125,-6.278942093749947,-45.54251278125,-109.31237015625,5.966952218750066,0.00022012269,-0.000608235,-0.00018952505,-15.135656459488464,-21.920460138610654,-20.236493637449453,1.4119669946719584,-48.93904315279244,-16.491746928811434,-16.660512037072937,-72.66671015931391,-24.761457338498502,-1.1982017203567448,-100.17430521049803,-14.99124757339836,-23.241731508462276,-124.20813723987695,-12.305963838291985,-36.29236539770828,-28.048794120370324,-2.268517906783658,-36.766202629775414,-68.46985977384398,-7.415960408310557,-46.11016456373373,-108.64613698868585,4.168646121257073
0.0,0.0,0.0,-13.583946562500005,-22.3596008125,-19.22503109375009,1.7550807187500013,-49.66394137500001,-14.669013062500028,-15.64338440625,-73.7323918125,-23.302273937500047,-0.2420474062499948,-101.69316565625002,-13.388845500000002,-22.83409028125,-125.761947625,-10.232730062499968,-34.608939875000004,-28.53828765625,-1.534833031250059,-35.3652761875,-69.450711875,-6.3392907812500425,-45.5373684375,-109.423815625,6.339530718749927,4.962628e-05,-0.0003869873,-0.00015735632,-15.269458127885432,-22.149135501081787,-20.280850735375306,1.4327533214429131,-49.250500283637066,-16.599083401352438,-16.97501760959112,-73.16217591315267,-24.68126155161809,-1.395649259683072,-100.53754644659553,-14.543725150021295,-23.564480450586615,-124.61061143474184,-11.695930382872492,-36.45388923025099,-28.219848393509018,-2.2382236144284025,-36.96863605696023,-68.66794809739848,-7.242904635437476,-46.431117330098374,-108.68401623927815,4.7104482205735
0.0,0.0,0.0,-13.745345470588234,-22.550120323529413,-19.39457788235296,1.8268770882353,-50.14853873529412,-14.141365500000006,-15.92729035294117,-74.70188029411764,-22.546281764705896,-0.491014205882351,-102.72928688235294,-11.379277823529437,-23.624161235294117,-126.96711932352942,-6.973930823529429,-34.85014988235294,-28.5885795,-1.516793676470627,-35.70869576470588,-69.81227055882353,-5.743673058823504,-46.12403694117646,-109.43932961764706,8.805836352941128,4.1121675e-05,-0.00037412514,-0.0001598175,-15.426140290936358,-22.261428701152962,-20.439367774656944,1.5212540132532133,-49.64244098433564,-16.051983097143207,-17.089501241775856,-73.96650463824133,-23.998345294520814,-1.4329338389824606,-101.57609391302498,-12.71454310813513,-24.179558004531827,-125.86810722187047,-8.549908878302883,-36.67330595275018,-28.25271130079683,-2.2673231533985634,-37.21462158466098,-68.97571204658166,-6.7597229003117265,-46.83353250382733,-108.79220983404828,7.051455541300223
0.0,0.0,0.0,-13.772297531249995,-22.568998531250003,-19.506430749999936,1.8615130625000087,-50.2431665625,-14.101044781249923,-15.957189656249994,-74.90458196875001,-22.500297656249927,-0.4905575312499977,-102.94345915625,-11.02304478124995,-23.747511781249997,-127.2295895625,-6.339610249999964,-34.90827725,-28.61233940625,-1.5869789999999284,-35.756044187499995,-69.896856375,-5.681349999999952,-46.21088121875,-109.47414943750002,9.25556081250005,0.00012748578,-0.00046744125,-0.00016989933,-15.437910743432887,-22.156049092684334,-20.533662655944298,1.562196704157801,-49.60813263840653,-15.97378118365129,-16.954236327467694,-74.00468078777699,-23.982213915657685,-1.2828534666507059,-101.75731772398137,-12.424949076629357,-24.165672812276725,-126.13274013819307,-7.958888698114501,-36.697284679091744,-28.199616570440504,-2.3801449848075924,-37.16035889092787,-69.00839862773634,-6.794248488211466,-46.771063587295274,-108.8711165548714,7.432775291260747
0.0,0.0,0.0,-13.86128859374999,-22.660584375,-19.72678940625002,1.9423307499999964,-50.49621634375,-13.88960075,-16.054763593749996,-75.393896,-22.25271128125001,-0.5167724062499985,-103.47977371875,-10.049051312499955,-24.068072968749995,-127.83760965625,-4.7353030000000444,-35.043220156249994,-28.6655453125,-1.6912546874999634,-35.887148937499994,-70.10236690625,-5.384936343749985,-46.43395753125,-109.4882689375,10.423520031250009,5.974213e-05,-0.00037888135,-0.00015815004,-15.562478236378173,-22.28496412555601,-20.709063923898846,1.6330382630041396,-49.9060916965298,-15.77536082440797,-17.097137843337908,-74.5306891518583,-23.725236276323887,-1.3326665044976993,-102.34040696980318,-11.475992177371008,-24.514555048332024,-126.78007102504172,-6.3730654357990355,-36.85447118568415,-28.2868491705197,-2.4501742750867868,-37.305745212542384,-69.22713529948136,-6.490175794253378,-47.02974660010299,-108.90579087624997,8.605346581438992
0.0,0.0,0.0,-13.89656502941176,-22.73536864705882,-19.72920141176468,1.923953911764705,-50.62599755882353,-13.767431764705918,-16.162418352941174,-75.62965264705882,-22.063882352941107,-0.6263833823529481,-103.6864801764706,-9.527092352941168,-24.284574911764707,-128.02642388235293,-3.965677529411721,-35.092990588235295,-28.67587544117647,-1.632243441176456,-35.992381411764704,-70.17912579411765,-5.148383529411717,-46.613160176470586,-109.4227725,11.033938117647152,-8.7305714e-05,-0.00014001096,-0.00014414596,-15.571659009148561,-22.701261475181024,-20.821399589695787,1.7155557292222365,-50.4683990915288,-15.75029154810447,-17.576207916660458,-75.30333436015397,-23.4403689838787,-1.8850187909556493,-102.78312181549404,-10.791916680610935,-25.152122745888963,-127.07031240846037,-5.493162915592981,-36.940016051141264,-28.563546578765614,-2.3911104690848277,-37.6193750595816,-69.48356855131556,-6.080634456978439,-47.632604698778984,-108.76444869405348,9.44417630138048
0.0,0.0,0.0,-13.914047125000003,-22.726993,-19.783468312499963,1.9684396562499984,-50.66110796875,-13.746538281249968,-16.143591125,-75.7249035625,-22.07882803124994,-0.5399514687499973,-103.8173305625,-9.28749871874993,-24.299830406250003,-128.21808890625,-3.576108031249987,-35.12192903125,-28.69690621875,-1.6684323437499415,-35.996004937500004,-70.24298159374999,-5.186566437499948,-46.6203924375,-109.45366709375,11.221316187500063,-5.9300495e-05,-0.00011575958,-0.00019513389,-15.542200256350835,-22.900858438797204,-20.931896886710973,1.8058052027598204,-50.896152801167595,-15.726008907779127,-17.77826970012351,-75.80630428821007,-23.22826262177088,-2.2770234290256894,-103.2190278918021,-10.077824549695443,-25.576487403168912,-127.3298845801703,-4.833581683996364,-36.96052294751671,-28.692215246546162,-2.455547586803224,-37.74711897195587,-69.64962891232172,-5.949149045335693,-47.9741502009583,-108.66620439191266,9.977434195070146
0.0,0.0,0.0,-14.0238405,-22.8765593125,-19.84106453124997,1.948180406249996,-50.95746159375,-13.533509343749984,-16.336070125,-76.25781190625,-21.64920037500002,-0.7418008125000028,-104.33830240625,-8.128129000000001,-24.80531840625,-128.74271059375002,-1.6715946562499653,-35.270853093750006,-28.716608125,-1.6796560937499976,-36.230774906250005,-70.429461625,-4.864992187500036,-47.0082488125,-109.36383040625,12.542551124999989,-0.00020778368,4.185368e-05,-0.00020474436,-15.584007863417277,-23.130519055104223,-21.066373572783565,1.832468954212214,-51.55969509919537,-15.43717046505973,-18.06193102329722,-76.56020701856987,-22.613545414793226,-2.7145463704214734,-104.12683861759771,-8.380236179171733,-26.391311549189957,-127.97338653351396,-2.6164577367485835,-37.06633166114153,-28.7427783303008,-2.5603216570554883,-38.0245932364609,-69.88088801051964,-5.558737665103559,-48.54715264151283,-108.50242842863739,11.599279351853609
0.0,0.0,0.0,-14.068309823529413,-22.90359282352941,-19.956173176470543,2.03279302941177,-51.09686382352941,-13.419894058823502,-16.35659326470587,-76.57256697058824,-21.54477208823522,-0.7189590882352874,-104.64371855882354,-7.543885294117672,-24.961692058823527,-129.09882114705883,-0.6369199117646644,-35.357078823529406,-28.755641705882358,-1.7582954705881662,-36.29205170588235,-70.5752761764706,-4.771443323529411,-47.1181799117647,-109.36632817647062,13.256805294117669,-0.00015198582,-1.718897e-05,-0.00021378991,-15.649937363512642,-23.14846003368634,-21.155545668299734,1.910455599382908,-51.48096408184554,-15.37884800028701,-18.02742775770308,-76.71711370905197,-22.634459354110277,-2.5432795806986803,-104.16266805963406,-8.207545717834257,-26.306873739312852,-128.25450587598692,-1.8524930150828898,-37.163188428036314,-28.788080082110692,-2.616733498785649,-38.04397067253852,-69.98321353968988,-5.533179346308066,-48.50281721358778,-108.56338288653095,12.05761456543278
0.0,0.0,0.0,-14.137473999999996,-23.02590325,-19.992913343750047,1.9553352500000043,-51.34860221875,-13.197380062500088,-16.55025703125,-76.9839944375,-21.063168656250014,-0.9408345937499972,-105.00307959375002,-6.556033250000041,-25.40108309375,-129.37561828124998,0.8204896874999577,-35.446216625,-28.77487475,-1.700722781250022,-36.46711678125,-70.6781513125,-4.3156052812501,-47.4512753125,-109.2202345625,14.34964462499994,-0.00012526126,-4.2437998e-05,-0.00021269523,-15.725130555444562,-23.23526891353767,-21.191042168578715,1.8705798180216693,-51.62438430704291,-15.176460848250626,-18.157830335836262,-77.03415067144434,-22.251946357327096,-2.632699255132335,-104.4359285347173,-7.4593237037322275,-26.62479638639624,-128.53571118927746,-0.5200631291600797,-37.246917562656705,-28.810400921369794,-2.570328452959939,-38.176704072586425,-70.07071931183626,-5.1572332619343255,-48.74005411093344,-108.46451558472774,13.020006315028652
0.0,0.0,0.0,-14.213269125000004,-23.07187134375,-20.16379253125001,2.0468922812499954,-51.56688503125,-13.207585312499988,-16.57479734375,-77.49772778124999,-20.88325684374996,-0.8398393125000041,-105.50106653125,-5.515377843750002,-25.64255678125,-129.92057575,2.6019851562500094,-35.57797440625,-28.85708325,-1.8139668124999844,-36.565643875,-70.93039796875,-4.15460762500004,-47.597922375,-109.190425625,15.577527187499982,-5.0338756e-05,-0.000114823706,-0.00020102481,-15.861224293412173,-23.15544620494814,-21.29395137206812,1.8895199922150463,-51.53642445066871,-15.201151492909997,-18.0390721703682,-77.22704875219112,-22.218409305216436,-2.1318871148772702,-104.7384628831245,-6.83789368571098,-26.53703887023558,-129.0691158744407,1.0287979859499978,-37.402615620591334,-28.817005964962128,-2.6319388475665724,-38.181255735226976,-70.22566033464041,-5.099670154234763,-48.625894924307715,-108.55483702965265,13.984009200361406
0.0,0.0,0.0,-14.26852502941177,-23.19041732352941,-20.173506823529465,1.9673421764705807,-51.77186502941176,-13.021895529411722,-16.72405491176471,-77.83650388235294,-20.4395618235294,-1.0715666470588303,-105.75304352941176,-4.672853470588166,-26.01531052941177,-130.09946617647057,3.926537852941237,-35.66344111764707,-28.8909435,-1.7948340588235396,-36.74809044117648,-71.03124635294117,-3.782981441176389,-47.89854444117648,-109.02159535294118,16.450697911764735,9.4195304e-05,-0.00034769744,-0.00014939287,-15.797370085136185,-22.471331765844464,-21.243809937752694,1.7946667528171005,-50.964098403764396,-14.843349969291118,-17.32446152040903,-76.7525310119918,-22.00943911829395,-1.529860626242662,-104.73161944802675,-6.330158353405637,-26.185427922004433,-129.22389509115888,2.1364441829609184,-37.32899513993323,-28.442463743702252,-2.8071559972588984,-37.805635740255354,-70.11110201946781,-5.209491990023835,-48.190446525016434,-108.66624473627999,14.504286055890338
0.0,0.0,0.0,-14.277557718750003,-23.15876140625,-20.257926937500088,2.034723031249996,-51.7694744375,-13.121048843750032,-16.6736031875,-77.92586040625,-20.521078000000045,-0.9216677187500012,-105.85650940624998,-4.490718875000084,-25.968814593750004,-130.252113625,4.166439187499918,-35.68785215625,-28.91746609375,-1.870173437500057,-36.71819621875,-71.1029396875,-3.8835020625000425,-47.84812128125,-109.07111996875,16.55164440624992,8.447449e-05,-0.0003425588,-0.00015950204,-15.795572924949166,-22.43679635824219,-21.34162260658952,1.8593812498371634,-50.94937843430485,-14.936729929523167,-17.252294015410406,-76.82190916988215,-22.08517793076351,-1.3811193402178175,-104.83223996654938,-6.145945845063708,-26.127801510508768,-129.37340465666776,2.3768599885617805,-37.33368118303251,-28.45717709923524,-2.9091059936021084,-37.76189350824742,-70.17356736352208,-5.314223227269627,-48.131569495356196,-108.71580608257234,14.603976787735576
0.0,0.0,0.0,-14.321100343749997,-23.262925875,-20.280302062500027,2.0329224687500016,-51.97083825,-12.920110749999992,-16.765516374999997,-78.3412913125,-20.18125718749997,-1.0059104999999988,-106.17816340625,-3.618989968749986,-26.2930800625,-130.52504978125,5.651252749999969,-35.79941246875,-28.9593149375,-1.921977125000069,-36.86242165625,-71.2639405625,-3.5811243750000017,-48.0757511875,-108.94584209375,17.676695812499986,0.0001433035,-0.00041688088,-0.00014069788,-15.67962804394363,-22.281081439009057,-21.37134926190078,1.9137544445983206,-51.03064511539463,-14.681313705840319,-17.15614970509088,-77.14385447488146,-21.73481781436209,-1.3365822149328412,-105.14327106758216,-5.298172527112836,-26.342577175519775,-129.66301267643175,3.847245525591138,-37.34692109816282,-28.41149934912051,-3.0643934777459942,-37.72729215556771,-70.31322455654669,-5.113487940030868,-48.23055097636402,-108.63835855224343,15.706545844332528
0.0,0.0,0.0,-14.358590624999998,-23.33018225,-20.286501875,2.007161843750005,-52.07695100000001,-12.828245062500002,-16.848536749999994,-78.53090975,-19.978344875000005,-1.1060271250000042,-106.348378375,-3.069972968749994,-26.49704175,-130.623227375,6.466462187500042,-35.85466943749999,-28.964774781250004,-1.901972781249981,-36.9400725,-71.314635,-3.371414125000001,-48.2313206875,-108.84706228125,18.23564909375005,0.00040347964,-0.00092691917,-0.00013193469,-14.769887156094551,-21.669084210352782,-21.321677447639615,2.0006399962540584,-50.901728171626075,-14.446518453856982,-16.806606027089178,-77.16629398860765,-21.439873403026652,-1.2235132577231052,-105.22006008475381,-4.7171204559270485,-26.31482091090794,-129.70942992076598,4.696781487928501,-36.859866863606015,-28.18675525879227,-3.446078916599645,-37.367417330060704,-70.34797676770268,-5.069338816543245,-48.120438708580885,-108.55860377743349,16.25966911451774
0.0,0.0,0.0,-14.3886046764706,-23.36083120588235,-20.35604226470588,2.0155001764705887,-52.14291558823529,-12.81131876470596,-16.884947735294126,-78.67866594117646,-19.9445152058824,-1.135561470588236,-106.47980291176472,-2.772206941176478,-26.60626094117648,-130.74219294117646,6.992448764705898,-35.90682602941177,-28.986171176470584,-1.9601241470588773,-36.98934555882353,-71.37492320588234,-3.336831323529452,-48.30564338235294,-108.8201355,18.58174420588233,0.0007451306,-0.001491624,-0.00013974156,-13.85571599637126,-21.51558425474033,-20.9137996886126,2.021694762991848,-50.82475255315398,-14.315449025036848,-16.63031925804527,-77.21864884727007,-21.287465102220715,-1.1726366706929283,-105.28554233739459,-4.376067006781425,-26.30954702580746,-129.77492473252073,5.2672377442941,-36.35790269270925,-27.97859536622125,-3.6278533907998396,-37.15101450005673,-70.38016965918938,-5.064352245192142,-48.06310581507946,-108.5102937058006,16.620832787427034
0.0,0.0,0.0,-14.467874875000009,-23.4458233125,-20.510798437499943,2.048929749999992,-52.371262125,-12.584257968750023,-16.972127187500007,-79.16073643749999,-19.53488546875002,-1.21307209375,-106.82405653125,-1.769412031249999,-26.958394531250008,-131.00517774999997,8.68430699999999,-36.02885243750001,-29.014257625,-2.019782124999949,-37.14210687500001,-71.53294321874999,-3.0898924062499877,-48.569422093750006,-108.63431984375,19.747180937500048,0.0009235982,-0.0017804782,-0.00014919484,-13.604966709850737,-21.6598155790636,-20.766856779727057,2.0617098680282333,-50.99589882529773,-14.036226447201004,-16.635385227959564,-77.67189392800789,-20.82715201811749,-1.2084261523236632,-105.61945237971362,-3.365941784599309,-26.610717821479945,-130.03564865474925,6.969916659690714,-36.18114731363639,-27.92225622872178,-3.688416063654266,-37.169283684428926,-70.53200043978782,-4.821185268325249,-48.26534715508371,-108.33310811344641,17.79351517150971
0.0,0.0,0.0,-14.501011937500005,-23.49419225,-20.550943125000003,2.030228875000006,-52.4686018125,-12.506772781249992,-17.04552546875,-79.31339584374999,-19.35222415624992,-1.2878570312499988,-106.93852684375,-1.358587156249996,-27.1218130625,-131.07255140625,9.325134437500084,-36.0722383125,-29.0200484375,-2.0367591874999675,-37.21231584375,-71.58975740625,-2.92660987499994,-48.69510959375,-108.52052621875,20.153879281250056,0.0010860404,-0.002046197,-0.0001633948,-13.457618213133435,-21.79201264333347,-20.668901264189426,2.0638009115246096,-51.05436761495656,-13.920567162644353,-16.64687780838769,-77.81143593787357,-20.61127001880908,-1.2504189570014874,-105.72081418298924,-2.944706403475608,-26.737294493115687,-130.09278269939782,7.624487869023303,-36.01207830050403,-27.901967532816723,-3.6939483328721137,-37.1466178178479,-70.59340812782911,-4.659518379446357,-48.34679795734987,-108.21760822724745,18.207878332028212
