true_point_0_x,true_point_0_y,true_point_0_z,true_point_1_x,true_point_1_y,true_point_1_z,true_point_2_x,true_point_2_y,true_point_2_z,true_point_3_x,true_point_3_y,true_point_3_z,true_point_4_x,true_point_4_y,true_point_4_z,true_point_5_x,true_point_5_y,true_point_5_z,true_point_6_x,true_point_6_y,true_point_6_z,true_point_7_x,true_point_7_y,true_point_7_z,true_point_8_x,true_point_8_y,true_point_8_z,pred_point_0_x,pred_point_0_y,pred_point_0_z,pred_point_1_x,pred_point_1_y,pred_point_1_z,pred_point_2_x,pred_point_2_y,pred_point_2_z,pred_point_3_x,pred_point_3_y,pred_point_3_z,pred_point_4_x,pred_point_4_y,pred_point_4_z,pred_point_5_x,pred_point_5_y,pred_point_5_z,pred_point_6_x,pred_point_6_y,pred_point_6_z,pred_point_7_x,pred_point_7_y,pred_point_7_z,pred_point_8_x,pred_point_8_y,pred_point_8_z
0.0,0.0,0.0,-10.6156549375,-19.315336875,-21.379076062499962,3.9187101875000003,-42.386683812499996,-22.00118837499997,-9.701642875000001,-61.9589030625,-34.53224562499997,2.650856874999999,-83.43028974999999,-31.906042125,-11.299727937500002,-101.2153363125,-42.789297250000004,-34.749292062500004,-25.8801725,-8.869085312500033,-34.21429825,-62.837495125,-21.026157437500046,-37.2766833125,-101.7047285625,-27.3038635625,0.0012134811,-0.002342916,-0.00012565097,-12.080997,-19.409994,-20.981993,2.401613,-42.778,-22.118752,-12.451048,-62.39586,-33.691162,-0.03854067,-84.023705,-31.303125,-15.259958,-101.60915,-41.115154,-35.590965,-25.685814,-7.071377,-36.140907,-62.680473,-18.823679,-40.154175,-101.22677,-24.45722
0.0,0.0,0.0,-10.61962673529412,-19.331684294117647,-21.37395791176465,3.906369735294117,-42.41575644117647,-21.984230441176464,-9.726004735294119,-61.99271608823529,-34.494399176470495,2.618108823529413,-83.47100088235295,-31.851594794117716,-11.339721147058825,-101.25826420588236,-42.71952720588234,-34.75516232352941,-25.88004561764706,-8.859488058823501,-34.23686188235294,-62.85037688235294,-20.996904264705904,-37.3172565,-101.7223385882353,-27.22226755882349,0.0010224094,-0.00238064,-0.00037593133,-14.298431,-17.241476,-20.878212,-2.3858595,-42.020245,-22.970608,-19.075335,-59.393887,-34.626835,-8.817564,-82.25284,-32.932175,-25.38714,-97.72508,-42.96548,-37.909702,-21.5789,-6.7133107,-42.190098,-57.97458,-19.427616,-49.711594,-95.96458,-26.017448
0.0,0.0,0.0,-10.6146782,-19.3101421,-21.38068119999997,3.922093966666666,-42.377056333333336,-22.0043181333333,-9.695518,-61.94506596666667,-34.5450590333333,2.6593209,-83.41374346666667,-31.924252233333334,-11.288575666666667,-101.19613263333335,-42.81523736666662,-34.74726653333333,-25.88087793333333,-8.877095366666651,-34.20713013333334,-62.831252899999996,-21.031632399999864,-37.265039300000005,-101.69674023333333,-27.33098126666664,0.0008296495,-0.0023056904,-0.00037120664,-14.288492,-16.99687,-20.960093,-2.620905,-41.86398,-22.961773,-19.330492,-58.97633,-34.86926,-9.325418,-81.93245,-33.163097,-25.900845,-97.213684,-43.504765,-38.107975,-21.112457,-7.0310655,-42.6246,-57.421215,-19.897055,-50.436577,-95.41634,-26.763714
0.0,0.0,0.0,-10.618410125,-19.326528375000002,-21.37328159375005,3.90980240625,-42.40608928125,-21.988538750000032,-9.71849240625,-61.9814143125,-34.50638587500009,2.627924125,-83.456710125,-31.868352875000028,-11.32647603125,-101.244125375,-42.740341187500064,-34.75289509375,-25.879973749999998,-8.859621062500025,-34.2292773125,-62.846990312500004,-21.004187687500064,-37.3044708125,-101.71742681250001,-27.24805928125005,0.001068435,-0.002422704,-0.0002584799,-13.295964,-17.789612,-21.099463,-0.5142145,-42.050163,-22.85753,-16.408232,-60.116257,-34.826385,-5.486774,-82.58363,-32.8956,-21.52474,-98.70976,-43.150185,-37.05689,-22.818293,-7.371564,-39.95694,-59.347027,-20.025686,-46.25761,-97.477356,-26.660322
0.0,0.0,0.0,-10.616391235294119,-19.317641470588235,-21.375533176470526,3.9161943529411767,-42.390232999999995,-21.997596382352867,-9.706702294117648,-61.96154335294117,-34.52645532352932,2.6436459999999995,-83.43398879411764,-31.897523764705795,-11.306351588235295,-101.21891476470589,-42.77614638235286,-34.75063144117647,-25.879827029411764,-8.863278705882294,-34.217394294117646,-62.838287764705896,-21.014612647058755,-37.28363308823529,-101.70573414705883,-27.287845470588195,0.0011916799,-0.0024754864,-0.00014696996,-12.375473,-18.910791,-21.106503,1.8232477,-42.481197,-22.41487,-13.296301,-61.737362,-34.220295,-1.1623906,-83.58602,-31.867971,-16.722893,-100.74654,-41.81902,-35.92338,-24.964138,-7.2835855,-36.982594,-61.780827,-19.405317,-41.50329,-100.06778,-25.39878
0.0,0.0,0.0,-10.617402294117646,-19.32219588235294,-21.373860117646984,3.9128057352941212,-42.397671411764705,-21.995507647058787,-9.71317405882353,-61.97177164705882,-34.51667694117651,2.634957941176472,-83.44494552941177,-31.88577808823527,-11.316903294117648,-101.23150167647059,-42.76154102941183,-34.75199532352941,-25.878976941176468,-8.863752499999975,-34.223750205882354,-62.84268588235293,-21.009305176470548,-37.293928470588234,-101.71130847058824,-27.271449294117645,0.0011973429,-0.0024012313,-8.412183e-05,-11.616186,-19.514198,-21.042843,2.989522,-42.744686,-22.034727,-11.45296,-62.47436,-33.73058,1.0640742,-84.01058,-31.282644,-13.729128,-101.79928,-41.243416,-35.27511,-25.954025,-7.475214,-35.353462,-62.97234,-19.199074,-38.93745,-101.66715,-24.85901
0.0,0.0,0.0,-10.615876117647058,-19.318343176470588,-21.375237794117595,3.9153096764705877,-42.39040188235294,-21.999629294117597,-9.707675852941177,-61.96261079411765,-34.526074617647,2.642665617647059,-83.4351867647059,-31.897302852941152,-11.307256176470588,-101.22005982352943,-42.77511855882352,-34.74981282352942,-25.879642147058824,-8.866578794117629,-34.218495264705886,-62.83811747058823,-21.020099294117585,-37.283531882352946,-101.70613502941178,-27.2898873823529,0.0011999403,-0.0024828257,-4.895159e-05,-11.146976,-19.60113,-21.083895,3.5886574,-42.675964,-21.97721,-10.418514,-62.535088,-33.793125,2.20554,-84.01501,-31.321007,-12.140181,-102.052635,-41.389652,-34.94718,-26.24372,-7.8535504,-34.52744,-63.279297,-19.572441,-37.66155,-102.17208,-25.239273
0.0,0.0,0.0,-10.6182534375,-19.32548959375,-21.373372937499994,3.909747156249999,-42.403425062500006,-21.990826500000026,-9.7179448125,-61.9775059375,-34.50870609374999,2.62887246875,-83.45305231249999,-31.871116562499992,-11.3242136875,-101.23987737499999,-42.74194996875002,-34.752946718749996,-25.879057062500003,-8.861165093749946,-34.22786634375,-62.844009031249996,-21.00606325000001,-37.30137965625,-101.7136153125,-27.25300968749997,0.0012078573,-0.0024996654,-3.7236674e-05,-11.115499,-19.60421,-21.125307,3.6912239,-42.66945,-22.000532,-10.302977,-62.567593,-33.857784,2.3745773,-84.072784,-31.340431,-11.975845,-102.16683,-41.417988,-34.935368,-26.299898,-7.9260397,-34.44154,-63.330082,-19.66171,-37.53595,-102.260216,-25.290115
0.0,0.0,0.0,-10.61601955882353,-19.317097852941178,-21.376440647058928,3.9170577647058824,-42.38771838235294,-21.999680470588316,-9.704267441176471,-61.95826294117647,-34.530073235294196,2.6464739411764704,-83.42919367647059,-31.904173911764758,-11.30238888235294,-101.21364305882352,-42.78670552941185,-34.74943770588236,-25.87967194117647,-8.867160676470633,-34.21486773529412,-62.837217764705876,-21.01768135294128,-37.278880529411765,-101.70388855882355,-27.300926705882432,0.001206839,-0.0025011392,-3.8253416e-05,-11.123988,-19.594181,-21.128721,3.6734872,-42.670776,-22.000284,-10.329185,-62.5573,-33.86181,2.3371499,-84.07074,-31.337713,-12.025644,-102.15105,-41.419777,-34.948757,-26.278252,-7.931597,-34.47141,-63.306133,-19.670841,-37.583942,-102.22924,-25.30263
0.0,0.0,0.0,-10.617556781250002,-19.32567753125,-21.372532000000035,3.9098640312500006,-42.40410603125,-21.990118000000052,-9.71844440625,-61.97923846875,-34.50540728125003,2.6274089687499984,-83.453626,-31.871461906250033,-11.325820125,-101.2401225625,-42.744800750000024,-34.752240218749996,-25.87864284375,-8.85981853124997,-34.228399625,-62.8452435625,-21.007077281249963,-37.30294690625,-101.7146650625,-27.251438124999993,0.0012012749,-0.0024888227,-4.63546e-05,-11.162933,-19.588327,-21.109335,3.5945618,-42.682106,-21.988197,-10.438488,-62.542774,-33.82476,2.1962001,-84.05105,-31.314734,-12.19099,-102.09042,-41.386204,-34.97409,-26.23394,-7.8824916,-34.55847,-63.26431,-19.609966,-37.715546,-102.15914,-25.251934
0.0,0.0,0.0,-10.617823235294118,-19.326708529411764,-21.371797382352895,3.9099885,-42.40558764705882,-21.99044438235302,-9.718483647058823,-61.97926908823529,-34.506746176470585,2.627884382352941,-83.45227267647059,-31.873670705882375,-11.324784941176471,-101.23856929411765,-42.74660879411766,-34.75245423529412,-25.880105117647062,-8.864475941176465,-34.228159852941175,-62.846537176470584,-21.010804941176502,-37.301538676470585,-101.71395052941176,-27.256175235294165,0.0012023686,-0.0024852029,-5.366727e-05,-11.2221,-19.568789,-21.11328,3.5077395,-42.70574,-21.982126,-10.587171,-62.537045,-33.80952,2.0160377,-84.072044,-31.270733,-12.443029,-102.06232,-41.330036,-35.03354,-26.168234,-7.860276,-34.696934,-63.196476,-19.579273,-37.93494,-102.059456,-25.201653
0.0,0.0,0.0,-10.615676375,-19.31842546875,-21.37451362500002,3.9159455312500002,-42.3895846875,-21.999915999999985,-9.7060154375,-61.9601640625,-34.53184218750005,2.6444667500000003,-83.43134990624999,-31.903565312500007,-11.30433015625,-101.21530606249999,-42.78399940625002,-34.749092125,-25.88023578125,-8.870925937500033,-34.215863156249995,-62.83846346875001,-21.017483656249965,-37.280497874999995,-101.70297434375,-27.300330156250027,0.0012052358,-0.0024983017,-4.5083023e-05,-11.172916,-19.571459,-21.131233,3.5925305,-42.68795,-21.99301,-10.460332,-62.542,-33.850048,2.1702592,-84.078964,-31.301558,-12.252245,-102.10954,-41.37882,-35.000523,-26.210274,-7.9165835,-34.596577,-63.235,-19.651653,-37.783398,-102.12633,-25.274836
0.0,0.0,0.0,-10.617139382352942,-19.324233205882354,-21.37311423529411,3.9105904411764705,-42.400538852941175,-21.992818470588304,-9.715483029411764,-61.9735495882353,-34.51139382352949,2.631401029411766,-83.44721020588234,-31.878642294117697,-11.31975911764706,-101.23387570588235,-42.75126467647061,-34.751111970588234,-25.879488029411768,-8.8642155,-34.225610264705885,-62.84286405882353,-21.01468341176468,-37.29624270588235,-101.711319,-27.263668147058866,0.0011997053,-0.002487469,-4.9582453e-05,-11.189866,-19.573236,-21.113619,3.5521703,-42.689163,-21.990538,-10.508227,-62.531754,-33.826782,2.10903,-84.05595,-31.30558,-12.311247,-102.06927,-41.37496,-35.004116,-26.19655,-7.8793178,-34.62665,-63.223953,-19.6092,-37.823357,-102.103935,-25.24846
0.0,0.0,0.0,-10.616041156249999,-19.320887218750002,-21.373432312499972,3.913018656250001,-42.394810718749994,-21.996085218749954,-9.71098915625,-61.966900281250005,-34.518969624999954,2.63675603125,-83.43934659374999,-31.888824593749973,-11.312289999999999,-101.22510859375,-42.76356312499996,-34.74990724999999,-25.879057187500003,-8.862777843749996,-34.221535093750006,-62.840801937500004,-21.01694593749994,-37.28891740624999,-101.7071935,-27.277049124999962,0.0011981779,-0.0024878012,-4.5561083e-05,-11.156489,-19.58571,-21.108974,3.6005065,-42.67336,-21.998302,-10.42201,-62.533154,-33.836353,2.21506,-84.03894,-31.341812,-12.158991,-102.08232,-41.41684,-34.968082,-26.23769,-7.8867364,-34.543716,-63.26651,-19.623648,-37.689297,-102.167274,-25.279413
0.0,0.0,0.0,-10.61574675,-19.319642656249997,-21.374041531249986,3.9144323437499997,-42.3924620625,-21.99720290624998,-9.7082655625,-61.96391237500001,-34.522780624999996,2.6405822499999987,-83.43543418750001,-31.894406343750006,-11.308449875,-101.22097840625,-42.770605218750006,-34.749189343750004,-25.878804593749997,-8.86673353125002,-34.218803625,-62.839659624999996,-21.017175718750025,-37.28414084375,-101.70545800000001,-27.286234062500057,0.00119864,-0.002484309,-4.5785662e-05,-11.161635,-19.592955,-21.106821,3.6008852,-42.67846,-21.99588,-10.427896,-62.54512,-33.82778,2.2153795,-84.0482,-31.331608,-12.163637,-102.09648,-41.399227,-34.967754,-26.247383,-7.875175,-34.54315,-63.278538,-19.60521,-37.68797,-102.1799,-25.250616
0.0,0.0,0.0,-10.617055266666668,-19.3230273,-21.37398590000015,3.9107229666666674,-42.398898833333334,-21.992792833333397,-9.714157,-61.9719139,-34.5128368666667,2.6324445333333317,-83.44499096666668,-31.882793266666795,-11.317473166666668,-101.23097353333334,-42.75501200000002,-34.7511444,-25.878855933333334,-8.86411953333345,-34.224851666666666,-62.84244053333333,-21.016453066666713,-37.293991500000004,-101.71020513333332,-27.26720180000001,0.001198489,-0.0024878401,-4.511987e-05,-11.151555,-19.589643,-21.10746,3.60797,-42.673725,-21.995378,-10.410728,-62.537457,-33.832462,2.2289526,-84.03974,-31.33737,-12.140047,-102.08696,-41.411522,-34.962006,-26.244629,-7.886155,-34.531784,-63.274582,-19.619991,-37.67124,-102.17635,-25.27352
0.0,0.0,0.0,-10.615817333333334,-19.318512399999996,-21.3748473666667,3.9148171666666656,-42.390212000000005,-22.001024366666684,-9.7073119,-61.96143286666667,-34.52800503333327,2.6424508666666657,-83.43181693333334,-31.902254300000095,-11.3052493,-101.21592319999999,-42.780958199999986,-34.74938186666667,-25.87919673333333,-8.870970599999964,-34.218228100000005,-62.839545,-21.02401233333336,-37.280923599999994,-101.70516266666665,-27.29645793333333,0.0012098814,-0.0025046128,-3.5053225e-05,-11.1104555,-19.601974,-21.134216,3.706031,-42.669476,-22.001923,-10.287103,-62.570774,-33.8692,2.3955982,-84.08288,-31.33866,-11.95871,-102.18261,-41.420837,-34.936657,-26.30293,-7.9430304,-34.433765,-63.331505,-19.68167,-37.526592,-102.26578,-25.303581
0.0,0.0,0.0,-10.6169921875,-19.3221695,-21.37414765624999,3.9109211250000007,-42.39856140625,-21.99341425,-9.714282749999999,-61.97152150000001,-34.511471968750016,2.6318442812499994,-83.4442703125,-31.88167112499991,-11.31755978125,-101.23025768750001,-42.753147249999984,-34.75092146875,-25.8776859375,-8.864936062499964,-34.22374378125,-62.842299906250005,-21.011389874999963,-37.29312796875,-101.70925184375001,-27.26606965625001,0.0012115085,-0.002506488,-3.4794142e-05,-11.114946,-19.598753,-21.138237,3.702548,-42.671135,-22.003128,-10.29658,-62.570827,-33.873547,2.3849943,-84.088425,-31.336111,-11.978413,-102.1858,-41.418797,-34.943493,-26.297503,-7.947011,-34.445282,-63.32502,-19.686966,-37.54602,-102.25799,-25.305065
0.0,0.0,0.0,-10.615413733333334,-19.3182336,-21.374339766666708,3.9152463666666675,-42.3905899,-21.995930999999985,-9.707050033333333,-61.962375200000004,-34.52320046666665,2.641828266666667,-83.4328607,-31.89819126666663,-11.305751633333333,-101.21738093333333,-42.7753001333333,-34.74867243333333,-25.878687566666667,-8.866813133333267,-34.21714306666667,-62.83867523333332,-21.014921000000015,-37.281662233333336,-101.70474623333334,-27.29232689999992,0.0012120265,-0.002500775,-3.8663038e-05,-11.139226,-19.599695,-21.12962,3.6648657,-42.679924,-21.997663,-10.355526,-62.57199,-33.85358,2.3165643,-84.08723,-31.32008,-12.065401,-102.16874,-41.393257,-34.957966,-26.282272,-7.9172754,-34.4897,-63.311977,-19.648472,-37.613056,-102.232315,-25.26382
0.0,0.0,0.0,-10.6156085,-19.319126033333333,-21.374467066666682,3.9138454666666656,-42.3926162,-21.997623733333285,-9.708888799999999,-61.96388763333333,-34.523274733333324,2.639657633333333,-83.43473676666667,-31.895928999999967,-11.307765033333332,-101.21997006666666,-42.769930133333276,-34.74954676666667,-25.8784871,-8.866333066666527,-34.21889063333333,-62.83943936666667,-21.017026866666697,-37.283514399999994,-101.70510570000002,-27.289233466666644,0.0012098432,-0.0024953918,-4.389371e-05,-11.161921,-19.593079,-21.117128,3.614046,-42.684074,-21.991892,-10.422959,-62.557064,-33.833286,2.2268589,-84.068886,-31.311407,-12.167276,-102.12171,-41.380047,-34.972866,-26.250586,-7.889423,-34.544006,-63.28095,-19.616175,-37.694878,-102.182205,-25.243681
0.0,0.0,0.0,-10.616127533333334,-19.3212686,-21.375542266666628,3.912042499999999,-42.39593273333334,-21.996991066666624,-9.711607933333333,-61.967421533333344,-34.51741433333319,2.636246633333333,-83.43925459999998,-31.88949073333316,-11.312396,-101.22461466666667,-42.76370146666659,-34.7499503,-25.878801866666667,-8.865856966666627,-34.2215552,-62.84179233333333,-21.018051133333245,-37.28745513333334,-101.70674826666665,-27.280777933333184,0.0012129201,-0.0025007604,-4.1262017e-05,-11.149691,-19.594421,-21.123655,3.6380613,-42.6811,-21.994255,-10.389827,-62.561497,-33.844395,2.2684362,-84.07547,-31.315853,-12.119289,-102.14009,-41.38865,-34.96581,-26.262651,-7.9058747,-34.51886,-63.292126,-19.63591,-37.657764,-102.20135,-25.259752
0.0,0.0,0.0,-10.61591653125,-19.321033375,-21.37417993750006,3.912918249999999,-42.39492246875,-21.99612809375003,-9.7104568125,-61.96662378125,-34.51878456250006,2.6372181874999985,-83.43805478125,-31.890621250000095,-11.31118059375,-101.22327271875,-42.764397656250026,-34.749518718750004,-25.87869525,-8.865579593750056,-34.2206939375,-62.840475125000005,-21.01829921875003,-37.28682765625,-101.70667681249999,-27.28113759375003,0.0012135011,-0.0024963499,-4.347562e-05,-11.162094,-19.597567,-21.11627,3.6176414,-42.685986,-21.991283,-10.4201565,-62.563896,-33.829994,2.2335818,-84.073814,-31.308115,-12.16065,-102.13126,-41.373173,-34.97098,-26.257853,-7.885159,-34.53913,-63.28948,-19.60894,-37.68733,-102.19277,-25.231653
0.0,0.0,0.0,-10.6149083,-19.319111933333332,-21.374740466666708,3.9141371666666656,-42.39186973333334,-21.999405833333412,-9.708146866666667,-61.96367133333332,-34.522215766666704,2.640624466666666,-83.4339149,-31.896875033333288,-11.3068025,-101.21709030000001,-42.7748962666667,-34.7479816,-25.878819366666665,-8.868316633333393,-34.2174829,-62.83859600000001,-21.019253466666612,-37.2821654,-101.70502003333333,-27.290514033333295,0.0012135105,-0.0024967184,-4.214889e-05,-11.152524,-19.599617,-21.114298,3.628944,-42.68019,-21.994873,-10.3973675,-62.561443,-33.833733,2.2598546,-84.06613,-31.32171,-12.120125,-102.130066,-41.388317,-34.960827,-26.266918,-7.8874927,-34.517277,-63.298557,-19.614738,-37.651855,-102.20679,-25.244867
0.0,0.0,0.0,-10.616107125,-19.32140109375,-21.37383940625,3.9119386875,-42.39678153125,-21.99561596875003,-9.7125213125,-61.968763125,-34.51427834375005,2.6346244375000003,-83.43987609375,-31.888292218749996,-11.31334296875,-101.224684,-42.76116468750001,-34.7493189375,-25.878845375,-8.864865218750026,-34.222365625,-62.841784187500004,-21.017728843750035,-37.288487687499995,-101.7078581875,-27.276212531249996,0.0012103462,-0.0024901128,-4.80586e-05,-11.175029,-19.59161,-21.098726,3.5723019,-42.682472,-21.988825,-10.468388,-62.541527,-33.81119,2.1619265,-84.04083,-31.31632,-12.226713,-102.07264,-41.378784,-34.97501,-26.230928,-7.8566537,-34.574394,-63.26315,-19.580214,-37.73753,-102.15054,-25.227982
0.0,0.0,0.0,-10.614710733333332,-19.31913376666666,-21.37459100000001,3.914242566666668,-42.39115899999999,-21.997588033333386,-9.707964866666666,-61.9626175,-34.522761833333334,2.6403129666666674,-83.4324154,-31.897722400000077,-11.306265866666665,-101.21637336666666,-42.77275900000001,-34.74855193333333,-25.878308066666662,-8.866969766666728,-34.2181969,-62.83879453333332,-21.018888333333337,-37.2818237,-101.70426476666665,-27.29187316666679,0.0011952952,-0.002442105,-6.292289e-05,-11.253715,-19.612247,-21.042976,3.4340153,-42.707367,-21.975653,-10.6633835,-62.548508,-33.716988,1.9352208,-84.01506,-31.287947,-12.482441,-102.00094,-41.298367,-35.002426,-26.201569,-7.7122183,-34.699318,-63.24827,-19.398958,-37.915356,-102.0998,-25.052963
0.0,0.0,0.0,-10.615671966666664,-19.321088566666663,-21.37505196666666,3.9122629333333334,-42.395495000000004,-21.997157833333233,-9.711306066666666,-61.96728973333334,-34.5172464333333,2.635724566666668,-83.43774606666666,-31.890781733333313,-11.311837666666666,-101.22219309999998,-42.76512243333326,-34.74903423333333,-25.878434366666664,-8.866267833333154,-34.22139086666666,-62.84035179999999,-21.022341966666602,-37.286955,-101.70579849999999,-27.28280239999998,0.0011822914,-0.0023610548,-8.570305e-05,-11.545737,-19.58679,-20.970182,3.048336,-42.74745,-21.979033,-11.29178,-62.530712,-33.61352,1.2276665,-84.0158,-31.248417,-13.438019,-101.89056,-41.16473,-35.192142,-26.058353,-7.390266,-35.18963,-63.105312,-19.058403,-38.671352,-101.874435,-24.697426
0.0,0.0,0.0,-10.61496709375,-19.319460937499997,-21.374692937500015,3.913675343749998,-42.392721249999994,-21.997724468749993,-9.70859121875,-61.96369084375,-34.52183718750001,2.63923928125,-83.43407796875,-31.894425375000026,-11.3076776875,-101.21671181250001,-42.772455187499986,-34.74856578125,-25.878285437499997,-8.866413156249962,-34.218895562499995,-62.83921496875,-21.02105528124997,-37.28326853125,-101.70485146875,-27.28830343750002,0.0011924065,-0.0024245514,-6.903471e-05,-11.321496,-19.604528,-21.028114,3.3416302,-42.72054,-21.973963,-10.815282,-62.544098,-33.690964,1.7618371,-84.01817,-31.270105,-12.716576,-101.97096,-41.25876,-35.049435,-26.161142,-7.6438785,-34.8204,-63.20811,-19.323732,-38.102238,-102.03695,-24.971804
0.0,0.0,0.0,-10.615445233333332,-19.32090553333333,-21.373128166666675,3.9125195999999987,-42.3943754,-21.996409033333293,-9.710267566666666,-61.96602196666667,-34.51742446666668,2.6370541333333355,-83.43619110000003,-31.890072533333353,-11.309763399999998,-101.22050436666666,-42.7657327666667,-34.748785966666674,-25.878491333333336,-8.864926099999991,-34.2194613,-62.840237200000004,-21.015204799999992,-37.28538616666667,-101.70542640000001,-27.28189586666673,0.001212884,-0.0024920765,-5.02293e-05,-11.189257,-19.581285,-21.095718,3.5382526,-42.684807,-21.98612,-10.515195,-62.528008,-33.8053,2.0957248,-84.03169,-31.309433,-12.30698,-102.04035,-41.372017,-34.99012,-26.20087,-7.8503275,-34.618816,-63.231594,-19.574331,-37.80821,-102.10436,-25.229044
0.0,0.0,0.0,-10.61478284375,-19.3195915,-21.372271593749986,3.913470906249999,-42.3929924375,-21.995181000000002,-9.70889871875,-61.964379281250004,-34.51943184375,2.6385806562500003,-83.43412146875,-31.892415968750015,-11.307659968749999,-101.2172883125,-42.768032812499996,-34.748218,-25.87825128125,-8.863509093749997,-34.21888859375,-62.839794437500004,-21.016146593750022,-37.2835115,-101.70507290625,-27.28538115624997,0.0011992,-0.002446178,-6.5226326e-05,-11.288338,-19.59288,-21.051676,3.389264,-42.713406,-21.981775,-10.744697,-62.53689,-33.72643,1.8400527,-84.02303,-31.277906,-12.622213,-101.980484,-41.285748,-35.037506,-26.161343,-7.7103233,-34.776,-63.20313,-19.40255,-38.037357,-102.03562,-25.050339
0.0,0.0,0.0,-10.614804437500002,-19.32088903125,-21.373760281249986,3.9127343437499986,-42.394439625,-21.99784087500001,-9.71000759375,-61.966037875000005,-34.517426437500035,2.6372048437499993,-83.43558737500001,-31.892485593749996,-11.30924959375,-101.21988334375001,-42.76798737500002,-34.748006062500004,-25.8784798125,-8.865863812499981,-34.21936209375,-62.84044240625,-21.015621343750013,-37.2850645,-101.7052635625,-27.284007125000016,0.0012577156,-0.0022534388,-0.00016586696,-12.142029,-19.58865,-20.556438,2.1256874,-42.8055,-22.038685,-12.5034075,-62.530983,-33.14186,-0.17902929,-84.02715,-31.25046,-15.034609,-101.83611,-40.71195,-35.426704,-25.883425,-6.349708,-35.991985,-63.00013,-17.948578,-39.863144,-101.76292,-23.50451
0.0,0.0,0.0,-10.614852433333333,-19.319378933333333,-21.37382313333336,3.913312800000001,-42.392217433333336,-21.99833683333327,-9.708247100000001,-61.96356903333334,-34.520667633333346,2.6390854666666685,-83.43334839999999,-31.895545466666647,-11.306615433333334,-101.21650986666668,-42.77107946666666,-34.747788066666665,-25.8778722,-8.865291300000024,-34.2183432,-62.83973423333332,-21.0147877666667,-37.28270036666667,-101.70405363333333,-27.28895160000002,0.0012993603,-0.0022443035,-0.00018851162,-12.341899,-19.55936,-20.47452,1.8656622,-42.828545,-22.063984,-12.906324,-62.530758,-33.051754,-0.61963993,-84.072205,-31.221802,-15.610584,-101.84445,-40.559376,-35.527264,-25.804346,-6.0958304,-36.275665,-62.92981,-17.68401,-40.302586,-101.674255,-23.181957
0.0,0.0,0.0,-10.61468425,-19.3213174375,-21.375706687499985,3.912370124999999,-42.39516228125,-21.998147968750004,-9.710624500000002,-61.966511625,-34.51722134375001,2.6368367812499987,-83.43637596874999,-31.892252937500018,-11.309794625,-101.2195578125,-42.76644515625003,-34.748320093749996,-25.87811025,-8.866662968750006,-34.22020515625,-62.840667375,-21.020246562500006,-37.2852035625,-101.70584668749999,-27.28419493749999,0.0012609478,-0.0022595727,-0.00016459654,-12.107419,-19.60055,-20.549452,2.163689,-42.799667,-22.035015,-12.429285,-62.537464,-33.13468,-0.098130055,-84.02039,-31.255625,-14.910437,-101.848564,-40.71808,-35.395866,-25.909746,-6.3620386,-35.92657,-63.03072,-17.956736,-39.760597,-101.80741,-23.517046
0.0,0.0,0.0,-10.61501775,-19.32161575,-21.374186687500014,3.91261309375,-42.394850625,-21.995597812500023,-9.71032475,-61.966196812499994,-34.51757243750001,2.6365690937500013,-83.4358735625,-31.893169406249967,-11.30891746875,-101.21889259375,-42.76721090624994,-34.74868746875,-25.87880596875,-8.864314999999976,-34.22011934375,-62.84158484375,-21.01683324999999,-37.284815156250005,-101.70553396874999,-27.28427884375003,0.0012141987,-0.0025018798,-3.809686e-05,-11.134593,-19.603374,-21.12817,3.6710088,-42.679893,-21.995955,-10.344488,-62.575367,-33.850826,2.3291624,-84.08774,-31.319214,-12.047182,-102.17394,-41.391754,-34.95334,-26.288673,-7.9164233,-34.47949,-63.31929,-19.645905,-37.597275,-102.24251,-25.260475
0.0,0.0,0.0,-10.614540281250001,-19.319154625000003,-21.372678749999977,3.913157375000001,-42.39224959375,-21.996529468749998,-9.70849984375,-61.96322809375,-34.519403437500046,2.639556531250001,-83.43219034375,-31.895827312500046,-11.30596440625,-101.2145800625,-42.77255628124999,-34.74792140625,-25.87790565625,-8.8669651875,-34.217887437499996,-62.83933340625,-21.014452937499982,-37.281935312499996,-101.70395578125,-27.29015440624994,0.0012129052,-0.0024818163,-1.5167123e-05,-11.095609,-19.676191,-21.19774,3.899012,-42.72478,-22.008816,-10.130404,-62.759617,-33.898502,2.6921046,-84.3198,-31.243856,-11.731506,-102.57223,-41.26627,-34.93316,-26.484444,-7.9894123,-34.29661,-63.527058,-19.684317,-37.3315,-102.549736,-25.105268
0.0,0.0,0.0,-10.614458833333334,-19.320327266666666,-21.373424199999988,3.9130632999999984,-42.39341856666667,-21.998229033333303,-9.709508166666668,-61.964873100000005,-34.517960466666636,2.637636099999999,-83.43442123333334,-31.892525033333357,-11.307568700000001,-101.21713636666667,-42.768742866666685,-34.747492066666666,-25.877733066666664,-8.866063433333295,-34.218998733333336,-62.839682800000006,-21.01667986666672,-37.28341506666666,-101.70505466666668,-27.286824533333345,0.0011275323,-0.002186694,-0.00011972479,-11.812506,-19.87198,-20.904463,3.0244951,-43.17405,-21.69123,-11.611304,-63.302216,-33.06766,1.0423919,-84.99487,-30.230455,-14.041187,-103.22444,-39.701424,-35.412544,-26.329641,-7.005667,-35.469246,-63.529694,-18.250256,-39.219097,-102.48832,-22.944553
0.0,0.0,0.0,-10.61459071875,-19.31968096875,-21.374280781250036,3.9127621562499995,-42.392916125,-21.99767196875007,-9.70905565625,-61.9633828125,-34.519248812499995,2.6380556875000005,-83.43273765625,-31.89415256250004,-11.306924375000001,-101.2149995,-42.77035893750002,-34.74762284375,-25.877378375,-8.865318187500066,-34.21802009375,-62.83871565625,-21.01640693750005,-37.282726625,-101.7039209375,-27.287637625000002,0.0011835252,-0.0023981745,-7.491735e-05,-11.403469,-19.645979,-21.118196,3.310908,-42.93023,-21.824429,-11.028706,-62.794106,-33.56625,1.4913346,-84.4237,-30.759205,-13.27173,-102.36923,-40.696774,-35.227116,-26.102835,-7.7417374,-35.113194,-63.179142,-19.26512,-38.663914,-101.98776,-24.550476
0.0,0.0,0.0,-10.614387125,-19.3194340625,-21.37381650000009,3.9131884375000006,-42.393010687499995,-21.997074937500088,-9.70910628125,-61.9632425625,-34.51939950000002,2.638749593749999,-83.43256465625,-31.89414206250001,-11.306509625,-101.214400125,-42.771683593750026,-34.747981531250005,-25.87788953125,-8.86717506250011,-34.21843403125,-62.83857553125,-21.020126281250043,-37.28218946875,-101.7039291875,-27.28958696875003,0.0011800621,-0.0023685924,-6.7804285e-05,-11.456082,-19.700743,-21.17632,3.325986,-43.0658,-21.764875,-11.132678,-62.993683,-33.503304,1.3908206,-84.71168,-30.4835,-13.542011,-102.69861,-40.36723,-35.323837,-26.134167,-7.7874427,-35.24907,-63.23697,-19.213642,-38.94205,-102.06625,-24.255133
0.0,0.0,0.0,-10.614555799999998,-19.32046903333333,-21.37433269999991,3.9123847666666673,-42.39370503333333,-21.99665329999999,-9.709761733333334,-61.96415993333333,-34.51938573333342,2.637291533333334,-83.43358163333332,-31.89243663333332,-11.307722766666666,-101.2156543333333,-42.768369466666684,-34.74786546666667,-25.878034999999997,-8.864751000000012,-34.219096066666665,-62.83896313333332,-21.016548599999908,-37.28332746666667,-101.70488513333333,-27.288002533333383,0.0011989353,-0.0023956464,-7.168777e-05,-11.535878,-19.612911,-21.14053,3.23795,-42.898346,-21.92241,-11.2266655,-62.77113,-33.66277,1.3702661,-84.41847,-30.892395,-13.519447,-102.35644,-40.793827,-35.294216,-26.100903,-7.6563945,-35.235203,-63.156933,-19.236097,-38.825775,-101.94519,-24.534327
0.0,0.0,0.0,-10.6203859375,-19.311027,-21.3810366875,3.908025468750001,-42.384017125,-22.001500218749925,-9.71223559375,-61.95484825,-34.533221343749915,2.6363589375000007,-83.426616875,-31.907730156249954,-11.307633,-101.201251375,-42.787456593749994,-34.7510106875,-25.875404906249997,-8.85611337499995,-34.2217585625,-62.8349620625,-21.029650718749963,-37.28319859375,-101.71501668750001,-27.292933406249972,0.00038179153,-0.00084440166,4.7946614e-05,-16.226007,-20.200954,-24.22078,4.526163,-45.606647,-22.242712,-16.333895,-67.90972,-35.506653,0.795036,-93.12335,-26.34825,-22.372425,-113.75386,-34.833332,-39.608444,-28.264353,-7.7624736,-39.828617,-65.29095,-18.276373,-46.310116,-105.19582,-16.42023
0.0,0.0,0.0,-10.618219374999999,-19.32000653125,-21.373387343749982,3.9082908125000007,-42.400436437500005,-21.989191125000048,-9.7160119375,-61.97524334375,-34.509243968749956,2.62757646875,-83.44557765624998,-31.879771249999976,-11.3168606875,-101.22582306249998,-42.749935031250004,-34.75025809375,-25.8783033125,-8.857141562500033,-34.222421999999995,-62.84246290625,-20.996390343750022,-37.29268334375,-101.71869653125,-27.263705218750033,0.00038167197,-0.0008526207,5.527092e-05,-16.872604,-19.998375,-24.835266,5.2845697,-45.402046,-22.614037,-16.523457,-67.98495,-36.654434,1.9101774,-93.56411,-26.819016,-22.413168,-114.6479,-35.59668,-39.98951,-28.759487,-7.956561,-39.822544,-65.551285,-18.87081,-46.11671,-105.56564,-16.793877
0.0,0.0,0.0,-10.6175163,-19.311879166666667,-21.38058066666673,3.9130361333333354,-42.3845958,-22.000551433333328,-9.705628133333335,-61.95454673333334,-34.53141489999996,2.6446166333333316,-83.4239581,-31.908036400000015,-11.298421633333334,-101.19834110000002,-42.792470366666635,-34.74806243333334,-25.87873653333333,-8.86555999999996,-34.2126882,-62.8366664,-21.012532633333365,-37.2763354,-101.70789789999999,-27.306365966666704,0.0003757175,-0.00082239474,5.5280863e-05,-17.05432,-20.09404,-24.991175,5.3703055,-45.662567,-22.532526,-16.78583,-68.415535,-36.595463,1.8069364,-94.15189,-26.258894,-22.968622,-115.31265,-34.89885,-40.16523,-28.861523,-7.9841228,-40.0555,-65.700096,-18.719774,-46.58023,-105.69063,-16.125492
0.0,0.0,0.0,-10.616707266666669,-19.313634333333333,-21.378008100000102,3.9131874333333325,-42.3849133,-21.997507566666798,-9.706677433333335,-61.956750500000005,-34.52915546666674,2.643914266666666,-83.42500103333333,-31.90401406666672,-11.300259133333334,-101.20202666666667,-42.78946743333336,-34.748117566666664,-25.878427066666667,-8.864964833333431,-34.21318606666667,-62.837429166666666,-21.009834866666722,-37.27736263333334,-101.70888503333333,-27.302089433333435,0.00041158436,-0.0009060316,4.9855178e-05,-16.724644,-19.911537,-24.732306,5.314628,-45.13388,-22.679976,-16.204155,-67.61122,-36.786304,2.1846097,-93.04565,-27.336565,-21.788364,-114.15366,-36.28783,-39.82079,-28.743685,-7.9289117,-39.53167,-65.47516,-19.03425,-45.5776,-105.530594,-17.410051
0.0,0.0,0.0,-10.654619125,-19.31979921875,-21.39597618749997,3.908859937500001,-42.40714078125001,-21.994606062499997,-9.742496218749999,-61.999905437500004,-34.52620424999998,2.61836528125,-83.50449350000001,-31.870124874999988,-11.384254093749998,-101.32174359375,-42.73367509374998,-34.79339684375,-25.89745003125,-8.844281312499959,-34.261831906249995,-62.85012731250001,-21.00581837499999,-37.3584710625,-101.75041328124999,-27.206555437499958,0.00038629005,-0.0008836539,5.5635373e-05,-16.938433,-19.845098,-24.926186,5.5104523,-45.092567,-22.78239,-16.332775,-67.640656,-37.131153,2.4240892,-93.20352,-27.45026,-21.939846,-114.433426,-36.507637,-39.96598,-28.867235,-8.009123,-39.602543,-65.53213,-19.221256,-45.65652,-105.62015,-17.517687
0.0,0.0,0.0,-11.0940589375,-19.4609405625,-21.592857374999994,3.8675109062500006,-42.76813234375,-21.88406953125002,-10.316256093749999,-62.6723668125,-34.40439906249998,2.2558045,-84.6385054375,-31.187563906249977,-12.601962562499999,-102.94219103125,-41.72971246874994,-35.333900281249996,-26.097067531249998,-8.676840906249993,-34.90494790625,-63.087123000000005,-20.61766825000001,-38.533540312499994,-102.29040715625,-25.80392653125,0.00036189033,-0.0008476197,4.4769535e-05,-17.045767,-19.859776,-24.97294,5.382853,-45.26166,-22.710146,-16.623951,-67.81253,-37.010128,2.0610306,-93.482895,-27.097618,-22.527178,-114.63826,-36.053524,-40.107506,-28.773998,-8.014059,-39.891838,-65.47225,-19.10056,-46.165127,-105.5059,-17.13058
0.0,0.0,0.0,-13.61982296875,-21.03858484375,-22.58825303125002,3.24461828125,-46.07780540625,-20.796820812500016,-14.485864375,-68.13500365625,-32.26392659375,-1.0349650937499995,-92.29798259374999,-24.531968250000034,-20.67192959375,-112.43918521875,-32.06072050000006,-37.96372665625,-27.204650968750002,-7.812422875000038,-38.8107245,-65.07179684375,-17.00816256249999,-45.72875412500001,-104.9688101875,-15.103068500000006,0.00034663753,-0.000836515,5.160613e-05,-17.162638,-19.823732,-25.098843,5.5141344,-45.25185,-22.772476,-16.692362,-67.84829,-37.215954,2.2125013,-93.601295,-27.140272,-22.611599,-114.8153,-36.15581,-40.189796,-28.84808,-8.085992,-39.927444,-65.51091,-19.228231,-46.209595,-105.5568,-17.19542
0.0,0.0,0.0,-14.262076733333334,-21.51095563333333,-22.902271600000006,3.1718306999999983,-47.05804576666667,-20.53828230000005,-15.524431766666666,-69.69635406666669,-31.576135300000033,-1.7330803333333336,-94.23363196666665,-22.47386373333336,-22.549749300000002,-114.56732690000001,-29.235842900000023,-38.545381266666666,-27.57402746666667,-7.6874276666667924,-39.70572193333333,-65.67759316666667,-16.060427900000036,-47.29605900000001,-105.46151706666667,-12.314225300000032,0.00036937007,-0.0008477691,5.2867206e-05,-17.02163,-19.919273,-24.97393,5.4149575,-45.330494,-22.693958,-16.59472,-67.926994,-36.945435,2.0900228,-93.59497,-26.983742,-22.483675,-114.757614,-35.89259,-40.088966,-28.823578,-8.015995,-39.861504,-65.55099,-19.048992,-46.14044,-105.59171,-16.997154
0.0,0.0,0.0,-14.793909875,-21.69719765625,-23.279470437500038,3.3364172812499984,-47.5526499375,-20.538793499999997,-16.110427,-70.5743789375,-31.569595375000006,-1.8131931875000005,-95.409349875,-21.46170143750004,-23.551137500000003,-115.87216075,-27.94543362500002,-39.0002455625,-27.905123562500002,-7.678180750000024,-40.19574409375,-66.043603,-15.845904531250028,-48.13634646875,-105.757038,-11.109739343749993,0.00039424121,-0.0008459154,5.681533e-05,-16.816696,-20.146833,-24.816828,5.1883936,-45.694084,-22.434307,-16.635838,-68.35165,-36.296406,1.569677,-93.96298,-26.18953,-22.801521,-114.99115,-34.792942,-40.017094,-28.724829,-7.969749,-39.982697,-65.625244,-18.616663,-46.51703,-105.59241,-16.1555
0.0,0.0,0.0,-15.781051968749999,-21.59186903125,-24.324420843749976,4.221877562500001,-47.779555375,-21.167850312500036,-16.69984915625,-71.2466701875,-33.00447546875,-0.8869005000000003,-96.63541271875,-21.562043218749977,-24.2324880625,-117.3089395,-28.49083328124999,-39.77380475,-28.56978740625,-8.107029031250022,-40.657024468749995,-66.48725728125,-16.67830940624998,-48.704163468750004,-106.21560931249999,-11.592124843750014,0.00028274467,-0.00076448184,6.712442e-05,-17.095325,-19.779583,-24.848816,4.902744,-45.329185,-22.7307,-17.113613,-67.68834,-36.80375,1.200687,-93.4153,-27.084518,-23.339527,-114.283905,-35.888706,-40.236435,-28.425858,-7.9418344,-40.35539,-65.16903,-18.955935,-46.899384,-105.17195,-17.003757
0.0,0.0,0.0,-16.0508557,-21.56435533333333,-24.583791166666742,4.47608156666667,-47.8244566,-21.343394033333368,-16.944362666666667,-71.46541673333334,-33.44579683333336,-0.6563407333333338,-96.92933800000003,-21.685647666666682,-24.438475599999997,-117.61987906666667,-28.755998633333434,-39.97134436666666,-28.7559539,-8.237838766666698,-40.7916925,-66.63467253333334,-16.87840276666674,-48.8386149,-106.36899656666665,-11.757858300000066,0.00031385294,-0.0007963978,4.6628487e-05,-16.950392,-19.843863,-24.765747,4.934854,-45.331776,-22.62198,-16.868355,-67.68434,-36.65723,1.3224841,-93.314835,-27.00937,-22.990261,-114.21971,-35.869194,-40.114697,-28.457153,-7.916808,-40.176155,-65.22114,-18.896498,-46.646862,-105.22547,-17.02928
0.0,0.0,0.0,-16.33660240625,-21.506919125,-24.853057687499984,4.70859253125,-47.86251090625,-21.571466375,-17.19304965625,-71.6021264375,-33.87757190625001,-0.4391059375000008,-97.18582559375,-21.835230781249948,-24.65630984375,-117.91605640625,-29.014417562500057,-40.16619509375,-28.923172625,-8.374773968749992,-40.93303690625,-66.7412700625,-17.091348562500002,-48.96761031250001,-106.49222659374999,-11.932769781250045,0.00030754812,-0.0006693468,6.0224866e-05,-16.874907,-20.605934,-24.83414,4.6496577,-46.816357,-21.879093,-17.59291,-69.728294,-35.12269,-0.17037493,-95.621666,-23.89244,-25.118462,-116.37368,-31.772438,-40.350056,-28.489422,-7.967719,-41.011314,-65.77553,-17.655418,-48.692917,-105.546135,-13.62818
0.0,0.0,0.0,-16.94648878125,-21.2957499375,-25.50921450000004,5.410492843749999,-47.677691125,-22.188555843749953,-17.526515125,-71.66435075000001,-35.200889718750034,0.5336027187500001,-97.5726324375,-22.679256468749998,-24.7267396875,-118.49864112499999,-30.15644556250004,-40.512888593750006,-29.36908978125,-8.772812843749989,-40.99576437499999,-66.96523206250001,-17.887330156250016,-48.8195434375,-106.83948671875,-12.740297375000011,0.0004969181,-0.00082248764,4.4503e-05,-16.8109,-21.16166,-25.267948,5.637802,-47.56583,-21.676432,-17.228247,-71.36808,-35.02582,0.66506356,-97.486244,-22.23846,-25.15407,-118.73214,-29.698599,-40.30079,-29.279758,-8.283298,-40.693092,-66.80409,-17.515394,-48.769184,-106.53526,-12.067459
0.0,0.0,0.0,-16.993818466666667,-21.254284233333333,-25.5849152666666,5.515132633333332,-47.63100873333333,-22.274951333333263,-17.532262266666667,-71.62700806666668,-35.39635523333328,0.6802442999999982,-97.57862390000001,-22.857172933333175,-24.6912175,-118.52967713333335,-30.37424533333325,-40.53328113333333,-29.412044166666668,-8.833651766666605,-40.968962700000006,-66.9795941,-18.046687999999904,-48.77009993333333,-106.87135940000002,-12.902690833333224,0.00041619674,-0.0006913779,3.355776e-05,-16.33073,-21.36095,-24.451885,4.548306,-47.659283,-21.405966,-17.238235,-71.16354,-33.68654,-0.63780695,-96.8467,-22.0581,-25.127436,-117.755974,-28.977657,-39.98142,-28.771288,-7.687667,-40.811165,-66.527794,-16.522951,-48.915684,-106.24967,-11.307911
0.0,0.0,0.0,-16.77674603125,-21.2671384375,-25.425531218749995,5.393227875000001,-47.61595546875,-22.166408406249957,-17.333184125,-71.540017625,-35.13357740624997,0.5414277812500004,-97.432476,-22.773188531249957,-24.5166283125,-118.33083475,-30.248006718749934,-40.366935874999996,-29.29834109375,-8.756108124999969,-40.83286553125,-66.91531009375,-17.95189181249998,-48.648017781250005,-106.79573853125,-12.85129540624996,0.0004076475,-0.0006769005,2.449912e-05,-16.430767,-21.360912,-24.448574,4.5131164,-47.666027,-21.453585,-17.360435,-71.20276,-33.678806,-0.6704176,-96.90475,-22.051378,-25.247093,-117.81854,-28.867981,-40.020454,-28.797087,-7.602557,-40.86485,-66.548325,-16.431925,-48.95435,-106.24635,-11.137986
0.0,0.0,0.0,-16.268042766666667,-21.275983699999998,-25.02180690000006,5.128631933333333,-47.529758799999996,-21.95858670000007,-16.8321703,-71.28452893333332,-34.6346719,0.28513306666666693,-97.02360910000002,-22.749053933333357,-24.039402333333335,-117.8381348,-30.08948260000011,-39.97980796666667,-29.045653299999998,-8.626827000000105,-40.494673766666665,-66.7575473,-17.81180820000003,-48.30354813333334,-106.62612516666664,-12.871492566666689,0.00033178477,-0.00069872814,2.9076942e-05,-16.038803,-20.954052,-23.910828,3.9017324,-46.842342,-21.5848,-16.902983,-69.62216,-33.719734,-0.8215316,-94.882286,-23.737959,-24.011202,-115.4107,-31.065792,-39.627716,-28.239231,-7.3938866,-40.459034,-65.803154,-16.714075,-47.894703,-105.54378,-13.077355
0.0,0.0,0.0,-15.783790250000001,-21.341424125000003,-24.596216218749987,4.828387749999999,-47.53709818750001,-21.692328562499995,-16.4113928125,-71.14692306250001,-33.96958074999992,-0.06722493750000069,-96.6984300625,-22.528611281249937,-23.686015812500003,-117.42845021875,-29.631404874999987,-39.59150621875,-28.810528,-8.440363999999988,-40.20039734375,-66.651426375,-17.484931968750004,-48.04887809375,-106.488882625,-12.586289374999978,0.00034353483,-0.00063400366,1.3033281e-05,-16.157717,-21.378088,-24.056728,4.08366,-47.57396,-21.353323,-17.23352,-70.90259,-33.181435,-1.0853213,-96.35976,-22.187773,-24.949804,-117.08848,-28.87657,-39.786034,-28.551197,-7.364909,-40.759914,-66.36675,-16.10758,-48.732216,-106.04468,-11.136716
0.0,0.0,0.0,-15.357356125,-21.39349815625,-24.19882678125009,4.534292687500001,-47.50722665625,-21.493720218750013,-16.0646494375,-70.96562015625,-33.410455812500004,-0.38512843750000236,-96.33146487500001,-22.417852625000023,-23.358595656250003,-116.98589712500001,-29.345850031250052,-39.2617928125,-28.59052871875,-8.309108843750039,-39.9517735,-66.541066875,-17.19334525000005,-47.80363965625,-106.35084928124999,-12.444194000000039,0.00046199563,-0.00073969027,2.6475183e-05,-16.41091,-21.337082,-24.599108,4.7985773,-47.605087,-21.497696,-17.150295,-71.17237,-33.970707,-0.24812347,-96.90515,-22.206045,-24.9235,-117.89676,-29.236687,-40.00702,-28.926573,-7.7763386,-40.69301,-66.625275,-16.72549,-48.692223,-106.35775,-11.538352
0.0,0.0,0.0,-15.018521911764704,-21.43540961764706,-23.817556941176463,4.221995882352944,-47.44561144117647,-21.226787764705875,-15.85679038235294,-70.70653455882353,-32.84779708823527,-0.7237328529411764,-95.84517764705882,-22.364453470588217,-23.132974058823528,-116.42481249999997,-29.19455670588235,-39.00101488235293,-28.351627058823528,-8.129942970588218,-39.79551155882353,-66.38346102941176,-16.82087614705887,-47.62402026470588,-106.16231300000001,-12.319552352941173,0.00028862187,-0.00054101343,-1.568993e-05,-16.327953,-21.548706,-23.873224,3.738609,-47.88556,-21.130003,-17.7123,-71.31963,-32.52196,-1.7159008,-96.76211,-21.37688,-25.739231,-117.46276,-27.576836,-39.912914,-28.496346,-6.9982524,-41.13472,-66.42732,-15.363191,-49.341896,-106.00774,-9.805716
0.0,0.0,0.0,-14.758677411764706,-21.481953617647058,-23.496773235294086,3.9368876176470575,-47.38027426470588,-20.969357705882373,-15.734424794117647,-70.46467885294118,-32.35513938235289,-1.0093790882352947,-95.38855261764704,-22.360164088235308,-22.958610235294117,-115.88054805882354,-29.097723558823475,-38.79191923529412,-28.14809944117647,-7.9461680588235595,-39.69900738235294,-66.24294179411766,-16.466315852941193,-47.46483167647059,-106.0082900882353,-12.188469499999997,0.00024142672,-0.00047383222,-4.6390513e-05,-16.378147,-21.676748,-23.474552,3.1572957,-48.05952,-20.984339,-18.132715,-71.47281,-31.732899,-2.5214875,-96.79295,-20.896715,-26.2746,-117.35305,-26.528383,-39.886307,-28.319296,-6.489211,-41.403793,-66.37723,-14.527835,-49.713295,-105.874146,-8.666551
0.0,0.0,0.0,-14.557739558823531,-21.521348029411765,-23.187812411764753,3.6747486764705855,-47.301474441176474,-20.740703823529373,-15.657684852941177,-70.18029029411765,-31.939217117647047,-1.2791227352941181,-94.90411773529411,-22.37460597058822,-22.78009517647059,-115.30619602941175,-29.125387764705863,-38.631195794117644,-27.94004129411765,-7.775636617646967,-39.657410088235295,-66.06459920588235,-16.1535214117647,-47.32665167647058,-105.81936720588234,-12.185413235294106,0.0003307972,-0.0006180991,-1.0917538e-06,-16.338045,-21.26331,-24.17026,4.072163,-47.505142,-21.328886,-17.422672,-70.721985,-33.374245,-1.1268374,-96.24995,-22.284878,-25.233177,-116.95973,-29.184872,-39.95609,-28.484585,-7.405136,-40.948956,-66.20544,-16.237703,-48.952,-105.860825,-11.365464
0.0,0.0,0.0,-14.343290249999999,-21.419838249999998,-22.986271750000014,3.519034468750001,-47.08015296875,-20.621662093750047,-15.46806878125,-69.66700996875,-31.91981874999999,-1.3426477499999994,-94.24490034374999,-22.799818968750003,-22.41034153125,-114.50666953125,-29.84112728125001,-38.48854315625,-27.697428125000002,-7.763995187499972,-39.54742840625,-65.77044240625,-16.333032437500037,-47.106347750000005,-105.55251153124999,-12.900840656250011,0.0002491075,-0.0005028441,-2.9820494e-05,-17.523342,-21.348513,-24.902369,4.670596,-48.051113,-21.701595,-18.800592,-72.02703,-34.03071,-0.93198353,-98.261856,-21.255943,-27.270264,-119.32445,-27.458994,-40.693092,-29.09689,-7.384857,-41.748413,-66.80501,-16.05669,-50.25138,-106.27598,-9.50977
0.0,0.0,0.0,-14.1322519375,-21.2014610625,-22.923342656249986,3.5832126562499997,-46.654643437500006,-20.833989093750006,-15.05014975,-69.0322958125,-32.340071562499986,-0.9813458437499998,-93.50172025,-23.764995468750044,-21.63326684375,-113.72545253125,-31.126386562499988,-38.29007709375,-27.5861251875,-7.855651749999993,-39.17260209375,-65.53809128124999,-16.800399656250022,-46.4483234375,-105.4113849375,-14.123895500000003,0.00027667146,-0.00051372696,-2.0632968e-05,-16.465296,-21.58919,-23.811983,3.59154,-47.980915,-21.148302,-17.98486,-71.47415,-32.347042,-1.95355,-96.9487,-21.185831,-26.085651,-117.64179,-27.12996,-39.979324,-28.492159,-6.8265004,-41.301067,-66.4625,-15.086481,-49.569424,-106.015594,-9.291894
0.0,0.0,0.0,-14.034005823529412,-21.201511352941175,-22.820954205882288,3.5000145882352935,-46.61193226470588,-20.780337176470482,-14.975573970588236,-68.89902532352941,-32.231583617647004,-1.0410142941176481,-93.29656347058824,-23.81473855882348,-21.472384147058825,-113.4568919117647,-31.212952470588164,-38.186351117647064,-27.50544305882353,-7.809701294117531,-39.096185088235295,-65.47654544117647,-16.74710623529404,-46.32003664705883,-105.33830132352941,-14.24330311764703,0.00022734344,-0.00041243265,-5.7340698e-05,-17.010525,-21.738047,-23.631529,3.0300484,-48.379253,-21.15846,-19.07339,-72.07658,-31.686533,-2.9535542,-97.6927,-20.325752,-27.593037,-118.313965,-25.350662,-40.280052,-28.456472,-6.2140813,-42.008404,-66.55059,-14.059262,-50.597565,-105.93933,-7.3157296
0.0,0.0,0.0,-13.917234647058823,-21.049397147058826,-22.78401908823531,3.5558092058823556,-46.31475726470589,-20.94132817647062,-14.702834558823529,-68.48434894117648,-32.548459235294104,-0.7937392647058816,-92.81898405882352,-24.450910735294144,-20.957596205882354,-112.96072488235295,-32.08890135294121,-38.052382147058815,-27.44321117647059,-7.890279382352958,-38.85989502941177,-65.32848414705883,-17.091794205882366,-45.87643588235294,-105.23531585294118,-15.101389294117666,0.00021519265,-0.00048824845,-4.657618e-05,-15.912687,-21.668348,-23.072945,2.8113215,-47.882404,-20.890463,-17.748623,-71.048035,-31.349688,-2.8211226,-96.08365,-21.24072,-25.669104,-116.45666,-26.932543,-39.531128,-28.047836,-6.3972635,-41.137848,-66.179596,-14.437074,-49.325684,-105.717804,-9.149504
0.0,0.0,0.0,-13.88569605882353,-21.079861823529413,-22.711382705882386,3.4829892352941183,-46.3581740882353,-20.883632823529467,-14.731334352941177,-68.49864829411764,-32.40212835294119,-0.901066617647059,-92.79766517647059,-24.356626647058818,-20.992357235294115,-112.90307805882352,-31.93781597058819,-38.013930117647064,-27.40287905882353,-7.84871091176467,-38.87207364705882,-65.32170685294118,-16.972601529411804,-45.90594482352941,-105.20867970588236,-14.980585382352956,0.0002970395,-0.00061287335,-6.36969e-06,-16.006424,-21.249605,-23.799927,3.7941437,-47.30576,-21.26588,-17.098316,-70.30597,-33.03083,-1.2465802,-95.56355,-22.637161,-24.577652,-116.12053,-29.53902,-39.660866,-28.29451,-7.233398,-40.67249,-66.04348,-16.086378,-48.43479,-105.71212,-11.727966
0.0,0.0,0.0,-13.83790090625,-21.0092839375,-22.720200531250043,3.5196310312499985,-46.22765846875,-20.954258906250004,-14.60638096875,-68.312485875,-32.56547165625,-0.7780905937500009,-92.58590115625,-24.65060984375009,-20.751635031250004,-112.65962168749999,-32.36058221875004,-37.953255062500006,-27.377974343749997,-7.891507125000032,-38.75377190625,-65.26033240625,-17.18713087499998,-45.70642190625,-105.1638421875,-15.395114843750036,0.000500601,-0.0010431372,3.4283876e-06,-14.340055,-20.725447,-22.622505,3.1294596,-45.834274,-21.356987,-15.126521,-67.610085,-32.805058,-0.9685698,-91.626205,-25.455036,-20.950958,-111.25894,-33.280537,-38.19256,-27.319916,-7.242195,-39.002163,-64.90623,-16.892645,-45.458122,-104.45574,-15.8871565
0.0,0.0,0.0,-13.8419679375,-21.02709534375,-22.70130728124991,3.4915239062499985,-46.25749284375,-20.935563218749962,-14.638494187500001,-68.3437348125,-32.506438343750006,-0.8296018749999998,-92.61384584375,-24.58283337499995,-20.80355084375,-112.68236649999999,-32.25878156249996,-37.959254093750005,-27.37019971875,-7.87529759375002,-38.78249321875,-65.26292790625,-17.121983718749902,-45.751352875,-105.16076715624999,-15.30463415624996,0.0002931221,-0.0006833569,-1.3319524e-05,-15.245217,-21.189465,-23.052069,3.0919924,-46.95395,-21.103323,-16.538713,-69.46127,-32.280426,-1.8707134,-94.160545,-23.221338,-23.61598,-114.24114,-30.126188,-39.03967,-27.730625,-6.9877477,-40.240578,-65.566414,-15.838882,-47.71911,-105.16396,-12.521095
0.0,0.0,0.0,-14.153076823529412,-21.17390379411765,-22.961344147058867,3.6119086764705877,-46.61622067647059,-20.86028435294122,-15.033835294117647,-69.035128,-32.39509320588235,-0.9568699411764712,-93.53944805882352,-23.74844282352933,-21.656588970588235,-113.81391535294117,-31.100775352941184,-38.34803147058824,-27.600937794117648,-7.879934999999989,-39.20784032352941,-65.52020088235294,-16.84492502941174,-46.48788805882353,-105.4018264117647,-14.080737852941184,0.00022632154,-0.00044597164,-4.0118746e-05,-16.622097,-21.62418,-23.548222,2.964404,-48.13185,-21.11999,-18.601574,-71.55668,-31.816444,-2.9416032,-97.025276,-20.8818,-26.997927,-117.527405,-26.35678,-40.069546,-28.24698,-6.440506,-41.760857,-66.302536,-14.473523,-50.266846,-105.75865,-8.406217
0.0,0.0,0.0,-14.97874517647059,-21.690257088235295,-23.58158520588239,3.781022676470588,-47.75139088235294,-20.457768235294168,-16.192336852941178,-70.99782426470588,-31.755478852941224,-1.548972882352941,-96.00771535294119,-20.98548088235293,-24.017755941176468,-116.64422908823529,-27.525284676470562,-39.256869676470586,-28.126482323529416,-7.753459264705839,-40.362491588235294,-66.17964305882353,-15.888903470588275,-48.52550838235294,-105.86838573529413,-10.65683885294112,0.00019377461,-0.00040041909,-6.626888e-05,-16.615065,-21.731405,-23.234718,2.5404117,-48.26066,-20.97422,-18.861288,-71.66976,-31.191631,-3.5339582,-97.02056,-20.486948,-27.346663,-117.41875,-25.555012,-40.0243,-28.111414,-6.071521,-41.93089,-66.26726,-13.846486,-50.51708,-105.65865,-7.568592
0.0,0.0,0.0,-15.527185323529412,-21.653110647058824,-24.2511173235294,4.240554999999999,-47.933551529411766,-20.678497235294174,-16.59617438235294,-71.57797764705882,-32.45153173529411,-1.2223015588235295,-96.97898464705881,-20.554667647058864,-24.85102055882353,-117.87576561764706,-27.159488323529445,-39.80773947058823,-28.465879470588234,-8.044657764705846,-40.780189970588246,-66.40731202941177,-16.216622676470706,-49.2121018235294,-106.05383838235294,-10.25669129411773,0.00030207704,-0.0005325618,-3.1296277e-05,-17.034658,-21.538177,-24.234842,3.913923,-48.10171,-21.487255,-18.554848,-71.874,-32.939922,-1.7057503,-97.71045,-21.126287,-26.817501,-118.53962,-26.898834,-40.325844,-28.781355,-6.916289,-41.60213,-66.676384,-15.276639,-49.98902,-106.17674,-8.941612
0.0,0.0,0.0,-16.92434335294118,-21.341426735294117,-25.952814352941175,5.385171058823529,-47.900915205882356,-21.396601000000032,-17.601473911764707,-72.17438670588236,-34.75646164705881,-0.028723911764707566,-98.23530305882353,-20.84173394117647,-26.457269764705877,-119.90469773529412,-28.029159529411743,-40.93608129411764,-29.19181632352941,-8.785601352941171,-41.505886852941174,-66.76936038235294,-17.461023617647072,-50.128302999999995,-106.39111388235294,-10.589775529411781,0.00020466038,-0.0005210856,-5.0876606e-05,-18.2781,-21.085112,-25.36434,5.465,-47.67189,-22.469488,-19.110437,-71.90523,-35.34844,0.45777673,-98.526474,-22.320354,-26.834023,-119.79264,-28.534466,-40.92113,-29.658478,-7.4498467,-41.519028,-67.10886,-16.696995,-49.449368,-106.63651,-10.245434
0.0,0.0,0.0,-17.27909838235294,-21.17424352941177,-26.406959941176524,5.776372323529413,-47.761948352941175,-21.65939599999996,-17.794073705882354,-72.1680552352941,-35.576234735294065,0.43534320588235254,-98.43217205882354,-21.240494735294078,-26.75794917647059,-120.29298685294117,-28.694592676470563,-41.146838970588234,-29.384237205882357,-9.036307000000022,-41.56917394117647,-66.8297495,-17.93231732352939,-50.170394529411766,-106.46598232352943,-10.953340441176465,0.00031936154,-0.0005594003,-1.1053566e-05,-16.616318,-21.544191,-24.057127,3.9340017,-47.940914,-21.323372,-17.959997,-71.551384,-32.807373,-1.490836,-97.16806,-21.383812,-25.979475,-117.98407,-27.45646,-40.062798,-28.692257,-6.9910064,-41.227703,-66.599815,-15.410345,-49.438213,-106.19547,-9.577854
0.0,0.0,0.0,-17.58913838235294,-20.92761005882353,-26.884747676470624,6.1575964117647075,-47.547042794117644,-22.00668605882356,-17.93320514705882,-72.04084761764705,-36.535043176470595,0.9062433529411766,-98.55104670588234,-21.833252823529392,-27.037391176470585,-120.56016611764706,-29.58791485294114,-41.31105205882353,-29.524721441176467,-9.35079694117644,-41.58537520588235,-66.83227420588236,-18.493082352941144,-50.16931876470588,-106.48775685294117,-11.589693882352947,0.00025791992,-0.0004978378,-6.613374e-05,-17.6763,-21.339539,-24.758486,4.5016346,-47.984566,-21.698929,-18.951555,-71.924484,-33.862488,-0.9778004,-98.10048,-21.329466,-27.25235,-119.19109,-27.388435,-40.725315,-29.093536,-7.073562,-41.790775,-66.77837,-15.733958,-50.135574,-106.257515,-9.21189
0.0,0.0,0.0,-18.458151647058823,-20.51856582352941,-28.005874588235315,6.987473794117648,-47.45714823529413,-22.564797823529375,-18.668168205882353,-72.302922,-38.23234382352945,1.503362441176474,-99.69097067647058,-21.961249823529442,-28.71926902941176,-122.03703914705883,-29.880014764705948,-41.77159429411765,-29.906112176470586,-9.924910676470631,-41.87102008823529,-67.0180731764706,-19.506776852941243,-50.86359005882353,-106.47193238235295,-11.602326382352999,0.00017087461,-0.00054563524,-9.970162e-05,-19.229424,-20.618526,-26.77479,6.742743,-47.820805,-22.7619,-20.023663,-72.39138,-37.39753,1.1252185,-100.01179,-21.994726,-28.959862,-121.48262,-28.928354,-41.713764,-30.032436,-8.558814,-42.176098,-67.19626,-18.17911,-50.881287,-106.483536,-10.833035
0.0,0.0,0.0,-18.74597982352941,-20.39578826470588,-28.287810323529413,7.204406852941174,-47.518325352941176,-22.71401173529415,-18.978816617647055,-72.4655088235294,-38.63525299999998,1.5820467352941172,-100.10565005882353,-21.853124294117663,-29.35742379411765,-122.54198808823529,-29.75099544117643,-41.9264925,-30.018745852941176,-10.082988176470565,-42.015072558823526,-67.09694491176471,-19.688779088235208,-51.1583904117647,-106.46390570588235,-11.3947807647059,0.0001614503,-0.0004856195,-9.876574e-05,-19.128754,-20.86756,-26.230488,6.261333,-47.88165,-22.759161,-20.030617,-72.505974,-36.540325,0.8481981,-99.835915,-21.911413,-28.490923,-121.28831,-28.21057,-41.525692,-30.022419,-7.9662104,-42.09157,-67.331154,-17.34444,-50.520493,-106.68377,-9.979311
0.0,0.0,0.0,-19.00507379411765,-20.21207188235294,-28.548402647058765,7.44275417647059,-47.49365232352942,-22.90107547058824,-19.209743088235292,-72.51799864705882,-39.15087799999998,1.7385073235294133,-100.39545447058822,-22.00769488235295,-29.830886882352942,-122.92548041176471,-29.86701444117648,-42.04779308823529,-30.114761794117648,-10.277934470588264,-42.085544500000005,-67.12815020588235,-20.020446735294115,-51.33418185294117,-106.44369147058823,-11.41408491176469,-1.5114783e-05,-0.00040810418,-0.0002909049,-22.23887,-19.771355,-28.770298,8.746604,-47.93077,-24.461805,-23.51252,-73.5323,-41.02189,2.230666,-103.361824,-22.296225,-33.59327,-124.882195,-28.490257,-43.365204,-31.22905,-9.590371,-43.71501,-67.87721,-19.817451,-53.11505,-106.49559,-10.334562
0.0,0.0,0.0,-19.45317523529412,-19.982861676470584,-29.167169911764802,7.942271941176468,-47.5802474117647,-23.31057361764715,-19.555996882352943,-72.83833232352941,-40.03702758823539,2.1136182647058828,-101.06866855882352,-22.00505867647064,-30.67927858823529,-123.88087250000001,-29.679376088235358,-42.22680276470588,-30.396287911764702,-10.676884323529464,-42.158869205882354,-67.35861855882352,-20.48537476470591,-51.61857014705882,-106.46911199999998,-11.33383441176477,0.00014205682,-0.0005800872,-7.2880575e-05,-19.301733,-20.369934,-27.235619,7.2316055,-47.694515,-22.737654,-19.911356,-72.16892,-38.1997,1.5377957,-100.03383,-22.187914,-29.154318,-121.54537,-29.779957,-41.86587,-30.056818,-9.07889,-42.16658,-67.06195,-18.972614,-51.01387,-106.33213,-11.784136
0.0,0.0,0.0,-19.720400588235293,-19.87629967647058,-29.37789570588228,8.13688955882353,-47.64034079411764,-23.34603991176465,-19.882299764705884,-72.95113658823529,-40.34044423529406,2.173500882352938,-101.39576126470587,-21.852111058823482,-31.22346608823529,-124.23111120588234,-29.49476811764697,-42.364710823529414,-30.473118676470584,-10.758148264705767,-42.307476382352945,-67.39133149999999,-20.566682588235267,-51.899379352941175,-106.41732508823529,-11.159865617646972,-9.0420144e-05,-0.00025902412,-0.00013073545,-20.609081,-20.495798,-27.300833,6.9630933,-48.315826,-23.49524,-22.220251,-73.381516,-38.05722,0.54355353,-101.89664,-21.384611,-31.85177,-123.08762,-27.14507,-42.47073,-30.370539,-8.5779705,-43.3133,-67.529495,-18.003601,-52.549244,-106.37427,-9.139985
0.0,0.0,0.0,-19.996002352941176,-19.67803,-29.579144617647046,8.388097764705883,-47.556246676470586,-23.556956558823572,-20.14122038235294,-72.94125329411764,-40.83311561764714,2.3746886764705906,-101.60283244117647,-22.050540676470632,-31.59483561764706,-124.48617249999998,-29.719943705882372,-42.493576911764706,-30.559396235294113,-10.918213852941221,-42.38872794117647,-67.40920170588235,-20.866480294117707,-52.01818055882353,-106.38903376470589,-11.29705452941181,9.638819e-05,-0.00054315163,-0.00014747272,-20.144783,-20.21755,-27.76325,7.7913904,-47.756832,-23.27705,-20.854528,-72.62268,-39.151867,1.9086038,-101.04238,-22.266273,-30.331078,-122.6274,-29.52632,-42.283203,-30.48565,-9.277202,-42.538322,-67.376366,-19.315659,-51.53771,-106.46385,-11.468994
0.0,0.0,0.0,-20.42566376470588,-19.5952755,-29.82958452941176,8.642752441176473,-47.67702117647059,-23.676789264705917,-20.721586529411766,-73.22165561764706,-41.181630764705915,2.3802901764705897,-102.12813497058823,-21.84612152941179,-32.39625479411765,-124.9587594117647,-29.32219129411766,-42.71204841176471,-30.692640323529414,-11.035641117647117,-42.657924617647055,-67.5116860882353,-21.025455382352902,-52.448558000000006,-106.30515602941176,-10.993300617647037,-0.00010409925,-0.00025513832,-0.00035110232,-22.89246,-19.636024,-28.762938,8.648655,-47.845955,-24.721525,-24.363108,-73.51298,-41.168793,2.152787,-103.53383,-22.501677,-34.349483,-125.08766,-28.278397,-43.693005,-31.305601,-9.274736,-44.133446,-67.87216,-19.512983,-53.418564,-106.45339,-9.7674465
0.0,0.0,0.0,-21.288162029411765,-19.299973882352944,-30.323856147058848,9.360202705882351,-47.713055147058824,-23.99240829411758,-21.836903352941178,-73.50954705882353,-42.19784717647059,2.779799911764705,-102.99810097058823,-21.792337647058787,-33.69634452941176,-125.7089449117647,-29.112292882352847,-43.12884194117647,-30.981590705882354,-11.314120058823562,-43.07835397058824,-67.67852055882354,-21.41037791176467,-53.05336276470588,-106.2048129117647,-10.832816617647097,7.607127e-05,-0.00060847856,-0.00020005922,-21.013395,-19.844402,-28.747116,8.815418,-47.848217,-23.815144,-21.807026,-73.05224,-40.809902,2.4128873,-102.411736,-22.244894,-32.043697,-123.92161,-29.60023,-42.816,-30.922462,-10.093491,-42.948864,-67.59673,-20.431967,-52.431374,-106.35226,-11.807885
0.0,0.0,0.0,-21.722366029411763,-19.12361997058823,-30.527016088235314,9.654382058823527,-47.71306132352941,-24.108950441176432,-22.431643529411765,-73.59604379411765,-42.666715647058766,2.8780487352941186,-103.39384044117645,-21.704326852941165,-34.43261479411765,-125.98475702941175,-29.03687161764708,-43.350027352941176,-31.062348441176468,-11.421463999999958,-43.34520647058824,-67.67132164705882,-21.576601911764726,-53.436890411764715,-106.07974767647059,-10.798390882352919,0.0001330784,-0.00067413994,-0.0001631711,-20.461946,-19.985409,-28.492462,8.638769,-47.82872,-23.481,-21.044168,-72.87588,-40.299427,2.4549491,-101.867134,-22.142885,-31.074091,-123.42853,-29.774454,-42.516434,-30.776533,-10.010966,-42.577515,-67.51672,-20.29026,-51.92401,-106.39882,-12.045699
0.0,0.0,0.0,-22.128672029411764,-19.1740044117647,-30.7152415294118,10.005309941176474,-47.858847441176465,-24.112135147058893,-22.893679794117645,-74.04253520588236,-42.8266414117648,3.125997147058822,-103.95281288235296,-21.173424411764756,-34.98871764705882,-126.6095857352941,-28.158472441176457,-43.52711708823529,-31.30665870588235,-11.454685176470548,-43.479581823529415,-67.91665082352941,-21.498405117647053,-53.65451541176471,-106.08723070588235,-10.193849529411807,0.0002044769,-0.0008149586,-0.00022546753,-21.612562,-19.618917,-29.571947,9.967097,-47.898613,-24.40417,-22.249407,-73.662476,-42.295254,3.3486202,-103.83289,-22.268538,-32.857574,-125.47047,-29.550667,-43.079235,-31.513842,-10.873931,-42.926678,-68.08259,-21.473007,-52.696228,-106.68151,-12.07927
0.0,0.0,0.0,-23.20277147058823,-18.504821676470584,-31.324204323529386,10.920511235294118,-47.28566061764705,-24.820935323529397,-23.777902499999996,-73.6053541764706,-44.7386500294117,4.174744323529417,-104.39142155882354,-22.248538705882424,-35.76467811764705,-127.06385317647059,-29.45228017647065,-44.01471794117647,-31.616929470588232,-11.992668470588171,-43.68629397058823,-67.87041938235294,-22.7086691470588,-53.81852702941176,-105.94081923529413,-11.439965588235282,-0.00016374282,-0.0005405705,-0.00024791673,-23.763,-17.760021,-30.43688,10.362646,-45.724457,-26.25105,-23.938541,-70.6835,-46.224483,4.9328046,-101.90481,-27.46379,-33.24155,-124.03754,-36.27897,-44.337986,-31.42356,-11.295878,-43.721226,-67.01179,-23.88567,-52.380978,-106.38259,-16.63112
0.0,0.0,0.0,-23.553656617647057,-18.73632476470588,-31.420707117647055,10.808005970588237,-47.85102773529412,-24.619363941176516,-24.629317176470586,-74.37570520588235,-44.278900823529455,3.398521558823532,-105.29068585294118,-20.98343694117648,-37.26704129411765,-127.56673102941176,-27.579929941176488,-44.28626152941176,-31.667341294117644,-11.876361411764663,-44.26260311764706,-68.00258152941176,-22.186025117647034,-54.84197979411765,-105.64681270588234,-10.01288094117649,-0.00012755638,-0.00015426351,-0.00030782315,-23.686789,-19.84634,-28.408125,8.703985,-47.94934,-25.772703,-25.420963,-74.225555,-41.09748,2.5131943,-104.567444,-22.859793,-34.284786,-125.96817,-27.075314,-43.72164,-31.87303,-8.8344755,-44.19939,-68.57828,-19.016779,-53.030975,-107.11962,-8.747061
0.0,0.0,0.0,-23.54827685294118,-18.461223176470583,-31.379050676470627,11.036401235294115,-47.276652852941176,-24.97207544117657,-24.229296588235293,-73.69887311764705,-44.92645894117646,4.201644352941173,-104.67548641176471,-22.25853044117656,-36.19120091176471,-127.16455991176471,-29.353626823529453,-44.153851470588236,-31.69439570588235,-12.00858170588242,-43.85296961764706,-67.91764147058822,-22.803578000000073,-54.02687114705883,-105.87306705882352,-11.405361411764716,0.00025462624,-0.0007725366,-0.00025103302,-22.596384,-19.072338,-29.425522,9.908479,-46.73947,-25.588528,-22.950283,-72.42493,-43.57816,4.384724,-102.7581,-25.176167,-31.903458,-124.775505,-32.495968,-43.38619,-31.687437,-10.534319,-42.99826,-67.934235,-21.98438,-51.714977,-107.09414,-13.852933
0.0,0.0,0.0,-22.802952970588237,-19.30047761764706,-30.521407970588143,10.68450038235294,-47.26157047058823,-25.248091676470608,-23.518353147058825,-73.55598705882353,-43.97912770588232,4.641720323529409,-103.84092308823531,-23.307373911764728,-33.48142947058824,-125.86784111764703,-30.893805970588232,-43.38624732352942,-31.848177911764704,-11.611368470588218,-43.07936832352941,-68.26731452941178,-22.301082764705882,-52.39571997058823,-106.82088088235292,-12.64324858823528,0.00012838858,-0.00059883005,-0.00018827467,-23.895239,-18.522295,-29.374205,9.955854,-45.851547,-27.011805,-24.222803,-71.579094,-44.933586,5.1933627,-102.36488,-27.67562,-31.765112,-124.45101,-34.557453,-43.820942,-31.99911,-10.238696,-43.28242,-67.93745,-22.492136,-51.150585,-107.37877,-15.135079
0.0,0.0,0.0,-22.471457500000003,-19.604429823529415,-30.253171205882325,10.502088794117643,-47.44446764705883,-25.353856794117632,-23.315677941176475,-73.8080469117647,-43.459328941176466,4.5114529117646995,-103.94214361764708,-23.23124252941176,-32.915974558823535,-125.8297255882353,-30.499969558823523,-43.12601017647059,-31.8979610882353,-11.493752000000029,-42.90633185294118,-68.45191050000001,-22.029868617647082,-52.11151314705883,-107.08699370588235,-12.480184264705883,-0.000116016934,-0.00018824599,-0.00023482954,-23.498972,-20.00991,-28.303396,8.756824,-48.077763,-25.950188,-25.242548,-74.49006,-40.97379,2.5945504,-104.82909,-22.824205,-33.835503,-126.129745,-26.818863,-43.51791,-31.989004,-8.922222,-43.98019,-68.81381,-19.060993,-52.78816,-107.386765,-8.783721
0.0,0.0,0.0,-22.094958588235297,-19.41991905882353,-30.026134676470576,10.644960588235293,-46.80150361764706,-25.838036852941173,-22.358207647058826,-72.95617982352941,-43.98701844117642,5.524198882352941,-102.93537802941177,-24.951472441176463,-30.803607205882358,-125.07008594117647,-32.71436532352942,-42.75118044117647,-31.946953029411766,-11.64506979411766,-42.16580476470588,-68.41805347058823,-22.734420617647004,-50.67466805882353,-107.53338117647058,-14.420670441176412,-3.8632963e-05,-0.00035735746,-0.00012220816,-23.744282,-19.192,-28.89792,9.409526,-46.877075,-26.995413,-24.910273,-73.08471,-43.33801,3.8751218,-103.842125,-25.761513,-32.852356,-125.33218,-30.917217,-43.616478,-32.051926,-9.828906,-43.60429,-68.46123,-21.156073,-51.971825,-107.46936,-12.379865
0.0,0.0,0.0,-21.38951984375,-19.68400984375,-29.517396968750006,10.478114625,-46.86355253125,-26.091934124999966,-21.4993974375,-72.97012865625001,-43.512705843749984,5.64913828125,-102.70768365625,-25.447843656249972,-29.176664375,-124.69923559374999,-32.92749778124994,-42.22475415625,-31.99178909375,-11.554947812499961,-41.579357,-68.6474493125,-22.69336699999991,-49.80288628125,-108.0098723125,-15.022468500000002,-5.5000157e-05,-0.00031380812,-0.00015879316,-23.460066,-19.452572,-28.591688,9.1224165,-47.10448,-26.515224,-24.6568,-73.24696,-42.48479,3.5845497,-103.66628,-25.06033,-32.625553,-125.20693,-30.12815,-43.481205,-31.95193,-9.469143,-43.55852,-68.46883,-20.489592,-51.92561,-107.45729,-11.601994
0.0,0.0,0.0,-21.155858323529415,-20.452036088235293,-29.10645076470587,9.941488882352939,-47.986458735294114,-25.493210794117715,-21.938208500000002,-74.3093915882353,-41.67677117647065,4.337511558823525,-103.85734088235296,-23.164946470588234,-30.14819402941177,-125.4651740882353,-29.545407441176508,-42.18979891176471,-31.986797470588233,-11.016377117647039,-42.030859441176474,-69.06797235294118,-21.245444764705894,-50.76982641176471,-108.11619679411763,-12.353095558823497,4.6099085e-05,-0.0004222916,-0.00015144532,-23.546741,-19.170378,-28.909765,9.462221,-46.80984,-26.826715,-24.628912,-73.00915,-43.307266,3.9334705,-103.67963,-25.70003,-32.725555,-125.24139,-30.981806,-43.54098,-31.992878,-9.8962755,-43.482033,-68.39121,-21.197626,-51.88099,-107.40651,-12.424234
0.0,0.0,0.0,-20.762815264705882,-20.113873941176475,-28.94545967647059,10.056583852941179,-47.34204064705883,-26.008434499999964,-21.161355735294116,-73.38369982352941,-42.40478608823531,5.021310205882356,-102.9221642352941,-24.91139220588235,-28.535221676470588,-124.56535020588237,-31.818284823529382,-41.868120088235294,-31.883135411764712,-11.247346588235303,-41.44501155882353,-68.83904879411764,-22.147599264705832,-49.72022944117647,-108.26265164705885,-14.449093911764749,5.7666388e-05,-0.00046323557,-0.00021197142,-23.758074,-18.86444,-29.143845,9.63524,-46.418785,-26.72963,-24.508375,-72.37573,-43.933773,4.392615,-103.071594,-26.337368,-32.565258,-124.94174,-32.38993,-43.74681,-31.94798,-9.950965,-43.50338,-68.122185,-21.612535,-51.73318,-107.28946,-13.338128
0.0,0.0,0.0,-20.05712467647059,-20.629453823529417,-28.230075617647117,9.631981970588235,-47.76577823529412,-25.858999852941224,-20.591962529411767,-73.74120402941176,-41.17955555882355,4.691910117647062,-102.93883523529414,-24.449398235294098,-27.267243676470585,-124.35518982352943,-30.7464869411765,-41.35886697058824,-31.852881647058826,-10.896545352941189,-41.03238085294117,-69.1797330882353,-21.450019352941183,-49.13096508823529,-108.7492467647059,-13.977927676470586,-1.3775862e-06,-0.00036327355,-0.0001504496,-23.134708,-19.858902,-28.583214,9.175895,-47.84405,-26.301405,-24.68629,-74.344765,-41.76504,3.0201938,-104.85654,-23.529745,-33.287266,-126.09029,-27.869959,-43.294563,-32.038918,-9.614916,-43.573925,-68.84952,-20.055788,-52.467777,-107.52956,-10.124586
0.0,0.0,0.0,-19.84090815625,-20.645123500000004,-28.03913987499999,9.593113312500002,-47.65721875,-25.95425896874997,-20.27468578125,-73.57890412500001,-41.121757562499965,4.861619562500003,-102.68748475000001,-24.814221406249942,-26.588575812499997,-124.1022276875,-31.08261774999994,-41.16647478125,-31.838182000000003,-10.873477906250002,-40.76718540625,-69.2075545,-21.582287749999978,-48.671972187499996,-108.8862178125,-14.37514778124995,9.426489e-05,-0.0004950935,-0.00013627879,-22.95999,-19.86154,-28.871063,9.454636,-47.97997,-26.292534,-24.50663,-74.59229,-42.052048,3.0184205,-105.2454,-23.251106,-33.555893,-126.38904,-27.710766,-43.242332,-32.089733,-10.02295,-43.48948,-68.91939,-20.453323,-52.680317,-107.465805,-10.294386
0.0,0.0,0.0,-19.736497352941175,-20.64117635294118,-27.959145058823594,9.577638235294117,-47.59260011764706,-26.003209676470533,-20.132038764705882,-73.46957011764707,-41.121959000000004,4.9355834411764725,-102.54749911764706,-25.01610699999992,-26.27320985294118,-123.95314320588236,-31.30347841176473,-41.09175352941176,-31.823088294117646,-10.874485588235302,-40.660160352941176,-69.200234,-21.649954352941165,-48.47879547058824,-108.92357861764707,-14.614515411764671,-7.809156e-05,-0.00025766485,-0.00016727051,-23.299927,-19.941671,-28.413082,8.974944,-47.951458,-26.250437,-24.965147,-74.44336,-41.402905,2.83578,-104.89699,-23.292503,-33.45656,-126.1156,-27.364431,-43.358784,-32.044548,-9.302144,-43.72581,-68.883705,-19.611448,-52.549644,-107.526184,-9.528906
0.0,0.0,0.0,-20.245894029411765,-20.708006676470582,-28.387492470588256,9.57399805882353,-48.057705941176465,-25.631210264705885,-21.115719970588234,-74.13422670588236,-40.98282399999994,4.150735764705882,-103.4879068235294,-23.64593505882351,-28.389576558823528,-124.83385547058823,-29.704708323529417,-41.73070355882353,-31.845594205882346,-10.895392970588262,-41.59890782352941,-69.15194438235294,-21.15287417647062,-50.08920617647059,-108.48873855882351,-13.079433705882366,4.6603323e-05,-0.000615877,-0.0003640055,-23.096819,-19.284807,-30.300463,10.574994,-48.097572,-25.085009,-24.255104,-74.31449,-43.51087,3.2799194,-105.49545,-21.985922,-35.63202,-126.959435,-28.488775,-43.87952,-31.975191,-11.074153,-43.87046,-68.34915,-21.718138,-54.08016,-106.433395,-11.00315
0.0,0.0,0.0,-20.411431875,-20.676646281250004,-28.43839162499995,9.633076843749997,-48.091970218750006,-25.794021750000013,-21.3171503125,-74.26213165625,-41.10188971874999,4.11577471875,-103.77853409375,-23.59638796874998,-28.677363500000002,-125.09290696875001,-29.44949728124999,-41.8018095625,-31.923584125,-10.914955156250016,-41.6781310625,-69.2097574375,-21.17840581249999,-50.23600196875,-108.4917851875,-12.89887812500001,0.00017078858,-0.000653442,-0.000358415,-23.110634,-19.480309,-29.883692,10.280348,-48.029938,-25.37282,-24.33644,-74.44374,-43.055233,3.2913253,-105.426765,-22.319117,-35.05428,-126.938095,-28.175179,-43.720577,-32.05172,-10.665826,-43.76608,-68.55105,-21.210772,-53.639374,-106.78295,-10.575686
0.0,0.0,0.0,-20.566647794117646,-20.742058117647062,-28.42639529411764,9.595588147058823,-48.31706276470588,-25.77145658823531,-21.65648082352941,-74.5858104117647,-40.95742897058824,3.815889735294121,-104.24594761764706,-23.10780417647061,-29.267060205882352,-125.44770000000001,-28.673005882352925,-41.89948382352941,-31.96667373529412,-10.858595852941221,-41.89411973529412,-69.29522279411765,-21.003483470588264,-50.64874444117647,-108.46425302941176,-12.284763147058811,0.00017228184,-0.0005941993,-9.6943564e-05,-22.457472,-20.146263,-28.610834,9.321429,-48.19065,-26.06491,-23.996458,-74.777336,-41.45455,2.8945563,-105.173874,-22.89809,-32.87465,-126.23811,-27.317549,-42.938698,-32.048252,-9.979934,-43.20812,-69.03335,-20.22675,-52.38688,-107.63013,-10.180985
0.0,0.0,0.0,-20.777158029411765,-20.56791644117647,-28.51220064705882,9.76273155882353,-48.12368552941176,-26.098272852941193,-21.76019879411765,-74.5342189117647,-41.40781358823523,4.026899000000002,-104.43397864705884,-23.527427147058802,-29.32135967647059,-125.65124073529412,-28.91222788235291,-41.95304973529412,-32.084736529411764,-10.966004294117624,-41.83916332352941,-69.31288255882353,-21.28377488235293,-50.582236970588234,-108.49989802941175,-12.587968794117614,0.00037092317,-0.0008854972,-0.00020606483,-21.894247,-19.933712,-29.274124,9.776261,-48.133873,-25.080175,-23.007902,-74.36751,-41.959797,3.0318081,-104.6598,-22.340565,-33.156784,-126.017075,-28.294182,-43.015774,-31.778254,-10.619228,-43.085575,-68.5555,-20.977276,-52.75985,-107.056305,-11.103904
0.0,0.0,0.0,-20.915840323529412,-20.399551117647057,-28.554714558823548,9.894702764705883,-47.921628,-26.359261999999944,-21.808536970588236,-74.4319855,-41.76493744117647,4.207118235294121,-104.50630797058824,-23.9017424117647,-29.307628970588237,-125.73940055882353,-29.202547882352974,-41.98803247058824,-32.14203164705882,-11.035488529411793,-41.79145526470588,-69.30775352941177,-21.51404800000006,-50.49303317647059,-108.50682261764706,-12.904637205882409,0.00028915695,-0.0007595237,-2.7881248e-05,-21.989153,-20.303862,-28.575022,9.464774,-48.26774,-26.149506,-23.428171,-74.95438,-41.413883,3.0606081,-105.27261,-22.92083,-32.138992,-126.233025,-27.360697,-42.612366,-32.114902,-10.2741375,-42.798244,-69.21484,-20.5165,-51.99708,-107.85937,-10.617079
0.0,0.0,0.0,-21.07906690625,-20.410995625,-28.595261656250045,9.896936656250002,-48.05687521875,-26.44199953125002,-22.11361928125,-74.6992259375,-41.72806075,3.979038406249998,-104.93787931250002,-23.592031625000004,-29.83827825,-126.0497498125,-28.63966565625003,-42.08319953125,-32.19362684375,-11.034201656250048,-41.95232421875,-69.38019212500001,-21.417410968750005,-50.82639115625,-108.45621565625,-12.456474218750031,0.00045591584,-0.0009997521,-0.00016779262,-21.613493,-19.880686,-29.051369,9.877125,-47.604843,-25.216282,-22.193443,-73.71473,-42.184174,3.9184558,-103.69283,-23.464489,-31.316612,-125.34192,-29.964848,-42.7174,-31.843742,-10.604327,-42.47117,-68.544914,-21.33412,-51.54884,-107.4374,-12.477129
0.0,0.0,0.0,-21.20803044117647,-20.291733852941178,-28.652606617647052,10.074695323529413,-47.7772484117647,-26.714149764705837,-22.00447876470588,-74.57921126470589,-42.126153382352925,4.414767441176471,-104.90996667647059,-24.062341970588193,-29.474189,-126.1641629117647,-29.00936891176474,-42.075680794117645,-32.33013238235294,-11.10374173529408,-41.767249941176466,-69.45829,-21.72474755882348,-50.45634576470588,-108.58481229411764,-12.811916470588244,6.7338115e-05,-0.00043659148,-0.0001127142,-23.00098,-20.052853,-28.564962,9.22636,-48.13699,-26.429747,-24.715006,-74.85232,-41.5605,2.8472545,-105.43359,-23.104128,-33.40457,-126.47527,-27.002384,-43.15994,-32.15051,-9.729186,-43.504772,-69.10323,-19.985518,-52.563255,-107.66243,-9.673461
0.0,0.0,0.0,-21.44877223529412,-20.19845664705883,-28.77566529411763,10.058017352941178,-47.96367355882354,-26.983672176470577,-22.570504852941177,-74.81888170588236,-42.37292394117651,3.8592150294117626,-105.5671834411765,-23.938742999999988,-30.576437970588234,-126.52512052941177,-28.492740382352963,-42.23766644117647,-32.31879000000001,-11.251077911764696,-42.13040914705883,-69.42155882352941,-21.9403094117647,-51.227245999999994,-108.35409767647059,-12.533845764705916,0.00023175313,-0.00067167066,-7.282238e-05,-22.22971,-20.140423,-28.57785,9.35717,-48.07353,-26.088558,-23.643692,-74.62066,-41.527317,3.057483,-104.93258,-23.179478,-32.358883,-126.01445,-27.78338,-42.79527,-32.021763,-10.0974655,-42.989475,-69.01042,-20.43625,-52.089306,-107.70337,-10.67678
0.0,0.0,0.0,-21.612181029411765,-20.27746252941176,-28.829564676470568,10.059535558823523,-48.12991132352941,-26.99229699999995,-22.843750205882355,-75.10091355882352,-42.297137088235274,3.6699269999999995,-105.97678908823528,-23.551169794117584,-31.064449323529413,-126.85349570588235,-27.814985382352916,-42.34992679411765,-32.40244808823529,-11.216869647058786,-42.297308294117656,-69.52848152941175,-21.761594000000002,-51.54036276470589,-108.33105402941175,-12.010873205882376,-0.00019873284,-0.00022188466,2.7063634e-05,-22.269386,-20.938477,-27.329838,8.353881,-48.74956,-25.97528,-24.08434,-75.409515,-39.223938,2.419809,-105.16301,-22.0882,-31.5023,-126.1027,-25.192278,-42.492035,-32.16061,-8.66484,-43.01705,-69.58575,-18.272375,-51.58177,-108.34781,-8.132296
0.0,0.0,0.0,-21.773351750000003,-20.29906834375,-28.929757031250006,10.11687425,-48.19734025,-27.079879625000046,-23.041732,-75.29887762499999,-42.336300812499985,3.6061644687500003,-106.2977891875,-23.38126271875001,-31.413801999999997,-127.14141681250001,-27.40764990625007,-42.44212634375,-32.5011574375,-11.232784187500044,-42.4019561875,-69.60753953125001,-21.69778337500003,-51.7284461875,-108.30923425,-11.688754843750075,0.00046754224,-0.0010102898,-0.0001762405,-21.282341,-20.020138,-28.952576,9.6391945,-47.83161,-24.792553,-21.96898,-73.83231,-41.623436,3.4442852,-103.610085,-22.820799,-31.50547,-125.17535,-29.344683,-42.640236,-31.646664,-10.514041,-42.513523,-68.423836,-21.002056,-51.792492,-107.221886,-11.992278
0.0,0.0,0.0,-22.191308088235296,-20.015649176470596,-29.318609735294103,10.339464029411765,-47.92074841176471,-27.253946647058797,-23.377528529411762,-75.01782694117647,-43.18763376470588,3.8146322941176436,-106.2504025,-23.83256258823525,-32.05749552941177,-127.23078976470589,-28.138661941176508,-42.80679261764706,-32.56417352941177,-11.453251499999965,-42.70505311764706,-69.3996980882353,-22.1702029411764,-52.073147999999996,-108.03261358823531,-12.142307058823462,0.00044097423,-0.0010158246,-2.7020538e-05,-21.956547,-19.615053,-29.41459,10.148569,-47.62291,-26.31919,-23.047255,-74.22629,-43.153618,3.6116312,-104.9861,-23.94063,-32.587734,-126.15868,-29.414318,-42.800434,-31.975975,-11.271355,-42.70438,-68.7552,-22.113197,-52.212368,-107.434166,-12.473345
0.0,0.0,0.0,-22.340063088235297,-20.261292117647056,-29.38442200000003,10.150343411764704,-48.48421605882353,-26.81996705882358,-23.918035588235295,-75.60827520588235,-42.46464099999997,3.0728019999999994,-106.81313147058823,-22.54112255882353,-33.28910726470588,-127.59239764705882,-26.52500020588235,-43.03195305882353,-32.50890911764706,-11.26709085294118,-43.2055285,-69.44458958823529,-21.54385567647057,-52.9686325,-107.75566264705881,-10.738807264705883,0.00016968182,-0.000802738,-0.0002558362,-21.7324,-19.502275,-29.754654,10.184149,-47.869556,-24.245352,-22.22001,-73.55328,-42.54103,3.5771806,-103.81876,-22.130714,-32.985966,-125.52586,-29.763525,-43.18895,-31.539917,-10.974256,-42.942726,-68.006546,-21.666424,-52.75191,-106.54473,-12.272718
0.0,0.0,0.0,-22.3456744375,-19.961355781250003,-29.509815281249985,10.373190874999997,-47.934686250000006,-27.017636343749984,-23.5475725,-74.96146803125,-43.22225093749995,3.770805375,-106.15588375,-23.58725928125,-32.5542090625,-127.23280896875,-28.11980540625001,-43.01729184375,-32.49740084375,-11.46605199999999,-42.93960303125,-69.25641493750001,-22.17826468749996,-52.38476471875,-107.80232840625,-11.949408562499968,0.00037996695,-0.00093167403,-0.00023646512,-22.557377,-18.779776,-29.613443,10.285681,-46.204597,-25.782455,-22.429153,-71.776794,-44.384087,5.251138,-102.123955,-26.218317,-30.95737,-124.37401,-34.184017,-43.329693,-31.760944,-10.841437,-42.599957,-67.80554,-22.765427,-50.972992,-107.16023,-15.306315
0.0,0.0,0.0,-22.245712588235293,-19.84408067647059,-29.647387264705912,10.501492676470592,-47.56341902941176,-26.5763746470588,-23.098720058823528,-74.35062573529413,-43.45858491176472,4.458454647058824,-105.18358891176472,-23.97465426470592,-31.813495264705878,-126.69963976470588,-29.44164305882356,-43.05670085294118,-32.393102441176474,-11.490310617647083,-42.768988382352944,-69.04019435294117,-22.31121823529412,-51.84120467647059,-107.77988447058823,-12.703082794117677,0.0005000052,-0.0010543399,-0.00022204364,-22.0077,-19.619099,-29.497904,10.293598,-47.514957,-25.30791,-22.519733,-73.70298,-42.93999,4.197887,-104.044876,-23.523005,-32.05884,-125.80379,-30.245806,-43.00369,-31.9554,-10.892645,-42.662956,-68.50937,-21.78784,-51.90744,-107.31118,-12.657276
0.0,0.0,0.0,-22.22149467647059,-19.687533382352942,-29.732708264705877,10.464037264705881,-47.43956426470588,-26.566418882352934,-23.11886317647059,-74.0202289117647,-43.66929911764714,4.409818676470589,-104.86167779411765,-24.2933107941177,-31.89948155882353,-126.34791194117646,-30.14027944117646,-43.099014970588236,-32.23863064705883,-11.600959323529423,-42.852828617647056,-68.81875326470589,-22.49385879411767,-51.94151314705882,-107.59947561764707,-13.233538647058879,0.00036013624,-0.0007836957,-0.00021961257,-23.87018,-18.44734,-29.73673,10.566968,-45.846558,-27.33598,-24.22509,-72.07133,-45.54251,5.540212,-103.22878,-27.560808,-32.227554,-125.311195,-33.95187,-43.7513,-32.263126,-10.805148,-43.08521,-68.215096,-23.006979,-51.20663,-107.46823,-14.878202
0.0,0.0,0.0,-22.1568890625,-19.615902999999996,-29.795793562500023,10.511058687499997,-47.3388839375,-26.499219906250005,-23.000256781250002,-73.82925878124999,-43.82329934375002,4.5166130312499995,-104.62452184374999,-24.463159562499982,-31.819081968749998,-126.16338940624999,-30.579170281250015,-43.091244468750006,-32.17732840625,-11.674733093749978,-42.80886515625,-68.720285625,-22.644310843749963,-51.87754215625,-107.53231984375,-13.514470125000003,0.00036731115,-0.0009106122,-0.0002363464,-21.917122,-19.16208,-29.191126,9.934766,-46.442123,-25.216629,-21.715929,-71.894966,-43.31656,4.9932275,-101.71168,-25.549255,-30.105434,-123.977806,-33.566437,-42.98119,-31.626627,-10.522111,-42.297173,-67.82944,-22.131083,-50.60645,-107.22722,-14.829322
0.0,0.0,0.0,-22.11920811764706,-19.622802029411766,-29.81392973529421,10.526121235294116,-47.24106011764706,-26.279756352941206,-22.851127411764708,-73.63293182352942,-43.810250470588244,4.7468485588235305,-104.25794738235294,-24.51728352941177,-31.548841705882353,-125.96940811764705,-30.973007147058865,-43.10568685294117,-32.14244194117647,-11.632488411764712,-42.76727014705882,-68.65756935294118,-22.603638323529424,-51.67132447058823,-107.54826341176471,-13.6836294705883,-7.043609e-05,-0.00063729566,-0.00010077549,-22.969614,-18.047455,-30.178484,9.831947,-46.281517,-26.280674,-23.814915,-71.407455,-45.37193,3.5899098,-102.65728,-26.606213,-33.838932,-124.20364,-34.55757,-43.966003,-31.02306,-11.570514,-43.804573,-67.01457,-23.649708,-53.14199,-106.25012,-15.752139
0.0,0.0,0.0,-22.052726411764706,-19.259498588235303,-29.88817023529407,10.764048558823534,-46.55692702941177,-26.543369147058797,-22.316477529411763,-72.79623947058823,-44.56650688235294,5.586917352941176,-103.35891441176472,-25.876750411764647,-30.449181823529415,-125.36695785294117,-32.95275620588228,-43.00030335294118,-32.112321441176476,-11.84587473529416,-42.34944314705882,-68.42628555882354,-23.309778588235304,-50.81920994117647,-107.60597102941176,-15.264969823529384,0.0003894148,-0.00091091753,-0.00020794747,-22.831976,-18.686108,-29.411846,10.098971,-45.864788,-26.247997,-22.701927,-71.38384,-44.598827,5.4356446,-101.69956,-27.258362,-30.511982,-123.9738,-35.06193,-43.373,-31.802809,-10.605706,-42.619324,-67.78518,-22.786863,-50.574272,-107.34072,-15.844644
0.0,0.0,0.0,-22.0769715625,-19.681394124999997,-29.84984390624993,10.518064843749997,-47.23960996875,-26.071349062499962,-22.75410684375,-73.52266043750001,-43.71143912499997,4.877039656249999,-103.97745775000001,-24.49441243749999,-31.3779065625,-125.81375396874999,-31.238599687499914,-43.11566353125,-32.1197455625,-11.598176062499988,-42.74597778125,-68.63060321875,-22.516747343749955,-51.550007812500006,-107.5787388125,-13.763785312499976,0.00035123815,-0.00084923534,-0.00011487013,-23.311388,-18.548883,-29.434563,10.232067,-45.698368,-27.151676,-23.40526,-71.553406,-45.176777,5.5977283,-102.25486,-28.035498,-30.815142,-124.348274,-35.0363,-43.43386,-32.056885,-10.7022705,-42.69178,-68.04397,-23.055126,-50.512,-107.57263,-15.885046
0.0,0.0,0.0,-21.998991205882355,-19.294861852941175,-29.912448676470603,10.766029441176471,-46.514168235294115,-26.362580294117606,-22.20680594117647,-72.67118958823528,-44.508526941176456,5.737312529411764,-103.07231232352942,-25.872335117647026,-30.249751264705885,-125.19072685294117,-33.206483735294114,-42.99650917647059,-32.087521352941174,-11.809468941176476,-42.31238582352941,-68.40503423529411,-23.27126452941178,-50.65938567647059,-107.61797005882354,-15.34465123529418,0.00023364779,-0.00077447004,-0.00032184683,-24.309889,-17.832363,-30.439716,10.9941225,-45.36458,-27.182728,-24.230074,-71.07748,-46.89573,6.116279,-102.50537,-28.394272,-32.615036,-124.86013,-36.243034,-44.229027,-32.178677,-11.212826,-43.285465,-67.70348,-24.013815,-51.37928,-107.029366,-16.513641
0.0,0.0,0.0,-22.080365843750002,-19.383379906249996,-29.950790406250007,10.698400843749997,-46.759377375,-26.195042687500006,-22.48757759375,-72.92417209375,-44.32657253124995,5.397449093749999,-103.38221396875,-25.343190218749953,-30.87772821875,-125.40499246875,-32.56966006250002,-43.09755078124999,-32.065214999999995,-11.744030031249963,-42.534055156250005,-68.43372421875,-23.000565468749983,-51.11137875,-107.52160359374999,-14.77582268750001,0.0002468782,-0.0007293384,-0.00035694812,-24.281454,-18.146496,-30.284355,10.967484,-45.767513,-26.901983,-24.382597,-71.74249,-46.174984,5.8517804,-103.0704,-27.298359,-33.026356,-125.35399,-34.547363,-44.173073,-32.295002,-10.963549,-43.344624,-67.95267,-23.331957,-51.601677,-107.022125,-15.135003
0.0,0.0,0.0,-22.340159794117646,-19.400614588235293,-29.99915188235292,10.656255970588237,-46.98549164705882,-26.27416276470592,-22.97104011764706,-73.28681914705882,-44.24862767647062,4.995450499999998,-103.97026352941175,-24.848047676470628,-31.750037,-125.81816726470588,-31.687393176470664,-43.253012,-32.10893582352941,-11.711331588235339,-42.82317885294117,-68.50028255882353,-22.794886911764763,-51.67642361764706,-107.39350397058823,-14.068053352941206,0.00015176926,-0.00058204215,-0.00025866696,-21.8736,-19.885729,-28.663633,8.830302,-47.859177,-24.494665,-22.960226,-73.51191,-40.95088,2.5243385,-103.17167,-22.521914,-32.728214,-124.724945,-28.782541,-43.09976,-31.28334,-9.6946945,-43.326054,-67.98552,-19.963486,-52.571487,-106.713646,-10.765058
0.0,0.0,0.0,-22.5198381875,-19.601500124999998,-30.054099781249988,10.600440437499998,-47.433794156249995,-26.151289656249958,-23.421356499999998,-73.97546509374999,-43.83086481250001,4.45316653125,-104.78482465625,-23.857399875,-32.78391671875,-126.43141096874999,-30.12498368749999,-43.384930812499995,-32.191497343749994,-11.637916312499954,-43.12915934375,-68.6658655,-22.428205312499983,-52.35420146875,-107.291119625,-12.859800281249989,6.7803136e-05,-0.0005221085,-0.0003113828,-24.299286,-17.870947,-29.678982,10.147719,-45.019203,-26.769564,-24.10552,-70.17253,-45.95343,5.9208417,-100.93666,-28.962759,-31.593115,-123.56519,-37.163662,-44.215824,-31.85,-10.186823,-43.36121,-67.32039,-23.062983,-50.834927,-107.03281,-16.595135
0.0,0.0,0.0,-23.082159125,-19.230561812499996,-30.36854653124999,10.933374843750002,-46.882438625,-26.750773374999994,-23.654932187500002,-73.53441968749999,-45.06384078125001,5.108559281250001,-104.75511731249999,-24.937536218749983,-32.775521062500005,-126.60907856249999,-31.29143903124998,-43.58875809375,-32.414896281249995,-11.849697062500013,-43.049658156250004,-68.662277,-23.069504687499943,-52.084920249999996,-107.3152784375,-13.831130906249996,1.4513382e-05,-0.00039629752,-0.0003141758,-24.408382,-18.203518,-29.434504,9.907147,-45.521927,-26.754568,-24.753466,-71.05272,-45.100914,5.186085,-101.84753,-27.843523,-32.63098,-124.12771,-34.82562,-44.21622,-31.903883,-9.888221,-43.66996,-67.5758,-22.203873,-51.418552,-106.90731,-14.73948
0.0,0.0,0.0,-23.313742852941175,-19.364637676470586,-30.461347794117614,10.84036711764706,-47.322077735294116,-26.595142205882325,-24.22796176470588,-74.09767929411765,-44.71352982352937,4.461156235294119,-105.47827273529411,-23.98442794117642,-34.025603852941174,-127.083696,-29.887321970588232,-43.78800497058823,-32.43441341176471,-11.76902244117656,-43.46708855882353,-68.73243852941178,-22.700833588235298,-52.927978264705885,-107.07527914705882,-12.710512147058864,6.561786e-05,-0.00051326014,-0.0003214645,-23.660677,-18.501083,-29.619179,9.961813,-46.134815,-26.106264,-24.050936,-71.67483,-44.562798,4.695831,-102.36827,-26.409742,-32.786278,-124.52818,-33.72402,-43.965137,-31.748457,-10.3021345,-43.51989,-67.63989,-22.20303,-51.895145,-106.821815,-14.254068
0.0,0.0,0.0,-23.51746653125,-19.144194749999997,-30.590434999999957,11.0221063125,-46.95099168749999,-26.866932937499996,-24.21140084375,-73.69152565625,-45.47860534375002,4.916553468749999,-105.23010400000001,-24.735120812499986,-33.7810569375,-126.988901625,-30.884895374999985,-43.8383023125,-32.50996628125,-11.919041718750009,-43.351900031250004,-68.6765273125,-23.15819459375001,-52.63404025,-107.0965001875,-13.470947281250005,-0.0003120671,-5.1424788e-05,-0.00035054336,-22.952635,-19.477297,-28.789791,8.412423,-47.828068,-24.420021,-24.576105,-73.18321,-41.06508,1.6978027,-103.173294,-22.331945,-34.99822,-124.608696,-28.374731,-43.873318,-31.043407,-9.205158,-44.440605,-67.51239,-19.408129,-53.876858,-105.97712,-9.7036295
0.0,0.0,0.0,-23.91449890625,-19.06599621875,-30.810942593750042,11.1150358125,-46.959056625,-26.904971187500053,-24.63574653125,-73.77627196875,-45.76616665625005,4.866806468749999,-105.52959362499999,-24.628230156250083,-34.4941500625,-127.26547965625,-30.66559321875002,-44.045096,-32.595794312500004,-11.967883125000014,-43.56655434375,-68.6867909375,-23.27045059375007,-52.97132206250001,-106.97311603125,-13.269410218750068,-0.0003725732,-4.836297e-05,-0.00029226748,-22.307701,-19.495451,-28.777351,8.237037,-47.910934,-23.873089,-23.870665,-72.91531,-40.74288,1.3256418,-102.65082,-21.96138,-34.737602,-123.97409,-28.65832,-43.682053,-30.70814,-9.415732,-44.286438,-67.19815,-19.55812,-53.968937,-105.64722,-10.171165
0.0,0.0,0.0,-23.34774003125,-19.158841250000002,-30.528143,10.996699843750003,-46.889592468749996,-26.687192062500003,-23.977846,-73.47773078125,-45.33653281249997,5.080736218749999,-104.8119683125,-24.871797812500063,-33.33351525,-126.62985499999999,-31.343222781250006,-43.69440953125,-32.412473375,-11.878733843750013,-43.1779235,-68.6144108125,-23.11445815625001,-52.306025875,-107.15041643749998,-13.727640375000078,-9.8623015e-05,-0.00030722594,-0.00036154335,-24.058521,-18.525608,-29.72525,9.926485,-46.485687,-26.160093,-24.914322,-72.277115,-44.389088,4.1111255,-103.267746,-25.583952,-34.323055,-125.20957,-32.110046,-44.213215,-31.791872,-10.216874,-44.00923,-67.74254,-21.781101,-52.763893,-106.5815,-12.82863
0.0,0.0,0.0,-22.10445505882353,-19.369040647058824,-29.919490176470674,10.781670794117646,-46.61343338235294,-26.372978558823604,-22.34533108823529,-72.72807073529411,-44.483317500000055,5.737701647058824,-103.14752002941177,-25.875973823529478,-30.441323500000003,-125.16307808823528,-33.29292473529409,-42.90206502941177,-32.125909529411764,-11.766071882353003,-42.22828867647059,-68.48058138235294,-23.216815676470674,-50.615228117647064,-107.6656443235294,-15.222957764705939,-5.67964e-05,-0.0005538749,-9.116404e-05,-21.484474,-18.298325,-28.94064,8.636156,-45.53976,-25.234932,-21.451237,-69.646866,-43.62097,3.8455632,-99.16565,-27.657492,-29.874268,-121.161415,-36.95133,-43.123787,-30.357199,-10.565022,-42.706734,-66.31789,-22.812374,-50.8489,-106.21146,-17.335196
0.0,0.0,0.0,-20.952600625000002,-19.849806749999992,-29.295948031250077,10.30563503125,-46.797555687499994,-25.858346937500073,-21.18971378125,-72.54673915625,-43.21919528125005,5.597018624999999,-102.09442009374999,-25.894835468750045,-28.547297874999998,-124.00014415624999,-33.66401006250004,-42.25845859375001,-31.831368124999994,-11.509964812500016,-41.67609596875,-68.46787540624999,-22.70310581250004,-49.67131806249999,-107.97259396874999,-15.615404062500033,6.02754e-05,-0.00068505027,-0.00024997507,-23.575535,-17.983124,-30.184723,10.413628,-45.63771,-26.303045,-23.500349,-70.80317,-45.947403,5.385223,-101.765175,-27.622972,-32.220634,-124.09575,-36.26337,-44.065327,-31.626324,-11.078561,-43.306595,-67.28434,-23.653748,-51.644207,-106.77403,-16.592592
0.0,0.0,0.0,-18.872011,-20.245643781250003,-27.55865084375,9.032744843750002,-46.5154269375,-24.786566593749967,-18.76968284375,-71.157274,-40.790594968749986,5.35994575,-98.88937709375001,-26.50288953124999,-24.331071625,-120.48734478124999,-35.14341156249998,-41.03944571875,-30.934646031250004,-10.546464781249995,-40.450480625,-67.9185439375,-21.582381093749973,-47.331743437499995,-108.00843184375,-17.079055625000024,1.1083059e-05,-0.0005451413,-0.00014296368,-22.282879,-18.498274,-29.105639,8.928985,-45.931408,-25.454723,-22.564787,-70.54279,-43.68141,3.8110144,-100.46495,-26.924238,-31.176895,-122.42624,-35.426342,-43.451145,-30.8091,-10.353197,-43.165466,-66.81635,-22.34361,-51.505955,-106.433136,-15.911892
0.0,0.0,0.0,-18.08081140625,-20.92687240625,-26.46619812499995,7.800938531250001,-47.432846624999996,-23.54385665625,-18.5508770625,-71.69233787499999,-38.07240584374995,3.586322656250001,-98.6208466875,-24.383325687499962,-24.4833846875,-119.75743465625,-32.5446320937499,-40.6831434375,-30.35755965625,-9.635917781249987,-40.69158784375001,-67.80438359375,-19.623953937500005,-47.898386968749996,-107.75899456249999,-14.933291624999924,8.845792e-05,-0.0006509988,-0.00018208749,-22.174044,-18.438692,-29.181406,9.227467,-45.683964,-25.352955,-21.985287,-70.19144,-43.977646,4.5528207,-99.96949,-27.299215,-30.18797,-122.19606,-36.414406,-43.355198,-30.941534,-10.429526,-42.773598,-66.82947,-22.6733,-50.81754,-106.590935,-16.7403
0.0,0.0,0.0,-17.092562882352944,-20.828775941176467,-25.719632352941233,7.195742499999999,-46.881929382352936,-23.318242676470618,-17.164109529411764,-70.52923876470588,-37.4147609117648,3.4832543235294127,-96.67618723529411,-25.55695747058826,-22.548904470588234,-117.66669294117646,-34.085141470588326,-40.0074234117647,-29.864540823529406,-9.394274617647113,-39.87682105882353,-67.29674891176471,-19.69412955882359,-46.54804267647058,-107.40440579411764,-16.485942235294203,0.0002543177,-0.00078176765,-6.881499e-05,-19.965376,-19.139164,-27.32042,8.032193,-45.071163,-24.712534,-19.136242,-69.01321,-41.419243,4.756021,-96.80014,-28.276329,-25.239208,-118.886314,-37.237583,-41.67692,-30.526184,-9.330222,-40.791096,-66.651924,-21.421118,-47.338245,-106.69076,-17.625074
0.0,0.0,0.0,-15.707809000000001,-21.27824770588235,-24.12397858823533,5.364766529411765,-47.15685405882353,-21.928483852941156,-16.164852264705882,-70.0039758235294,-34.41397735294123,1.19582144117647,-95.23616658823528,-24.340284529411804,-22.107624705882355,-115.60058147058824,-32.36974923529414,-39.15134805882354,-28.781747911764704,-8.4247957941177,-39.62182173529411,-66.60677855882352,-17.96419850000001,-46.57051735294118,-106.56250344117647,-15.253681000000029,0.00042785602,-0.00095933536,7.206545e-05,-17.202791,-19.632792,-25.257582,6.0709686,-44.721252,-23.141798,-16.220768,-67.40164,-38.05166,3.3553193,-93.09383,-28.220911,-21.500372,-114.58148,-37.578083,-40.033665,-29.172806,-8.240421,-39.344444,-65.64184,-19.8643,-45.128487,-105.78778,-18.380312
0.0,0.0,0.0,-14.942097718749999,-21.062801249999996,-23.788993875000017,5.019674156250002,-46.79635309375,-22.010008781250008,-15.30768075,-69.460528125,-34.229492093750025,0.8301517812500006,-94.56250346875001,-24.978828375000035,-21.432917906249997,-114.8166513125,-32.84820915625005,-38.57001815625,-28.387973499999998,-8.544569843750025,-39.023288750000006,-66.26833884375,-18.2591656875,-46.03429065624999,-106.22871615624999,-15.946805812500031,0.0004252911,-0.0008616422,4.8802474e-05,-16.548014,-20.21826,-24.511421,4.968581,-45.588913,-22.39658,-16.353455,-68.16918,-35.962437,1.4701782,-93.542694,-26.40244,-22.27058,-114.51916,-34.91203,-39.76106,-28.662569,-7.758466,-39.732323,-65.61376,-18.38532,-46.094677,-105.60244,-16.227688
0.0,0.0,0.0,-14.517598500000002,-21.1587548125,-23.312560062499983,4.52678809375,-46.82039490625,-21.66160390624998,-15.0898868125,-69.40996325,-33.39640237499998,0.17741584374999952,-94.31291737500001,-24.53989312500005,-21.4212799375,-114.51209953125002,-32.005418906249986,-38.23334003125,-28.113273874999997,-8.253279812499954,-38.8593778125,-66.15754609375,-17.653005718749966,-45.994038312499995,-106.05910709374999,-15.167587249999997,0.00059310824,-0.0011290342,0.00012287902,-15.881445,-20.114946,-24.32732,5.6305237,-44.83485,-22.759949,-14.848488,-67.37734,-36.534958,3.2117212,-92.280426,-27.98236,-19.385826,-113.452576,-36.91448,-39.00873,-29.01223,-7.937939,-38.26556,-65.84,-19.121216,-43.586784,-106.03141,-18.17113
0.0,0.0,0.0,-14.498544352941177,-21.123546029411763,-23.317316352941134,4.4985389705882355,-46.757116205882355,-21.61718747058825,-15.040329029411762,-69.31787535294117,-33.421109323529436,0.1719237941176477,-94.21439635294118,-24.571622029411742,-21.40468382352941,-114.44687370588235,-32.09814099999994,-38.28585097058824,-28.08356011764706,-8.265128676470567,-38.892248558823525,-66.07351764705882,-17.704702882352933,-46.02731147058823,-105.98746676470589,-15.242403794117592,0.00035239648,-0.00070367544,5.143582e-06,-15.14405,-21.463007,-23.476242,3.8667648,-47.373306,-20.974213,-16.124292,-70.28384,-32.50417,-1.0910572,-95.21338,-22.470407,-23.357332,-115.65992,-29.515614,-39.110027,-28.219427,-7.475986,-40.032257,-66.14538,-16.16603,-47.71151,-105.89144,-12.183964
0.0,0.0,0.0,-14.716123125,-21.109341937499998,-23.60388937500005,4.6884885,-46.8068471875,-21.720507687500003,-15.1773056875,-69.5019653125,-33.697661406250006,0.34644521875000045,-94.55101987500001,-24.470182531249975,-21.68786578125,-114.91034490625,-32.04139318749998,-38.5728536875,-28.23575459375,-8.385039312500055,-39.10267240625,-66.12623328125,-17.88615796875007,-46.315378343750005,-106.0620096875,-15.165164906250027,0.00038615716,-0.0007326006,1.8888222e-05,-15.280737,-21.458794,-23.653246,4.1268616,-47.365913,-21.106989,-16.111357,-70.42191,-32.796288,-0.7209602,-95.45187,-22.54481,-23.287476,-116.032265,-29.589334,-39.17706,-28.415287,-7.544028,-39.966106,-66.3049,-16.316883,-47.587753,-106.081505,-12.195072
0.0,0.0,0.0,-15.076364941176472,-21.129429676470586,-23.96908111764708,4.923457558823532,-46.95165355882353,-21.85744597058823,-15.481691647058824,-69.86651952941176,-34.05745282352939,0.5354529117647067,-95.12789370588234,-24.282835999999975,-22.153493147058825,-115.6151128235294,-31.89346205882356,-38.9195574117647,-28.488311676470587,-8.49453185294118,-39.40195794117647,-66.29571726470589,-18.01550197058822,-46.72058882352941,-106.24670479411763,-14.903378588235341,0.00039440676,-0.0007175462,1.4229696e-05,-15.459707,-21.445854,-23.794888,4.1489677,-47.452797,-21.103197,-16.353394,-70.54905,-32.909447,-0.8280583,-95.702774,-22.390448,-23.734491,-116.32159,-29.463417,-39.352806,-28.43022,-7.588254,-40.194687,-66.300476,-16.345373,-47.970963,-106.071304,-12.03248
0.0,0.0,0.0,-15.37705071875,-21.098395500000002,-24.25372875000005,5.1533961874999985,-46.996377625,-22.010544718749998,-15.725728218750001,-70.0490641875,-34.458773531250074,0.7588934374999994,-95.46439365625,-24.307136375000027,-22.481561156250002,-116.056079125,-31.991146843750016,-39.2030400625,-28.677920312500003,-8.591870187500035,-39.625093625,-66.39545628125,-18.185864437500015,-46.9823175,-106.35129134375,-14.88912962500001,0.00044050635,-0.0008747787,1.46563725e-05,-14.521571,-21.358875,-23.150991,3.9649296,-46.908787,-20.998339,-15.145495,-69.54155,-32.48685,-0.4526072,-94.066246,-23.320484,-21.625235,-114.34536,-30.653027,-38.54441,-28.116789,-7.5398126,-39.1778,-65.989334,-16.48895,-46.2409,-105.742485,-13.496221
0.0,0.0,0.0,-15.6844060625,-21.07733865625,-24.542980218750017,5.3794085625,-47.03562909375,-22.140649749999966,-15.989002625000001,-70.2276099375,-34.862128312499976,0.9828473750000004,-95.79970281249999,-24.27357584374994,-22.79721221875,-116.47898187500002,-32.06710628124995,-39.476728249999994,-28.85922915625,-8.700675093749965,-39.835474125000005,-66.5042070625,-18.31076521875002,-47.223017125,-106.4640780625,-14.843628906249933,0.00037689044,-0.00072584976,5.9704653e-06,-15.266806,-21.402727,-23.610281,3.9593909,-47.337822,-21.041782,-16.198948,-70.25364,-32.736195,-0.97965175,-95.262184,-22.576796,-23.460583,-115.73798,-29.716736,-39.204933,-28.255205,-7.541639,-40.087303,-66.12543,-16.319368,-47.765095,-105.869965,-12.336828
0.0,0.0,0.0,-15.950861676470588,-21.05610147058824,-24.79771514705874,5.585807617647059,-47.07546435294118,-22.25444394117642,-16.223339352941174,-70.39912452941176,-35.21270038235292,1.1601805588235292,-96.12109094117646,-24.243001558823494,-23.101293264705884,-116.89706997058826,-32.09022435294111,-39.71225085294118,-29.015182323529416,-8.8025638823529,-40.01902294117647,-66.5907017647059,-18.443459117647024,-47.45309670588236,-106.55210305882353,-14.772914323529335,0.00038771544,-0.0007631646,8.261148e-06,-15.024395,-21.417725,-23.463654,3.9883702,-47.23234,-21.012522,-15.844465,-70.08847,-32.629093,-0.7786258,-94.94708,-22.751959,-22.85152,-115.38989,-29.93393,-38.99125,-28.2446,-7.534037,-39.78303,-66.13008,-16.341866,-47.270206,-105.893326,-12.623496
0.0,0.0,0.0,-16.183142375,-21.0396765625,-25.051638499999967,5.773579531249999,-47.102998312500006,-22.381860687499966,-16.42348996875,-70.54562175000001,-35.517965218749964,1.3432639062500007,-96.40530346875,-24.236234562499988,-23.34121884375,-117.22950003125001,-32.15602693749997,-39.90723875,-29.15878303125,-8.918401749999987,-40.16635528125,-66.6722151875,-18.591042437499993,-47.62795340624999,-106.64245884374999,-14.765746187499985,0.00042782907,-0.00071629544,2.1204349e-05,-15.8549595,-21.431057,-24.115412,4.3751774,-47.568394,-21.230906,-16.724466,-70.87068,-33.272076,-0.68234783,-96.271965,-22.214746,-24.330492,-117.05455,-29.235863,-39.64817,-28.62933,-7.6466722,-40.459064,-66.44847,-16.433458,-48.383198,-106.21597,-11.684985
0.0,0.0,0.0,-16.438812088235295,-21.039849970588232,-25.264176205882222,5.965072441176471,-47.15067152941177,-22.46694485294114,-16.662539823529414,-70.70897344117647,-35.802512588235174,1.5014728235294115,-96.68899473529412,-24.188175823529377,-23.602469382352943,-117.58470517647059,-32.18425076470584,-40.10858897058824,-29.311337176470584,-9.001646941176432,-40.32759432352941,-66.76746355882352,-18.691869323529374,-47.81049102941177,-106.73960814705883,-14.71904338235288,0.0004393606,-0.0007302057,1.879509e-05,-15.826602,-21.4483,-24.110224,4.460873,-47.545227,-21.22639,-16.610613,-70.87939,-33.2826,-0.5102647,-96.252754,-22.231497,-24.131056,-117.07689,-29.258572,-39.604958,-28.69341,-7.6358547,-40.34726,-66.507515,-16.435825,-48.19785,-106.283936,-11.704144
0.0,0.0,0.0,-16.6641805625,-21.0568486875,-25.445266843750005,6.10200096875,-47.26260390625,-22.507620031249985,-16.9321678125,-70.9319900625,-35.989855000000034,1.5810346562500008,-97.040961,-23.965995906249987,-23.97071575,-118.00536971875,-31.958799500000055,-40.286316312500006,-29.430681593750002,-9.062706093750023,-40.50193428125,-66.86385540625,-18.720494375000044,-48.074687062500004,-106.8113426875,-14.48897662500002,0.00047247947,-0.0007925803,9.177133e-06,-16.06576,-21.162666,-24.295563,4.6114917,-47.157383,-21.474133,-16.63523,-70.31812,-33.942158,-0.06681711,-95.74946,-23.058008,-23.870564,-116.56961,-30.449795,-39.706646,-28.687078,-7.7114716,-40.27789,-66.284615,-16.906858,-47.8231,-106.054115,-12.669202
0.0,0.0,0.0,-16.827561125000003,-21.023537625000003,-25.61587725000004,6.248674906249999,-47.28498946875,-22.603189500000042,-17.11362709375,-71.0141858125,-36.22791300000006,1.6880308124999992,-97.21884353125,-23.982945468750017,-24.193057468750002,-118.20201928125002,-32.04925368750003,-40.41548690625001,-29.507181062500003,-9.131962781250024,-40.62154675000001,-66.8951808125,-18.83248150000003,-48.243879468749995,-106.84859925,-14.472633374999987,0.00051076314,-0.0008025528,1.3271016e-05,-16.506603,-21.194572,-24.734676,5.039611,-47.357136,-21.587055,-16.985203,-70.86867,-34.392944,0.2686078,-96.605316,-22.662533,-24.522991,-117.69633,-29.982655,-40.028896,-29.016779,-7.836971,-40.512257,-66.57677,-17.028759,-48.2674,-106.33782,-12.1303005
0.0,0.0,0.0,-16.98102132352941,-20.990496970588232,-25.803224411764745,6.400874352941176,-47.31416197058823,-22.6745621176471,-17.277290617647058,-71.13092170588234,-36.46697899999998,1.774678558823532,-97.45920720588235,-24.003596382352896,-24.437044264705882,-118.46980855882353,-32.06099276470593,-40.53176994117648,-29.591770941176467,-9.22016979411768,-40.72665911764706,-66.94752835294116,-18.960986882352984,-48.416712529411775,-106.88924391176471,-14.435032382352972,0.000454895,-0.00078517233,-1.1674554e-05,-17.324373,-21.09991,-25.468874,5.8422856,-47.518265,-22.060574,-17.699768,-71.52963,-35.486214,0.9887039,-97.85728,-22.49041,-25.45959,-119.18219,-29.677046,-40.487247,-29.550838,-8.138117,-40.799026,-66.993835,-17.515306,-48.731102,-106.655266,-11.798549
0.0,0.0,0.0,-17.1046941875,-20.930083062500003,-25.977572437499987,6.544710343749999,-47.26717984375,-22.79061409374998,-17.36265446875,-71.13568653125,-36.75839409375004,1.9522905625,-97.55520365625,-24.108179874999962,-24.50992978125,-118.608819125,-32.283308999999974,-40.614252875000005,-29.6666456875,-9.317050812499986,-40.76455209375,-66.97616115625,-19.137180375000014,-48.4374020625,-106.92159265625,-14.624754812499987,0.0003437572,-0.0008110347,-6.372524e-06,-19.040655,-20.835016,-26.792816,7.412917,-47.775063,-23.523163,-19.532646,-72.785515,-37.943863,2.2314432,-100.562004,-22.759201,-27.46352,-122.02663,-29.33776,-41.292183,-30.618738,-8.9500065,-41.395294,-67.89967,-18.805367,-49.688255,-107.36392,-11.661198
0.0,0.0,0.0,-17.231643088235295,-20.901708441176467,-26.115378029411772,6.684803647058821,-47.26984782352941,-22.890482235294144,-17.4845495,-71.19391594117647,-36.99386235294122,2.0796904117647053,-97.69311476470587,-24.15232229411771,-24.64608367647059,-118.7877564117647,-32.3870086764706,-40.69549958823529,-29.738931323529407,-9.380083911764757,-40.823782617647055,-67.02019155882353,-19.24106644117643,-48.51120041176472,-106.96399947058822,-14.669898558823604,0.0003269355,-0.0008202079,1.7948685e-05,-19.122183,-20.844904,-26.873722,7.595534,-47.804348,-23.713905,-19.609604,-72.927376,-38.158443,2.4162314,-100.82749,-22.838661,-27.43943,-122.27026,-29.328089,-41.284554,-30.754398,-9.074305,-41.344307,-68.04731,-18.980322,-49.63459,-107.503716,-11.764526
0.0,0.0,0.0,-17.33341703125,-20.85259378125,-26.225026187499964,6.8116622499999995,-47.254921625,-22.94983293749999,-17.57892125,-71.22302781249999,-37.211499312499996,2.1960174375,-97.8026693125,-24.249775843749944,-24.741243437500003,-118.92734253124999,-32.492235218749954,-40.759543562500006,-29.797743812500002,-9.442508718749991,-40.860013875,-67.05608521875,-19.341112218749913,-48.5489491875,-106.99680612499999,-14.749134968749956,0.00031085286,-0.0008973131,7.162575e-05,-19.769794,-20.838722,-27.46817,8.499858,-48.089115,-24.482687,-20.387705,-73.83572,-39.244514,3.0115383,-102.5036,-22.717041,-28.30834,-123.86588,-28.696556,-41.516754,-31.371044,-9.688096,-41.48415,-68.688065,-19.707903,-50.074383,-107.974594,-11.665281
0.0,0.0,0.0,-16.60306884375,-20.911317031249997,-25.562106125000014,6.3352896875,-47.1352640625,-22.64786046874997,-16.841704593750002,-70.781227375,-36.37027443750003,1.8281752187499984,-96.99627328124998,-24.303511593750045,-23.8663325,-117.97565946875,-32.43834303125004,-40.20224131249999,-29.417677875,-9.230508750000013,-40.371136718749995,-66.81737159375,-19.03950018750004,-47.93873709375,-106.78199225,-14.927363406250038,0.00024022153,-0.0006597601,-9.379849e-05,-19.805239,-20.666178,-27.053526,7.432896,-47.844666,-23.643116,-20.571907,-72.95697,-38.280796,1.9658095,-101.0752,-22.540365,-28.934904,-122.57957,-28.888632,-41.79603,-30.66494,-8.817819,-42.073162,-67.83876,-18.656359,-50.59384,-107.14159,-10.976095
0.0,0.0,0.0,-15.134534941176469,-19.391475,-26.403875852941155,7.632828735294118,-46.21104379411764,-25.224519529411737,-14.618451117647059,-71.23352735294118,-39.34353267647049,2.197552676470589,-99.22741311764706,-26.533638470588187,-23.895360294117648,-120.26950152941177,-32.78071135294107,-38.7756889117647,-29.42089488235294,-11.366384117646987,-38.34986311764706,-66.87993061764706,-22.6990581176471,-47.4348589117647,-106.65086291176472,-16.51406497058821,0.00023586399,-0.00062790886,-9.86479e-05,-19.376314,-20.623796,-26.902454,7.0846834,-47.7446,-23.144033,-20.039139,-72.504616,-37.858433,1.6392175,-100.28364,-22.42379,-28.640776,-121.796715,-29.255322,-41.6878,-30.313786,-8.709706,-41.996006,-67.451805,-18.507368,-50.537605,-106.77764,-11.211913
0.0,0.0,0.0,-14.51964878125,-19.171106125,-26.278868687499994,7.740518187500001,-45.933738250000005,-25.582636937499956,-13.650123749999999,-71.11855256250001,-39.51949706250002,2.4192444687499997,-99.23489087499999,-27.02217668749995,-23.05208915625,-120.40596775,-32.8574695625,-38.191037718749996,-29.33100271875,-11.618882281249967,-37.544117906249994,-66.90448709374999,-23.22012131249994,-46.7073780625,-106.72035090624999,-16.987612749999982,0.00021366062,-0.0006046161,-0.00011057015,-19.72784,-20.639814,-26.976208,7.19883,-47.82883,-23.400925,-20.529226,-72.78176,-38.028183,1.6820427,-100.76237,-22.397467,-29.079025,-122.263855,-28.872185,-41.825546,-30.48613,-8.67503,-42.17598,-67.637566,-18.449,-50.738354,-106.9126,-10.834968
0.0,0.0,0.0,-14.051734406249999,-19.891449249999997,-24.93566709375,6.25520278125,-46.210070062499994,-24.029714562499976,-13.689487343749999,-70.18381365625,-36.92213446875007,1.4270102187500004,-96.79468812500001,-26.44572262500003,-21.876185,-117.649155625,-33.06426340625001,-37.93004740625,-28.642542281249998,-10.356245999999999,-37.7841906875,-66.44212134375,-21.117124562500067,-46.128361062500005,-106.39549021875001,-16.749873187500043,0.00038952424,-0.00095600006,3.4341829e-06,-20.16376,-20.641823,-27.84057,8.780051,-48.0029,-24.579596,-20.788052,-73.81696,-39.85598,3.1451514,-102.74259,-22.806244,-29.064655,-124.16439,-28.934387,-41.80852,-31.447515,-9.8877535,-41.748558,-68.61744,-20.041344,-50.48567,-107.79751,-11.802146
0.0,0.0,0.0,-14.06849923529412,-20.275469588235296,-24.364597205882376,5.643419764705883,-46.370387117647056,-23.233884852941173,-13.986799411764704,-69.84260767647059,-35.729574676470634,0.9908193235294123,-95.85075505882354,-25.909642823529396,-21.63577620588235,-116.54972588235294,-32.87687064705881,-37.99713173529412,-28.422640882352944,-9.683402617647062,-38.09363394117648,-66.26405138235295,-20.071228882352955,-46.061109,-106.22016649999999,-16.34090382352946,0.00052942906,-0.0012230199,-4.490004e-05,-21.770365,-18.663774,-28.897219,10.843529,-44.472534,-26.746332,-20.086468,-69.92994,-45.23006,8.3190775,-99.20209,-30.135117,-25.177017,-122.19325,-38.826717,-42.189392,-32.37079,-10.657845,-40.265347,-68.13482,-23.762125,-46.353725,-108.340004,-19.072227
0.0,0.0,0.0,-14.032558781249998,-20.514853062500002,-23.936087562500006,5.21257271875,-46.416582687500004,-22.65404421874996,-14.1369439375,-69.51868078125,-34.920913749999954,0.6626090312499997,-95.0979555625,-25.569040281249954,-21.45078940625,-115.6684150625,-32.824052843749996,-38.004248562499996,-28.223137468750004,-9.239778593749975,-38.276350625000006,-66.07146609375,-19.41799540624993,-46.002229906249994,-106.03829078125,-16.116942562499958,0.0005341157,-0.0010854468,-0.00011176799,-21.79649,-19.501013,-29.285067,10.106353,-47.126747,-25.928398,-22.331776,-73.39596,-43.150677,4.2596726,-103.695496,-24.588379,-31.336773,-125.32183,-30.918623,-42.742386,-31.885376,-11.013577,-42.368694,-68.47108,-22.113794,-51.354958,-107.42887,-13.343951
0.0,0.0,0.0,-13.843422294117646,-20.53222444117647,-23.60265055882354,4.885669647058824,-46.201786705882355,-22.308729264705903,-13.997875088235295,-68.900234,-34.50860061764706,0.5063326176470593,-94.11818611764706,-25.862202323529402,-20.943172588235292,-114.60620970588236,-33.34354091176476,-37.88932,-27.954173558823527,-9.012974558823544,-38.21782170588236,-65.74408179411765,-19.184134147058842,-45.64484455882352,-105.72846544117647,-16.648654794117647,0.00076161814,-0.0012226743,-4.6579917e-06,-17.04763,-20.970655,-25.98313,7.4263353,-46.836483,-22.45771,-16.08512,-71.18903,-36.958794,3.834791,-97.40505,-23.80382,-22.614895,-119.42306,-31.812479,-40.03197,-30.410484,-8.769196,-39.243885,-67.59609,-18.850328,-46.182915,-107.53707,-13.842023
0.0,0.0,0.0,-13.75744115625,-20.527347125,-23.502390937499968,4.8142904999999985,-46.142564093749996,-22.23116971874998,-13.916186281249999,-68.76144640625,-34.40574934374996,0.4607582812499995,-93.90639175,-25.915567406250034,-20.81108171875,-114.384028,-33.41353981249995,-37.8298004375,-27.8786434375,-8.968573624999976,-38.1679536875,-65.66606890624999,-19.139788656249948,-45.55281996875,-105.64826190625,-16.73896124999999,0.00076713425,-0.0012174938,-6.7911424e-06,-17.009817,-20.926552,-25.914822,7.3103623,-46.76331,-22.378223,-16.043612,-71.003334,-36.87537,3.7496436,-97.15118,-23.881657,-22.564213,-119.14085,-31.976631,-40.02923,-30.308239,-8.705602,-39.25758,-67.46626,-18.80379,-46.152187,-107.40864,-13.947825
0.0,0.0,0.0,-13.701776529411767,-20.53502305882353,-23.421504352941156,4.746929911764705,-46.10010532352942,-22.138312941176537,-13.879145352941176,-68.63812514705882,-34.29928335294119,0.4168177941176463,-93.7184869117647,-25.91519270588242,-20.754790235294116,-114.1870823235294,-33.4612525,-37.812692176470584,-27.815821294117647,-8.910668000000044,-38.16694397058823,-65.58254005882354,-19.063616558823583,-45.52361758823529,-105.56454555882354,-16.76288394117654,0.0005629306,-0.001020066,-5.9637387e-06,-17.516653,-20.497131,-26.209368,7.163686,-46.5442,-22.435833,-16.731712,-70.45957,-37.488533,3.369562,-96.92119,-24.249218,-23.693766,-118.784676,-32.798042,-40.503387,-29.992687,-8.839421,-39.898785,-66.92082,-19.222061,-47.01554,-106.78965,-14.554542
0.0,0.0,0.0,-14.795251176470586,-20.695967,-24.599758382352945,5.323796499999999,-46.66431773529412,-22.204227235294127,-14.967958088235296,-70.04254670588236,-34.98000020588239,0.5997305882352935,-95.81110826470588,-24.42461879411769,-22.95824570588236,-116.88809523529413,-31.726611058823494,-39.101912999999996,-28.50966685294118,-9.129167470588186,-39.35819211764706,-66.1122,-18.915500411764697,-47.36151585294117,-106.04637188235293,-14.574140647058869,0.00037189,-0.0008298727,5.4057477e-05,-16.974253,-20.031044,-24.917109,5.2982564,-45.508755,-22.60139,-16.66915,-68.15829,-36.66883,1.8244077,-93.822655,-26.624994,-22.70526,-114.94898,-35.36999,-40.0828,-28.802885,-7.970787,-39.953083,-65.61081,-18.828268,-46.369453,-105.627144,-16.545853
0.0,0.0,0.0,-15.190155593750001,-20.64874146875,-25.034889375000034,5.589632249999999,-46.70195446875,-22.26657884375004,-15.30704515625,-70.246672625,-35.470527812499995,0.8317780312499998,-96.23479778125,-24.264568406249964,-23.540179062500002,-117.50128856250001,-31.771639906250016,-39.519413656249995,-28.69845025,-9.263417406250028,-39.70183478125,-66.17553734375,-19.158257656250044,-47.81584315625,-106.09698190625,-14.46618749999999,0.0003459727,-0.0008085368,5.9033995e-05,-17.251497,-19.947578,-25.170698,5.472764,-45.542496,-22.686432,-16.938828,-68.25862,-37.014465,1.9361678,-94.123985,-26.578232,-23.138508,-115.31661,-35.400173,-40.30746,-28.87651,-8.094101,-40.159595,-65.6222,-19.018328,-46.68019,-105.63187,-16.529383
0.0,0.0,0.0,-15.594740117647058,-20.562241,-25.474511441176446,5.850252411764707,-46.66077105882353,-22.437395794117663,-15.61371205882353,-70.3287774117647,-36.114041441176425,1.0986155294117657,-96.50195070588236,-24.396325382352984,-24.01250017647059,-117.95771114705882,-32.13501150000002,-39.90866661764706,-28.873686764705884,-9.450745441176537,-40.00147167647059,-66.20037982352942,-19.51641202941181,-48.15195617647059,-106.13415717647058,-14.61645770588234,0.0002664496,-0.0007801447,5.634793e-05,-17.819748,-19.532082,-25.741405,6.26035,-44.982864,-23.212402,-17.000822,-67.79112,-38.53722,3.1980917,-93.96681,-27.798529,-22.85533,-115.565636,-37.221943,-40.577526,-29.27392,-8.427088,-39.999016,-65.68804,-20.027636,-46.199738,-105.83424,-17.898499
0.0,0.0,0.0,-16.766736882352944,-20.656099235294118,-26.415179088235277,6.351095588235295,-46.92980105882353,-22.36480161764706,-16.77370688235294,-70.96845520588235,-36.84186220588225,1.5332135294117668,-97.49819714705882,-23.57315061764706,-25.565931588235294,-119.35562573529411,-31.668930852941116,-40.81183482352942,-29.351164852941174,-9.537484500000005,-40.84176055882353,-66.52682011764706,-19.45880479411761,-49.098951088235296,-106.37326373529412,-13.636515764705848,0.00042160854,-0.0008989122,4.445696e-05,-16.418509,-20.027851,-24.373127,4.8446016,-45.2501,-22.505922,-16.17708,-67.595856,-36.13005,1.500445,-92.83845,-27.079397,-21.85912,-113.69164,-35.786327,-39.6234,-28.477278,-7.734242,-39.570927,-65.34083,-18.615726,-45.7255,-105.32327,-17.068542
0.0,0.0,0.0,-17.1155586875,-20.630574875000004,-26.70880887499999,6.53177503125,-46.994854531250006,-22.418571562500006,-17.136322875,-71.125105875,-37.23564059374996,1.6600829062500004,-97.80201793750001,-23.504385062499978,-26.0928223125,-119.72188753124999,-31.73704156249994,-41.04882353125001,-29.481132156250005,-9.644078437499957,-41.058267781249995,-66.60389631250001,-19.58419324999994,-49.39118384375,-106.40745462500001,-13.576347468749987,0.0007047043,-0.0010813439,1.5542097e-05,-16.29852,-21.146055,-25.001175,6.015538,-46.995655,-21.71971,-15.947431,-70.67413,-35.12173,2.041712,-96.298965,-23.26802,-22.693228,-117.72572,-31.063833,-39.732857,-29.516018,-8.155656,-39.52832,-66.91862,-17.721476,-46.619026,-106.792625,-13.253628
0.0,0.0,0.0,-17.36532267647059,-20.29930967647059,-27.132607941176502,6.917445264705883,-46.6411205,-22.862793029411762,-17.181194441176473,-70.7795394117647,-38.30480420588242,2.204550176470587,-97.68898985294118,-24.40424844117649,-26.09411285294118,-119.69362423529412,-33.08988061764717,-41.175366705882354,-29.584131352941178,-9.995413499999984,-41.00052735294117,-66.51620635294117,-20.352266264705975,-49.232950352941174,-106.39143064705883,-14.618491764705936,0.000530394,-0.00089579134,5.1095412e-08,-15.374878,-21.323105,-23.855774,4.6059556,-47.050453,-21.262226,-15.732336,-70.13119,-33.375694,0.2544009,-95.138214,-23.119482,-22.450157,-115.89902,-30.4803,-39.13469,-28.663857,-7.6205053,-39.53935,-66.37879,-16.714947,-46.718002,-106.188805,-12.921012
0.0,0.0,0.0,-17.9760168125,-20.349677656249998,-27.67089659375,7.215823312500001,-46.968199125,-22.88557824999998,-17.957095125,-71.47192634375,-38.63701821874997,2.1473561562500016,-98.81197949999999,-23.503142312500017,-27.54482090625,-121.00066634375,-31.87175562499999,-41.53853453125001,-29.85883903125,-10.094953562499995,-41.43778784375,-66.81490159375,-20.166286500000012,-50.032624687500004,-106.470916375,-13.363072375000002,0.0004419496,-0.0007057114,8.423729e-06,-16.343655,-21.379843,-24.441458,4.662864,-47.608883,-21.39425,-17.115168,-71.14496,-33.705082,-0.3693462,-96.777916,-22.10824,-24.850563,-117.758575,-29.051735,-39.94205,-28.87764,-7.615888,-40.665154,-66.60818,-16.482782,-48.63002,-106.33494,-11.312717
0.0,0.0,0.0,-18.191626352941178,-19.984531,-28.078630323529467,7.691923411764705,-46.50863552941176,-23.38353773529417,-17.804005558823526,-70.97470305882354,-39.82412361764705,2.9833622352941163,-98.57923285294117,-24.669167029411767,-27.15994952941177,-120.97903752941176,-33.45714967647058,-41.57878073529412,-30.025813235294116,-10.475946794117647,-41.183483823529414,-66.78096011764706,-21.070352029411822,-49.522049264705885,-106.57216579411764,-14.649909470588284,0.00037090163,-0.0006266411,-1.279619e-06,-16.652292,-21.354109,-24.452972,4.4349732,-47.696453,-21.470848,-17.655638,-71.27159,-33.641712,-0.7863758,-97.01328,-21.950226,-25.599724,-117.957436,-28.627474,-40.140232,-28.820965,-7.4343786,-41.041225,-66.55583,-16.224707,-49.151955,-106.2124,-10.75285
0.0,0.0,0.0,-18.60009665625,-20.427088875000003,-28.15502828124994,7.480462687499999,-47.4897083125,-22.888076656250007,-18.9126315625,-72.32951590625001,-38.84299746874996,1.8172690000000014,-100.14102334375,-22.391219093749953,-29.418921187500004,-122.35208909375,-30.38740728124992,-41.917347625,-30.085007562500003,-10.187601124999958,-42.00665821875,-67.10041893750001,-19.98019412499997,-51.16490259375,-106.44154581250001,-11.94412693749996,0.00024310176,-0.0005258367,-3.8837603e-05,-17.804733,-21.01045,-25.28344,5.109209,-47.618233,-22.00727,-18.73181,-71.46839,-35.06819,-0.15429193,-97.883,-22.226892,-26.926908,-119.04695,-29.030455,-40.85211,-29.21166,-7.671518,-41.620453,-66.656815,-16.860914,-49.840424,-106.1953,-10.836231
0.0,0.0,0.0,-18.696807794117646,-19.596644323529414,-28.68838144117649,8.367873323529412,-46.2699685882353,-23.946650705882348,-18.022347852941177,-70.94089773529412,-41.0967111470589,3.8101796764705886,-99.03144997058823,-25.309788382352906,-27.517196147058826,-121.77344285294119,-34.16600032352943,-41.74634179411765,-30.36418929411765,-10.90880629411771,-41.078756323529404,-66.96248252941177,-21.87397955882352,-49.38082717647058,-106.73376638235294,-15.14867811764708,0.00018075187,-0.00046984994,-5.8153713e-05,-18.210724,-20.994637,-25.555874,5.3202996,-47.793842,-22.159086,-19.259754,-71.87447,-35.368183,-0.14983064,-98.57354,-21.905504,-27.74047,-119.801895,-28.495651,-41.102158,-29.378975,-7.7340364,-41.923397,-66.81677,-16.887205,-50.36387,-106.26519,-10.307105
0.0,0.0,0.0,-19.375550281250003,-19.77457734375,-29.142148156250016,8.401408625,-47.268993156250005,-23.605270500000017,-19.50125275,-72.33453346875001,-40.72216043750001,2.6438166250000004,-100.91815384375,-23.064003906250036,-30.635297187500004,-123.52904875,-31.068564437500015,-42.272548,-30.43826940625,-10.919367687500028,-42.11435440625,-67.21418865625,-21.139041000000077,-51.467365093750004,-106.3639709375,-12.47259046875007,0.00012696107,-0.00031765594,-6.2470295e-05,-17.75402,-21.57431,-24.1449,3.2347896,-48.44822,-21.484383,-19.95305,-72.30642,-32.38928,-2.9515388,-98.32094,-20.293093,-28.816532,-118.996506,-25.228346,-40.80138,-28.61484,-6.360925,-42.58338,-66.551865,-14.333924,-51.369007,-105.768456,-7.054477
0.0,0.0,0.0,-19.829017470588237,-19.335024058823528,-29.560446352941142,8.93436938235294,-46.935120705882355,-24.02069270588231,-19.724399411764704,-72.04581908823529,-41.85075564705875,3.360710823529412,-101.01522458823528,-23.778505970588185,-30.7941289117647,-123.8698795,-31.966290499999957,-42.44547823529412,-30.623004411764704,-11.247888882352925,-42.07065964705882,-67.22154797058823,-21.851666647058778,-51.29952179411765,-106.39066691176471,-13.214772705882297,5.5161392e-05,-0.00057455874,-1.5370606e-05,-19.580254,-18.92297,-27.18214,7.2132425,-45.255516,-24.005394,-19.155619,-68.47179,-40.756413,3.3684876,-96.16834,-27.648848,-26.181759,-117.906975,-37.189674,-41.87044,-29.642685,-9.330714,-41.425747,-65.79329,-21.239918,-48.509556,-105.83754,-17.676876
0.0,0.0,0.0,-20.406209812500002,-19.62571015625,-29.841050218749956,8.88725359375,-47.86701215625,-23.64811043750001,-21.135090625,-73.34480559375,-41.26093300000002,2.2035743125,-102.63641534375,-21.624937124999974,-33.413824749999996,-125.12840159375,-28.96531484374998,-42.8991646875,-30.68111425,-11.122793249999972,-43.01477262499999,-67.464520125,-21.03853140625,-53.099457062499994,-106.01546340624999,-10.741621937499986,0.00013047305,-0.00029527306,-7.855482e-05,-17.249794,-21.910156,-23.700254,2.8354373,-48.79377,-21.00569,-19.690489,-72.66515,-31.277222,-3.6146207,-98.36456,-19.357454,-28.764328,-118.93837,-23.937115,-40.511322,-28.462528,-6.1312776,-42.50878,-66.63957,-13.592441,-51.510376,-105.79068,-6.032091
0.0,0.0,0.0,-21.817261125,-18.593939937499997,-30.82392875000005,10.28648284375,-47.2446314375,-24.37473862500002,-22.42966471875,-72.8880494375,-43.89146981250002,3.58814978125,-103.2930688125,-22.731993718750005,-34.792856625,-125.98137574999998,-30.365274343750002,-43.558159,-31.084507718749997,-11.874167468749988,-43.359006406249996,-67.40753746875001,-22.560134937500038,-53.4373440625,-105.75262734374999,-11.957740718750017,0.00021528648,-0.00053498417,-4.6741578e-05,-18.356916,-21.020857,-25.870075,5.826032,-47.93545,-22.35658,-19.318182,-72.29328,-35.81256,0.31783694,-99.23887,-21.72801,-27.856077,-120.53197,-28.244497,-41.159126,-29.664778,-8.018527,-41.847412,-67.11368,-17.2128,-50.37461,-106.53485,-10.262389
0.0,0.0,0.0,-22.34374911764706,-18.822380058823526,-31.050927499999943,10.29191811764706,-47.96877526470588,-24.097688617647066,-23.583161647058823,-73.90886232352942,-43.50856023529411,2.744153205882353,-104.54148647058824,-21.046559852941186,-36.866135441176475,-126.89097979411764,-27.93639873529412,-43.955633735294114,-31.180029676470586,-11.79353944117645,-44.10359655882353,-67.61072976470588,-21.954322205882363,-54.816284264705885,-105.39102811764707,-10.1376575882353,-0.00027274474,-0.00015773057,-0.0003506257,-22.86722,-19.518396,-29.171206,8.703475,-48.209446,-24.195194,-24.529623,-73.59793,-41.229927,1.5514785,-103.813614,-21.50162,-35.6043,-125.13081,-27.807764,-43.931942,-31.076736,-9.6100855,-44.513767,-67.58006,-19.70779,-54.40067,-105.842,-9.56176
0.0,0.0,0.0,-22.68088984375,-18.393815375000003,-31.347570406250043,10.805725781249999,-47.4256651875,-24.523346875000016,-23.57058853125,-73.3595716875,-44.711914000000036,3.6645284374999996,-104.3112435625,-22.18214899999998,-36.4674080625,-126.91612300000001,-29.44678778125001,-44.064023625000004,-31.34093809375,-12.119897781250017,-43.91262153125,-67.56134196875,-22.798585875000015,-54.35451359375,-105.4908625,-11.376063312500037,0.00019838067,-0.0004559386,-3.2940177e-05,-17.710825,-21.30465,-25.003508,4.7369094,-48.076023,-21.680521,-19.00815,-72.08162,-34.150326,-0.9172376,-98.4096,-21.149687,-27.594719,-119.5452,-27.394884,-40.831776,-29.128534,-7.3780656,-41.901844,-66.80724,-16.054049,-50.480946,-106.27712,-9.363657
0.0,0.0,0.0,-23.8094530625,-18.340817124999997,-31.825207656249972,11.14362625,-47.759927874999995,-24.720607749999942,-25.07259709375,-74.103021375,-45.28643803125004,3.4403532500000003,-105.61918628125,-21.157225531249992,-38.614590250000006,-127.960935,-27.704905468749985,-44.70915953125001,-31.658288499999998,-12.209376281250002,-44.66753928125,-67.81707290624999,-22.737587812499953,-55.554866375,-105.13155749999999,-10.216966749999983,-5.496153e-05,-0.00027096516,-9.4752e-05,-19.411703,-20.747684,-26.541775,6.127658,-48.21089,-22.388065,-20.78867,-72.72737,-36.556885,-0.053315945,-100.32156,-21.018436,-30.362123,-121.70021,-27.501945,-41.94319,-29.76775,-8.176068,-42.86241,-67.07002,-17.309982,-52.0233,-106.220024,-9.325614
0.0,0.0,0.0,-23.76792144117647,-18.45471441176471,-31.614957029411755,11.140403705882354,-47.65260244117647,-24.878802294117634,-24.955479941176474,-73.98782455882352,-45.219525588235285,3.725903970588235,-105.41777944117646,-21.51918938235292,-37.927264235294125,-127.6854984117647,-28.230924823529392,-44.53432544117647,-31.722309264705885,-12.1043100588235,-44.429303676470596,-67.90903188235293,-22.66703805882355,-55.07466626470589,-105.38663235294118,-10.575503235294093,0.0004286377,-0.0008762458,-2.6336067e-05,-18.334358,-20.812765,-26.566622,7.2156215,-47.496006,-22.891214,-18.402514,-72.11931,-37.478493,2.3985713,-99.331924,-22.844904,-26.259123,-120.97029,-30.141558,-40.992657,-30.32103,-8.864556,-40.907936,-67.53516,-18.745876,-48.94334,-107.127106,-12.299063
0.0,0.0,0.0,-23.5414463125,-18.4618114375,-31.313347875000034,11.19128540625,-47.266839687499996,-25.182102187499993,-24.47836609375,-73.577781625,-45.36267287499999,4.271568750000001,-104.84619178125,-22.556913437499986,-36.601996687500005,-127.0614976875,-29.70250900000002,-44.200366593750005,-31.752726343750002,-12.080161093750007,-43.928112,-67.92293584375,-22.939288250000004,-54.17545525,-105.7352555625,-11.712264062500083,-0.00030071317,3.928908e-06,-2.4699762e-05,-19.122025,-20.749514,-25.915112,4.641179,-48.348568,-22.019466,-21.398836,-72.28373,-35.34315,-2.1884537,-99.582466,-20.806986,-31.472332,-120.50629,-27.051094,-41.99939,-28.855799,-7.7310967,-43.67036,-66.329094,-16.447691,-53.27001,-105.523575,-8.652503
0.0,0.0,0.0,-22.694507125,-19.189173062499997,-30.49929824999998,10.895653781250001,-47.1160105,-25.647912156250015,-23.5073993125,-73.43803903125,-44.50602162499996,4.80903340625,-104.11796812499999,-23.756859937499996,-33.7023095625,-126.02202675,-31.114084437499912,-43.37253640625,-31.89807859375,-11.812154937499997,-43.024258625,-68.25344396875,-22.709773218749945,-52.43235175,-106.71711831249999,-13.061152656249988,-0.00016320375,-0.00013860807,-0.00044734115,-24.201841,-19.385225,-29.203476,9.122137,-47.880135,-25.483463,-26.040442,-74.01453,-42.10388,2.3496373,-104.8156,-22.61054,-36.211624,-126.28825,-27.458282,-44.328487,-31.757181,-9.2977495,-44.820774,-68.17109,-19.605621,-54.180378,-106.44737,-8.870728
0.0,0.0,0.0,-22.376976676470587,-19.44869532352941,-30.22843032352938,10.752970647058822,-47.249538,-25.743614558823538,-23.15737138235294,-73.56004326470588,-44.012990676470565,4.838128941176473,-104.056548,-23.84108961764707,-32.8973960882353,-125.91545847058822,-31.020556352941128,-43.11482188235294,-31.95285126470588,-11.704331264705843,-42.773034941176476,-68.43417532352942,-22.54836497058824,-51.999325029411764,-107.05048373529411,-13.126561794117606,0.00055011874,-0.0011195724,-0.00014512298,-22.47742,-18.974773,-29.921387,10.649625,-46.834297,-26.419706,-23.051054,-73.241974,-44.52166,4.5640264,-104.23257,-25.165298,-32.59953,-125.89133,-31.563917,-43.17153,-32.01116,-11.511881,-42.706295,-68.359184,-22.96994,-51.920143,-107.17852,-13.820156
0.0,0.0,0.0,-22.06369896875,-19.62595215625,-29.951673343749974,10.61979109375,-47.38103325,-25.85614965625001,-22.852343062499997,-73.69119190625,-43.644128781250004,4.730449687499998,-104.08449325000001,-23.89911162499999,-32.3407071875,-125.82344403125,-30.85663793750001,-42.888096687499996,-31.96957525,-11.653841937499976,-42.580496718750005,-68.55922534375,-22.42926678125002,-51.75383171875,-107.26726559375001,-13.165979281250031,-0.00013058544,-0.00037631716,-0.0002567864,-21.85458,-19.674372,-29.109715,8.802262,-48.212334,-23.753862,-23.140451,-73.461105,-40.96786,1.7599002,-103.30422,-21.343142,-34.26138,-124.67199,-28.338684,-43.424892,-30.920925,-9.996437,-43.829567,-67.522995,-20.106329,-53.787327,-105.92622,-10.4648075
0.0,0.0,0.0,-21.408711250000003,-19.922483718749998,-29.45810499999999,10.403892687499999,-47.515064249999995,-26.04368496874997,-22.086091187500003,-73.7680970625,-43.00141315625001,4.7362414375,-103.91919528125,-24.224990718750007,-30.832230843749997,-125.524820625,-30.867894250000006,-42.39535240624999,-31.9911874375,-11.519143968749972,-42.078514031249995,-68.78678343749999,-22.28213015624999,-51.007814875,-107.75157403124999,-13.528526218750017,5.3977856e-05,-0.00066952803,-0.00026344837,-22.67968,-19.173697,-30.286543,10.371365,-48.006763,-25.089684,-23.902298,-74.04672,-43.54596,2.9344108,-105.19917,-22.250484,-35.5017,-126.504906,-28.9584,-43.732014,-31.680708,-11.336281,-43.788483,-68.09434,-22.04652,-54.15575,-106.259766,-11.585113
0.0,0.0,0.0,-21.106560531249997,-19.91098203125,-29.241016375000015,10.3961425625,-47.303129,-26.23373024999995,-21.5691816875,-73.4865749375,-43.002974593750025,5.0784925625,-103.51939390625,-24.868572343749975,-29.7261578125,-125.18043315625,-31.573173625000038,-42.146972437500004,-31.9938153125,-11.511825562500007,-41.69707765625,-68.80915875000001,-22.550999781250027,-50.32476790625,-107.99168231250002,-14.267336875000012,0.00044349974,-0.0010047712,-0.00017977286,-22.812954,-18.843092,-30.036665,10.648891,-46.784737,-26.469957,-23.454866,-73.10538,-44.774765,4.508141,-104.243805,-25.310932,-33.097824,-125.908455,-31.817871,-43.405476,-32.001884,-11.468032,-42.98482,-68.262825,-23.014347,-52.2186,-107.05978,-13.885372
0.0,0.0,0.0,-20.845248088235294,-20.173208352941177,-28.975158647058777,10.19255505882353,-47.59087764705882,-26.144105676470588,-21.45877132352941,-73.79297829411765,-42.37305747058821,4.783602264705882,-103.69956044117646,-24.439917941176418,-29.454120617647057,-125.21752052941177,-30.837236147058775,-41.984599705882346,-31.975405264705884,-11.367192882352867,-41.641435117647056,-68.96966755882353,-22.192150264705845,-50.29340994117648,-108.16302476470588,-13.818593529411658,0.00045649437,-0.0010197618,-0.0001483113,-23.133543,-18.661007,-30.132257,10.845411,-46.52305,-27.04378,-23.783972,-72.991234,-45.400265,4.8400855,-104.38964,-26.097301,-33.109665,-126.03051,-32.350838,-43.475163,-32.167664,-11.613169,-42.971584,-68.356064,-23.40694,-52.037937,-107.20007,-14.340721
0.0,0.0,0.0,-20.184185125,-20.32740909375,-28.389234437500022,9.99537575,-47.436930718750006,-26.39302918750002,-20.59341440625,-73.5217626875,-41.99022853125001,5.066095687500001,-103.1459453125,-25.206148999999982,-27.486683906250004,-124.59708746875,-31.420258468750035,-41.41996778125,-31.938142375,-11.263910218750027,-40.931240687499994,-69.143001625,-22.174680593750054,-49.1209715625,-108.6511204375,-14.732537218750053,0.00014354891,-0.00076659105,-0.00025493724,-22.049124,-19.363674,-29.879814,10.192737,-47.81828,-24.555082,-22.735703,-73.57365,-42.895992,3.4265,-104.088585,-22.390472,-33.62026,-125.7094,-29.78923,-43.357918,-31.56094,-11.045916,-43.19493,-67.995674,-21.799292,-53.092537,-106.489784,-12.220665
0.0,0.0,0.0,-20.10949140625,-20.42845821875,-28.277320749999944,9.91803090625,-47.5683226875,-26.32093606249998,-20.6034563125,-73.6465165625,-41.74629774999994,4.8983630937500005,-103.242312375,-25.007673093749986,-27.505448718750003,-124.6319896875,-31.065696718749905,-41.39016534375,-31.927626375,-11.195135999999934,-40.954184749999996,-69.1813718125,-21.988327906249992,-49.193212249999995,-108.68552590624999,-14.478219062499932,-9.069369e-05,-0.00023845673,-0.0004287298,-23.677608,-19.49555,-29.022625,9.077335,-47.77069,-25.23892,-25.19732,-73.77942,-41.857662,2.6159284,-104.249565,-22.762968,-35.04596,-125.88618,-28.078072,-44.01862,-31.683086,-9.291834,-44.38118,-68.14348,-19.669214,-53.578793,-106.62758,-9.474924
0.0,0.0,0.0,-20.21808732352941,-20.456525882352945,-28.3866675000001,9.902621999999997,-47.683845911764706,-26.23813585294124,-20.816251529411765,-73.80037085294117,-41.717941294117736,4.708274882352941,-103.4465518235294,-24.708882941176512,-27.98297544117647,-124.83370341176472,-30.678439058823585,-41.55291208823529,-31.93686391176471,-11.19445267647069,-41.19840226470587,-69.14824894117648,-21.934500205882443,-49.58299008823529,-108.57455361764707,-14.128191852941313,2.4907975e-05,-0.00057329016,-0.00036128188,-22.94816,-19.334435,-30.07001,10.263099,-48.060673,-24.81635,-24.063126,-74.08158,-43.05841,3.1217864,-104.98807,-21.938194,-35.302483,-126.513596,-28.581734,-43.8361,-31.80406,-10.797391,-43.86543,-68.18566,-21.373135,-53.938454,-106.356094,-10.91254
0.0,0.0,0.0,-20.380623529411764,-20.447780941176475,-28.55825802941183,9.924511205882352,-47.777219411764705,-26.13955320588235,-21.081991970588234,-73.93097673529412,-41.81317047058826,4.5458637647058815,-103.65826620588236,-24.393099558823565,-28.550928411764705,-125.04502502941178,-30.364758647058807,-41.74621632352941,-31.94867535294118,-11.219658323529416,-41.46156358823529,-69.10130426470587,-21.91002167647065,-49.98630744117648,-108.43416502941179,-13.784291029411804,0.0002614732,-0.00070774707,-0.00030718563,-22.900772,-19.531897,-29.604122,9.946202,-47.937984,-25.48384,-24.208904,-74.31224,-42.731426,3.0705788,-105.11939,-22.627554,-34.65294,-126.54342,-28.240108,-43.5665,-31.90302,-10.522264,-43.68628,-68.47915,-21.028997,-53.41392,-106.82462,-10.616794
0.0,0.0,0.0,-20.512642687500005,-20.41325565625,-28.619238843750054,9.96598065625,-47.802403437500004,-26.212141875000043,-21.25888034375,-74.03553609375,-41.879199031250096,4.48621965625,-103.88807456250001,-24.295409281250045,-28.847699312499998,-125.24077240625,-30.15200415625003,-41.82368021875,-31.99105346875,-11.240800718750052,-41.55635178125,-69.1334360625,-21.917903843750025,-50.16928659375,-108.39975115625,-13.620698781250042,0.00018811345,-0.0005976317,-0.00028771057,-22.97889,-19.636925,-29.296297,9.674597,-47.92882,-25.604362,-24.345886,-74.3119,-42.339382,3.003394,-104.97227,-22.750092,-34.337276,-126.37008,-28.02159,-43.51566,-31.91393,-10.173417,-43.693344,-68.5447,-20.619934,-53.185192,-106.95203,-10.315805
0.0,0.0,0.0,-20.688636911764707,-20.462158970588234,-28.646400088235225,9.949618970588233,-48.00503497058823,-26.20423176470581,-21.60945779411765,-74.3584858235294,-41.716089705882325,4.197040882352941,-104.37287561764705,-23.81387867647055,-29.48952567647059,-125.61671820588235,-29.371418676470512,-41.94214123529412,-32.04243620588235,-11.182320235294071,-41.78441008823529,-69.20977705882353,-21.718583970588156,-50.60833029411765,-108.34677352941178,-12.981697617646944,0.00022046996,-0.0007269073,-0.00031917143,-22.824936,-19.436342,-29.893112,10.31817,-47.911064,-25.373314,-23.930744,-74.26732,-43.169598,3.3940265,-105.19094,-22.570093,-34.62632,-126.70385,-28.653666,-43.57449,-31.978228,-10.854893,-43.55123,-68.47853,-21.499004,-53.416153,-106.78878,-11.118266
0.0,0.0,0.0,-20.811691437500002,-20.29376409375,-28.70146278125003,10.062440968750002,-47.803728218749995,-26.396532124999965,-21.634957468749995,-74.23096584375,-42.06201065624998,4.376870875,-104.37207640624999,-24.17076503124997,-29.463111374999997,-125.65221215625,-29.726631187499947,-41.991735937499996,-32.08864046875,-11.255508343749966,-41.736642999999994,-69.18645381249999,-21.975787999999966,-50.5324969375,-108.3275900625,-13.28883640624997,0.00019417712,-0.00059219275,-0.00012637068,-22.83701,-19.87446,-28.928295,9.552369,-47.99795,-26.337755,-24.38269,-74.68898,-42.12512,3.047382,-105.368835,-23.225006,-33.532234,-126.47257,-27.626543,-43.16984,-32.112667,-10.177594,-43.392986,-68.9661,-20.592934,-52.652252,-107.48442,-10.350247
0.0,0.0,0.0,-21.099680852941177,-20.169137323529412,-28.7910614117647,10.165642382352942,-47.78158555882354,-26.61849344117644,-22.00316488235294,-74.38227917647059,-42.391385176470635,4.279156676470588,-104.82948938235293,-24.075851441176496,-30.05215461764706,-126.03720914705883,-29.334680970588238,-42.145039617647065,-32.17212088235294,-11.303878823529374,-41.9023800882353,-69.23323023529412,-22.024666205882397,-50.85095470588235,-108.2381299117647,-13.075826352941135,0.0003069331,-0.00076707324,-6.4316104e-05,-22.500416,-19.813332,-29.14276,9.826713,-47.93876,-26.54316,-23.98448,-74.72296,-42.594006,3.185076,-105.54653,-23.494286,-33.306034,-126.545525,-28.052767,-42.982784,-32.126118,-10.72113,-43.12417,-69.00729,-21.272387,-52.565407,-107.529526,-11.107006
0.0,0.0,0.0,-21.2615754375,-20.134083437499996,-28.859760250000022,10.20163728125,-47.8082426875,-26.725049031250023,-22.204987250000002,-74.50688753125,-42.49703884375003,4.195914125,-105.109270125,-24.011953281250044,-30.397353343749998,-126.25894121875,-29.061775343749957,-42.22897640625,-32.2271266875,-11.335664749999978,-42.008030343749994,-69.26330078125,-22.025494687499986,-51.05143578125001,-108.20060090625,-12.892781218749974,0.00013639996,-0.00052076415,-0.00013425665,-22.967413,-19.84154,-28.855318,9.467201,-47.924725,-26.369656,-24.51318,-74.5751,-42.096355,3.0677655,-105.234436,-23.374508,-33.509502,-126.38412,-27.748974,-43.22853,-32.102802,-10.030588,-43.460766,-68.9302,-20.476528,-52.61079,-107.49505,-10.315115
0.0,0.0,0.0,-21.411430323529416,-20.107908294117646,-28.91734944117644,10.245010558823529,-47.821937294117646,-26.872588352941193,-22.3700705,-74.60824726470588,-42.620129735294086,4.1443894705882345,-105.35229899999999,-24.00930776470591,-30.677890029411763,-126.44181632352941,-28.9041227058824,-42.2985015,-32.29022097058824,-11.379027352941193,-42.086995235294125,-69.28642670588235,-22.08931514705887,-51.19885888235294,-108.18426138235294,-12.808298411764724,0.00010278667,-0.0004733055,-0.0001573697,-23.05612,-19.842049,-28.824306,9.388529,-47.948837,-26.270075,-24.62215,-74.55924,-41.976112,2.990442,-105.186516,-23.246325,-33.659584,-126.37368,-27.617132,-43.297054,-32.075832,-9.892729,-43.559883,-68.88939,-20.294666,-52.700233,-107.43789,-10.080692
0.0,0.0,0.0,-21.831422147058824,-20.110336205882355,-29.116094235294156,10.33230405882353,-47.97763694117647,-27.226636999999982,-22.957976588235294,-74.99053952941176,-42.975077,3.881049647058823,-106.13503629411764,-23.875315823529434,-31.609066029411768,-127.04800120588236,-28.183182588235297,-42.51272823529411,-32.49436217647059,-11.482142617647071,-42.36133238235294,-69.45236670588235,-22.13365176470586,-51.74640070588236,-108.1129011764706,-12.403970147058828,-1.1105687e-05,-0.00033018403,-0.00031730172,-23.226473,-19.738573,-28.677553,9.031288,-47.74843,-25.489328,-24.59,-73.88724,-41.539433,2.9125402,-104.12837,-23.09094,-33.69899,-125.71056,-28.178783,-43.57836,-31.796295,-9.286779,-43.845753,-68.41743,-19.683983,-52.76438,-107.06741,-9.869122
0.0,0.0,0.0,-21.96291109375,-20.108038906250002,-29.18218790625002,10.362988812500001,-48.01415321875,-27.354085781250035,-23.1191323125,-75.11007871875,-43.05455000000006,3.8049164062500003,-106.37389250000001,-23.854713343750063,-31.903996218750002,-127.212261375,-28.018632812500073,-42.579886156250005,-32.55791909375,-11.52133465625002,-42.44161334375,-69.50276106250001,-22.16400900000002,-51.91175818749999,-108.09120559375,-12.254060625000022,2.0132575e-07,-0.0003431241,-0.00029292546,-23.386646,-19.785551,-28.839102,9.236792,-47.955364,-25.755196,-24.896915,-74.362785,-41.717796,2.8835905,-104.85803,-22.80634,-34.188816,-126.30746,-27.479237,-43.609,-31.978731,-9.464036,-43.907997,-68.665,-19.77942,-53.014664,-107.16507,-9.469493
0.0,0.0,0.0,-22.197544970588236,-20.109041735294117,-29.361205235294108,10.387642117647058,-48.1249334117647,-27.39590808823533,-23.473520294117645,-75.26698161764706,-43.217023147058796,3.6215874411764695,-106.69734117647057,-23.60387729411758,-32.54553535294117,-127.4576476764706,-27.61069541176471,-42.767302882352936,-32.619043852941175,-11.537325764705827,-42.696207823529406,-69.49444058823529,-22.240894941176407,-52.31679838235294,-107.96560776470588,-11.861415205882281,4.7240625e-05,-0.00043101152,-0.00033336077,-22.99534,-19.589087,-28.953218,9.194287,-47.65779,-25.228727,-24.22254,-73.63118,-41.888958,2.9393914,-103.89432,-23.10831,-33.789806,-125.530525,-28.82906,-43.594913,-31.648413,-9.633414,-43.79669,-68.18606,-20.147554,-52.918888,-106.83692,-10.510593
0.0,0.0,0.0,-22.323771264705886,-19.96789094117647,-29.573430852941158,10.455121382352942,-47.97970788235294,-27.28742185294118,-23.527524411764706,-75.0293190882353,-43.51260391176476,3.732442852941177,-106.46388120588236,-23.738347588235285,-32.76726911764706,-127.33812,-28.104217617647123,-42.93416979411764,-32.56042005882353,-11.604087441176489,-42.83300041176471,-69.31733870588235,-22.436193235294127,-52.44710176470588,-107.77044911764705,-12.137573382352912,-0.000102086095,-0.0002523951,-0.00013025013,-22.909784,-20.339088,-28.039934,8.598553,-48.40531,-25.880354,-24.776371,-74.922005,-40.341236,2.2920177,-105.09483,-22.342552,-33.293137,-126.20057,-26.028389,-43.136196,-31.948235,-8.999036,-43.692543,-69.02932,-18.874798,-52.633244,-107.61997,-8.497117
0.0,0.0,0.0,-22.221573499999998,-19.84419875,-29.571629531249982,10.564481562500001,-47.68815915625,-27.24523359374996,-23.17769215625,-74.69116843750001,-43.64249725000002,4.17232109375,-105.972493625,-24.22672287499995,-32.1780765,-127.0599539375,-28.97036181249996,-42.8789575625,-32.52450025,-11.685671843749958,-42.6324595,-69.2175614375,-22.61033924999998,-52.021585718749996,-107.81031353124999,-12.79505740625001,-8.9508685e-05,-0.00022631598,-0.00021227267,-23.355797,-20.04977,-28.309109,8.813681,-48.114048,-25.978846,-25.087637,-74.58446,-40.975056,2.6193926,-104.925285,-22.790909,-33.701954,-126.202545,-26.753733,-43.42311,-32.007984,-9.02677,-43.869358,-68.87812,-19.1472,-52.724785,-107.459335,-8.84281
0.0,0.0,0.0,-22.17960905882353,-19.89308111764706,-29.536245029411646,10.43483970588235,-47.857453588235295,-26.996169941176333,-23.298131794117644,-74.73596435294118,-43.36854191176462,3.8920525588235293,-105.93718302941177,-23.85057161764695,-32.48213317647059,-126.97169214705882,-28.701986852941104,-42.939815058823534,-32.40821735294118,-11.609344499999906,-42.816505676470584,-69.1346799117647,-22.387968205882316,-52.314001794117644,-107.69013202941177,-12.45697199999995,-0.00018679288,-0.00019194043,-2.1231852e-05,-22.64255,-20.820822,-27.47663,8.359016,-48.765656,-26.031736,-24.612215,-75.468124,-39.39557,2.2571728,-105.40273,-21.968678,-32.30848,-126.32755,-24.907566,-42.75026,-32.154507,-8.627766,-43.357918,-69.513084,-18.208607,-52.032124,-108.16147,-7.752563
0.0,0.0,0.0,-22.0334730625,-19.725824187500002,-29.581148187500048,10.584979937499998,-47.41461846875,-26.929085718750002,-22.77705809375,-74.13358209375,-43.709802749999994,4.579448906250001,-105.10793775,-24.662062718750008,-31.504914531249998,-126.4682734375,-30.15380399999998,-42.870784375,-32.3549043125,-11.693699968749968,-42.51745965625,-68.96651128125,-22.78042418749999,-51.62506359375,-107.77518128125,-13.516705562499965,-0.00021781941,-0.00012544382,-5.654839e-05,-22.718996,-20.678658,-27.436344,8.062175,-48.653664,-25.802982,-24.777098,-75.13891,-39.26561,1.8972412,-105.00106,-21.97226,-32.732357,-125.96182,-25.071047,-42.90669,-31.89372,-8.449644,-43.627754,-69.17904,-18.012983,-52.344185,-107.82366,-7.6226516
0.0,0.0,0.0,-21.95269470588235,-19.439728352941174,-29.64403223529405,10.810693588235294,-46.7712535,-27.14612888235291,-22.220240058823528,-73.38415694117647,-44.40116520588231,5.457513764705881,-104.25184647058823,-25.908636705882316,-30.328087058823527,-125.94482326470589,-31.985862323529375,-42.75858655882353,-32.36426505882353,-11.868654058823495,-42.08489682352941,-68.79685117647058,-23.44088020588231,-50.72639847058823,-107.89447717647057,-14.972288235294059,-0.00022617748,-0.00011603579,-4.417066e-05,-22.296928,-20.715284,-27.17878,7.6562395,-48.580414,-25.41633,-24.314548,-74.783455,-38.749,1.5625311,-104.296936,-21.940779,-32.296593,-125.27679,-25.335114,-42.74899,-31.580643,-8.262594,-43.53583,-68.89255,-17.756334,-52.209824,-107.628525,-7.738952
0.0,0.0,0.0,-21.9089288125,-19.5500565625,-29.63406390624999,10.716295374999998,-47.008784625000004,-26.915234656249993,-22.343696406250004,-73.5843611875,-44.08178053124999,5.153164,-104.39512237499999,-25.40904046875005,-30.70215959375,-126.01426368749999,-31.435292281249986,-42.799562531250004,-32.3016083125,-11.791264624999997,-42.23789090625,-68.81123553125,-23.152404750000017,-51.038599250000004,-107.8181625625,-14.455918312499989,-0.00020230468,-0.00015764566,-1.8826177e-05,-21.69788,-20.800095,-26.95548,7.32053,-48.558,-25.009274,-23.643257,-74.50867,-38.23499,1.2518812,-103.65673,-21.833372,-31.710987,-124.620384,-25.57436,-42.49475,-31.278399,-8.212032,-43.323227,-68.651054,-17.620743,-52.01798,-107.47037,-7.9816284
0.0,0.0,0.0,-21.7655770625,-19.35296871875,-29.639566499999944,10.812090218749997,-46.606136625,-26.843936874999997,-21.93958121875,-72.9778134375,-44.44905181249999,5.6612180625000015,-103.61906,-26.11010743749995,-29.969296500000002,-125.45759909374999,-32.77523896874993,-42.7454180625,-32.2013054375,-11.87671846874997,-42.0211875,-68.59360803125,-23.51837349999994,-50.518931249999994,-107.78937025,-15.447731031249987,-0.00016621797,-0.00016214934,2.0939206e-05,-20.981373,-20.87347,-26.331675,6.1265163,-48.556866,-24.517054,-23.291456,-73.960106,-36.98968,-0.17282683,-102.559364,-21.674051,-31.61516,-123.13399,-25.388237,-42.21708,-30.512194,-7.79872,-43.44696,-67.997574,-16.920067,-52.248184,-106.77715,-7.740567
0.0,0.0,0.0,-21.73717561764706,-19.234978352941177,-29.670287323529408,10.890337323529414,-46.35477191176471,-26.88115652941167,-21.738957205882354,-72.64087552941177,-44.734832029411734,5.9982288235294146,-103.22042897058823,-26.57069129411758,-29.537178911764705,-125.18725797058825,-33.54544876470584,-42.72170629411765,-32.185708147058826,-11.938882294117604,-41.88455420588235,-68.49107323529412,-23.7726009705882,-50.189318441176475,-107.79971476470588,-16.028818499999943,-3.7972553e-05,-0.0002629935,-1.4799756e-05,-20.035408,-20.84029,-26.164816,5.7902474,-48.244556,-23.622478,-21.930798,-73.16785,-36.50191,-0.29473907,-101.10975,-21.747082,-30.576756,-121.95977,-26.520256,-41.93522,-30.006643,-7.784927,-43.05619,-67.43737,-16.92239,-51.811764,-106.45699,-8.562142
0.0,0.0,0.0,-21.73195359375,-19.27246771875,-29.678568874999996,10.857072750000002,-46.441078250000004,-26.74155615625,-21.793246906249998,-72.7055145625,-44.60072034374997,5.8855528125,-103.25044096875,-26.330884000000026,-29.72103440625,-125.21211640625,-33.32994937500001,-42.758425187499995,-32.14967721875,-11.897356062500023,-41.966732,-68.48495015625,-23.626807250000013,-50.33585771874999,-107.7480225625,-15.802015343749929,0.00029127128,-0.0007447597,-5.298336e-05,-20.1161,-20.624252,-27.4157,7.9388504,-47.96982,-24.187326,-21.011267,-73.460266,-38.986343,2.2409375,-102.04586,-22.60009,-29.478823,-123.437,-28.576464,-41.894943,-30.974737,-9.27291,-42.139355,-68.17041,-19.194094,-50.863815,-107.360634,-11.031558
