true_point_0_x,true_point_0_y,true_point_0_z,true_point_1_x,true_point_1_y,true_point_1_z,true_point_2_x,true_point_2_y,true_point_2_z,true_point_3_x,true_point_3_y,true_point_3_z,true_point_4_x,true_point_4_y,true_point_4_z,true_point_5_x,true_point_5_y,true_point_5_z,true_point_6_x,true_point_6_y,true_point_6_z,true_point_7_x,true_point_7_y,true_point_7_z,true_point_8_x,true_point_8_y,true_point_8_z,pred_point_0_x,pred_point_0_y,pred_point_0_z,pred_point_1_x,pred_point_1_y,pred_point_1_z,pred_point_2_x,pred_point_2_y,pred_point_2_z,pred_point_3_x,pred_point_3_y,pred_point_3_z,pred_point_4_x,pred_point_4_y,pred_point_4_z,pred_point_5_x,pred_point_5_y,pred_point_5_z,pred_point_6_x,pred_point_6_y,pred_point_6_z,pred_point_7_x,pred_point_7_y,pred_point_7_z,pred_point_8_x,pred_point_8_y,pred_point_8_z
0.0,0.0,0.0,-10.249819624999999,-19.68807775,-21.093372312500037,4.680072312500002,-42.46586275,-21.670625687500035,-8.6034691875,-62.431855125,-33.92855643749999,4.139649312499998,-83.56790575,-31.31434056249998,-9.454443124999997,-101.6705041875,-41.88958150000002,-34.167761375,-26.679427562500003,-8.375934562499992,-32.9155463125,-63.7394439375,-20.174489875000063,-35.2057496875,-102.69712925,-26.178918937500043,0.0012111805,-0.0025271478,-2.7111633e-05,-11.031014,-19.583708,-21.139805,3.782519,-42.619045,-22.03188,-10.126603,-62.51783,-33.932056,2.5556777,-84.01774,-31.444403,-11.708227,-102.13606,-41.563988,-34.88015,-26.317636,-8.0187645,-34.3084,-63.33665,-19.80234,-37.33178,-102.29411,-25.49347
0.0,0.0,0.0,-10.250285031250002,-19.688946843750003,-21.09470934374997,4.678535593749999,-42.46626815625,-21.669749187499974,-8.604894250000001,-62.432118906250004,-33.92921521874996,4.137504187499999,-83.56723034375,-31.315637624999965,-9.455405500000001,-101.668696375,-41.889940249999995,-34.16795921875,-26.6798960625,-8.379895031249987,-32.9166985625,-63.7395116875,-20.178352406249985,-35.20657640625,-102.69619578125001,-26.18259328124998,0.0012143186,-0.0025183985,-1.5882597e-05,-11.030606,-19.617186,-21.172691,3.8727846,-42.643772,-22.039272,-10.059327,-62.608025,-33.95139,2.69431,-84.13117,-31.40166,-11.609493,-102.322136,-41.491653,-34.88086,-26.40495,-8.038679,-34.246185,-63.429314,-19.804028,-37.243065,-102.42632,-25.398483
0.0,0.0,0.0,-10.249506466666663,-19.688611100000003,-21.095078433333356,4.678697100000004,-42.4664035,-21.67022499999996,-8.604191999999996,-62.433640733333334,-33.92996226666662,4.1375648,-83.56864043333333,-31.317569033333427,-9.455266399999996,-101.67022956666666,-41.892499799999996,-34.1672655,-26.679235300000002,-8.381515466666599,-32.91635756666666,-63.740308000000006,-20.180107566666607,-35.20654356666667,-102.69809543333335,-26.183117700000082,0.0012153912,-0.0025164594,-1.5904712e-05,-11.033378,-19.621056,-21.169764,3.8703852,-42.645294,-22.03956,-10.063466,-62.61227,-33.946537,2.6921103,-84.13263,-31.40152,-11.611557,-102.32578,-41.487076,-34.880074,-26.409666,-8.029855,-34.246105,-63.435375,-19.792679,-37.24176,-102.433365,-25.385252
0.0,0.0,0.0,-10.249842200000002,-19.69009853333333,-21.09247019999998,4.678310633333339,-42.46787743333333,-21.669662433333258,-8.60531276666667,-62.4344353,-33.92900279999998,4.136823999999997,-83.57041676666665,-31.31470743333341,-9.456554100000004,-101.6717099,-41.889427633333355,-34.16837553333333,-26.68127026666666,-8.376644733333308,-32.917677,-63.741836633333335,-20.17695706666666,-35.20752903333334,-102.69878099999997,-26.180528566666624,0.0012147811,-0.0025175875,-1.633601e-05,-11.035081,-19.616404,-21.170351,3.8645494,-42.643524,-22.041096,-10.070729,-62.605656,-33.9498,2.6808422,-84.1278,-31.405,-11.624563,-102.31499,-41.49293,-34.882748,-26.401525,-8.032547,-34.253918,-63.426037,-19.798393,-37.2541,-102.4207,-25.395868
0.0,0.0,0.0,-10.24964253125,-19.68891746875,-21.09431834374999,4.679008874999997,-42.466555718749994,-21.670918437500006,-8.604347375,-62.43236828125,-33.92827031249999,4.138417687499999,-83.56762028124999,-31.31490703124996,-9.45468765625,-101.66788671875,-41.890647906250024,-34.167591375,-26.679543812500004,-8.377511906249993,-32.9161521875,-63.739405812499996,-20.177262374999998,-35.2057125625,-102.69566403125,-26.18226446875002,0.0012168598,-0.00251534,-1.5658119e-05,-11.033458,-19.625574,-21.166727,3.8718078,-42.645462,-22.040024,-10.060983,-62.61636,-33.942646,2.6977437,-84.13246,-31.403349,-11.602701,-102.32978,-41.48541,-34.87654,-26.417017,-8.022107,-34.239956,-63.44398,-19.783014,-37.23101,-102.44388,-25.37499
0.0,0.0,0.0,-10.249751266666664,-19.6888448,-21.093563966666693,4.6788886000000005,-42.46622043333333,-21.669799933333366,-8.604341199999999,-62.4316501,-33.92840776666668,4.137866266666666,-83.56692536666667,-31.316610666666634,-9.454978599999999,-101.66806496666669,-41.88845936666661,-34.1683671,-26.680150699999995,-8.378092466666715,-32.9168913,-63.738570800000005,-20.17689623333331,-35.2062544,-102.69583309999999,-26.18064370000002,0.0012157864,-0.0025147197,-1.6491078e-05,-11.033471,-19.6246,-21.165241,3.867223,-42.646408,-22.037075,-10.064693,-62.613842,-33.938915,2.689719,-84.1301,-31.399918,-11.6096325,-102.323875,-41.483196,-34.877724,-26.412157,-8.021673,-34.244545,-63.439392,-19.781425,-37.237946,-102.43797,-25.375242
0.0,0.0,0.0,-10.2500924,-19.6891991,-21.09434436666669,4.678981799999995,-42.46587066666666,-21.67056793333336,-8.6039939,-62.431535033333326,-33.928922766666574,4.138439333333334,-83.56652736666666,-31.31620396666665,-9.454443,-101.66792980000001,-41.88943396666667,-34.1678245,-26.679740433333336,-8.37972626666675,-32.91652963333333,-63.73851293333332,-20.177102666666713,-35.2053036,-102.69607596666667,-26.180766966666738,0.0012152179,-0.002513581,-1.7256865e-05,-11.034277,-19.625038,-21.162474,3.8619664,-42.64723,-22.034685,-10.069286,-62.612297,-33.93388,2.6817553,-84.126884,-31.39793,-11.61578,-102.31808,-41.4811,-34.87796,-26.409424,-8.017634,-34.24814,-63.43731,-19.775768,-37.242786,-102.43478,-25.371855
0.0,0.0,0.0,-10.249951433333335,-19.688900833333335,-21.092518233333408,4.678746666666669,-42.4671251,-21.667650400000014,-8.6043023,-62.4332743,-33.92583423333332,4.13816993333333,-83.56883729999998,-31.312224366666726,-9.454579933333333,-101.66969066666668,-41.88584193333338,-34.1681208,-26.680861700000005,-8.376168933333247,-32.916646666666665,-63.74041693333334,-20.173502666666707,-35.20563883333333,-102.6980441,-26.177489200000025,0.0012149437,-0.0025157786,-1.6560552e-05,-11.034671,-19.62077,-21.167181,3.8651326,-42.644974,-22.039358,-10.068622,-62.609478,-33.943775,2.6846206,-84.12787,-31.40321,-11.617132,-102.31785,-41.48865,-34.879826,-26.407015,-8.025867,-34.249134,-63.43306,-19.788622,-37.24536,-102.42935,-25.385267
0.0,0.0,0.0,-10.249626562500001,-19.68884159375,-21.094740906249967,4.679160312499999,-42.46645703125,-21.670094468749994,-8.603723218750002,-62.432414906249996,-33.92736806250002,4.1387207187499975,-83.567933375,-31.31248099999999,-9.454352531250002,-101.66932321875001,-41.88748640624999,-34.167168625,-26.67965228125,-8.377026437500035,-32.916119031250005,-63.739368875000004,-20.176152218749962,-35.20527575,-102.69689918750001,-26.179992718749986,0.001215061,-0.0025151453,-1.6900125e-05,-11.033656,-19.622093,-21.16496,3.8637555,-42.645367,-22.037416,-10.067794,-62.609447,-33.939808,2.6837733,-84.12613,-31.401945,-11.614878,-102.31617,-41.486996,-34.878574,-26.407322,-8.023098,-34.248062,-63.434048,-19.784346,-37.24316,-102.43086,-25.381983
0.0,0.0,0.0,-10.250083133333339,-19.689069133333334,-21.093751033333376,4.678608233333335,-42.4661067,-21.6702606333335,-8.60447216666667,-62.43235606666667,-33.92846983333351,4.138036599999996,-83.56696476666666,-31.31484873333352,-9.455006100000004,-101.6674128,-41.88933513333342,-34.16808156666667,-26.680347899999997,-8.37654220000013,-32.91657893333334,-63.73959620000001,-20.175086566666778,-35.20609700000001,-102.69636486666666,-26.179751600000145,0.001214939,-0.0025135756,-1.8152063e-05,-11.036619,-19.622953,-21.160713,3.8538997,-42.64752,-22.033224,-10.078453,-62.608067,-33.93112,2.6676157,-84.12267,-31.396843,-11.63051,-102.30837,-41.480904,-34.880375,-26.402533,-8.015399,-34.25672,-63.43032,-19.773457,-37.255722,-102.4249,-25.37305
0.0,0.0,0.0,-10.2490066875,-19.688181093750003,-21.094344031250102,4.6793470625,-42.46573525,-21.671404843749997,-8.60341228125,-62.431761125,-33.92742162500002,4.13842421875,-83.56589140624999,-31.31743609375002,-9.453948843749998,-101.66789031249999,-41.88841065625002,-34.16641221875,-26.6800141875,-8.376503093750046,-32.915440125,-63.7389075,-20.17614368750003,-35.204621968750004,-102.69697553124999,-26.178214093750057,0.001243717,-0.0024963852,9.364219e-06,-11.011398,-19.722979,-21.184183,4.0432997,-42.672092,-22.05042,-9.880451,-62.779285,-33.942688,3.0161994,-84.280556,-31.383879,-11.279478,-102.65293,-41.4129,-34.830723,-26.633005,-7.9819927,-34.050816,-63.67928,-19.707123,-36.935482,-102.7795,-25.171429
0.0,0.0,0.0,-10.249082666666663,-19.689163766666667,-21.090581199999917,4.6790809666666675,-42.46631316666667,-21.670156899999995,-8.603952899999996,-62.43164500000001,-33.92898756666659,4.138143466666673,-83.56626583333333,-31.316403233333403,-9.45464466666666,-101.66740633333335,-41.890901799999995,-34.166619266666665,-26.679894366666666,-8.378430266666498,-32.91538633333333,-63.74008206666668,-20.173428233333254,-35.20511143333333,-102.6971287,-26.17991533333327,0.001282625,-0.002418362,4.394895e-05,-11.1355095,-19.96934,-21.320644,4.3542356,-42.96221,-21.996716,-9.772585,-63.447372,-33.85116,3.4478295,-85.152504,-30.864922,-11.152649,-103.98183,-40.645752,-34.966484,-27.062073,-7.941835,-33.984734,-64.20539,-19.449287,-36.89515,-103.58199,-24.177132
0.0,0.0,0.0,-10.249336718750001,-19.68855846875,-21.092240281250042,4.679106937500002,-42.465699125,-21.669795062500043,-8.60341575,-62.432014375,-33.927852718750046,4.138613437500002,-83.56586015625,-31.31770800000004,-9.45337571875,-101.66644709375,-41.89192481250001,-34.16707859375,-26.6795566875,-8.374682437500041,-32.9146318125,-63.739898375,-20.17559143750003,-35.204110125,-102.69634306249999,-26.18153565625005,0.0010413169,-0.0019027652,1.3042074e-05,-12.118042,-20.575838,-21.815481,4.338254,-44.398026,-21.443989,-11.289302,-65.68739,-33.077156,2.3657496,-88.33003,-27.977655,-14.270147,-107.7492,-36.81467,-36.071735,-27.532793,-7.6724143,-35.52178,-64.98614,-18.154247,-39.73082,-104.584946,-20.089525
0.0,0.0,0.0,-10.24967303125,-19.68822253125,-21.093804468750022,4.679392968750001,-42.4656846875,-21.670586593749988,-8.603502312499998,-62.43069928125,-33.930307500000026,4.139319625000002,-83.56576687500001,-31.31661803124996,-9.45258453125,-101.66638484375,-41.89179240625003,-34.16736265625,-26.67942721875,-8.380130937499985,-32.9154328125,-63.73822521875,-20.17980962499996,-35.2036506875,-102.69456771875,-26.184566656250013,0.0012429544,-0.002370016,3.2806107e-05,-11.288757,-19.940739,-21.345129,4.2247744,-43.004147,-21.998873,-10.069371,-63.465237,-33.844593,3.1684234,-85.23063,-30.786034,-11.625238,-103.99981,-40.526333,-35.091972,-26.99175,-7.875569,-34.230423,-64.125145,-19.363453,-37.268642,-103.45305,-24.013538
0.0,0.0,0.0,-10.250219433333337,-19.68852103333333,-21.094614666666644,4.679228933333327,-42.46574316666667,-21.67015893333337,-8.604183800000003,-62.43126673333333,-33.92816183333338,4.138981233333336,-83.56715519999999,-31.31540430000001,-9.452908300000002,-101.66706806666666,-41.89221910000009,-34.16829766666667,-26.679436133333336,-8.378168766666704,-32.91602946666667,-63.73826726666667,-20.17947190000001,-35.20379846666667,-102.69630493333332,-26.18332209999994,0.0012364587,-0.0023787434,2.0047231e-05,-11.214345,-19.927309,-21.276833,4.180506,-42.953403,-21.997526,-10.009431,-63.355927,-33.804466,3.1459582,-85.04495,-30.882532,-11.495014,-103.74443,-40.649998,-35.007545,-26.944977,-7.853263,-34.157322,-64.07871,-19.362717,-37.142998,-103.369354,-24.16598
0.0,0.0,0.0,-10.249561343749999,-19.6885256875,-21.09381487500002,4.6789950000000005,-42.46589625,-21.670712374999994,-8.604052124999999,-62.43175746874999,-33.928091062500016,4.138744593749998,-83.56727815625,-31.31481359374999,-9.45386090625,-101.6674774375,-41.89082990625002,-34.16801215625,-26.68020146875,-8.377763718750032,-32.915728875,-63.74030474999999,-20.175413125000034,-35.204236249999994,-102.69657015624999,-26.181331625000098,0.0009860174,-0.0018514508,-2.6639282e-06,-12.135792,-20.56635,-21.72464,4.169358,-44.381836,-21.402489,-11.405891,-65.61888,-32.948082,2.1332967,-88.20885,-27.968756,-14.434208,-107.569786,-36.77798,-36.066708,-27.438705,-7.5670376,-35.60915,-64.906555,-18.017056,-39.852184,-104.47496,-20.012918
0.0,0.0,0.0,-10.249291281249999,-19.688466968750003,-21.094097156249973,4.67904990625,-42.46637340624999,-21.670165093749972,-8.60382409375,-62.432309624999995,-33.92977806249996,4.138689031250003,-83.56776684375001,-31.3147936874999,-9.45397075,-101.66811575000001,-41.890261624999994,-34.16763840625,-26.680631718750004,-8.376987374999942,-32.91637228125,-63.740081624999995,-20.178537312499998,-35.20467684374999,-102.69722703125001,-26.18295859374996,0.0012155637,-0.0022969097,9.265961e-06,-11.368108,-20.043913,-21.28985,4.1185737,-43.147377,-21.909126,-10.210385,-63.69973,-33.620636,2.9770772,-85.50249,-30.487127,-11.878904,-104.37522,-40.06948,-35.15708,-27.040667,-7.707313,-34.361927,-64.241325,-19.05083,-37.506477,-103.62835,-23.429876
0.0,0.0,0.0,-10.249360500000007,-19.689259799999995,-21.094406266666738,4.679195999999994,-42.46654646666668,-21.66996880000005,-8.604028866666672,-62.43212550000001,-33.92824100000013,4.138451333333329,-83.5671646,-31.31521016666659,-9.45347876666667,-101.66749109999998,-41.89098313333335,-34.16747166666667,-26.681218466666667,-8.377064233333329,-32.91585796666667,-63.7411509,-20.175311366666733,-35.20426516666667,-102.69644933333332,-26.18369453333338,0.0011597421,-0.0021221703,2.8037408e-05,-11.812829,-20.255884,-21.538933,4.193877,-43.630966,-21.790564,-10.731346,-64.54805,-33.472805,2.785179,-86.74962,-29.558287,-12.893131,-105.97284,-38.78063,-35.623768,-27.309473,-7.6108837,-34.890057,-64.60028,-18.633598,-38.430206,-104.16588,-21.92887
0.0,0.0,0.0,-10.24991978125,-19.6888249375,-21.091823562499997,4.678733874999999,-42.46570053125,-21.668016593749996,-8.604359406250001,-62.431066625,-33.927654187500025,4.138487062499998,-83.56611571875,-31.31495187500002,-9.453790062500001,-101.666220125,-41.89081571874999,-34.168329,-26.680488125,-8.376160625000011,-32.9164235625,-63.73837421875,-20.17615703125,-35.20463584375,-102.69514665624999,-26.181597718750027,0.0011615152,-0.0023390572,-3.247526e-05,-11.160061,-19.885784,-21.101643,3.9112463,-42.931244,-21.899273,-10.1679325,-63.14262,-33.57703,2.7314303,-84.71789,-30.86299,-11.715565,-103.162025,-40.650337,-34.934464,-26.718409,-7.7200823,-34.26684,-63.863064,-19.197855,-37.298084,-103.00639,-24.242868
0.0,0.0,0.0,-10.600282812499998,-19.7708299375,-21.27630987499998,4.672503218750002,-42.68916618750001,-21.64654724999997,-8.983708937499998,-62.9081153125,-33.958562843749974,3.94602028125,-84.37347540625001,-30.91682534375002,-10.282793874999998,-102.84823737500001,-41.31031974999996,-34.585878468749996,-26.854320124999997,-8.289277843750028,-33.3677301875,-63.90747146875,-19.97208871875,-36.022140593749995,-103.10834309375,-25.27428040625,0.0012208081,-0.0023587483,-6.9810994e-07,-11.180575,-19.95587,-21.18852,4.0919485,-42.967358,-21.946981,-10.013422,-63.348946,-33.666454,3.0416615,-84.98801,-30.836262,-11.4867325,-103.6705,-40.569473,-34.9638,-26.916761,-7.7589183,-34.153584,-64.078354,-19.224962,-37.13941,-103.365074,-24.054905
0.0,0.0,0.0,-11.6706815625,-20.51720753125,-21.69708059375,4.393544375000001,-44.171907625,-21.040416812499984,-10.712078031249998,-65.36294753125,-32.90390021874998,2.5762586250000012,-87.86858178125,-27.965500937499996,-13.727846468749998,-107.36321346874999,-37.12099753124994,-35.81951434375,-27.35748634375,-7.83724696874998,-35.13947575,-64.7965284375,-18.26459321874995,-39.299957750000004,-104.57942609375,-20.400576562499964,0.0011955685,-0.0022041057,3.0720625e-05,-11.666372,-20.124353,-21.432093,4.143778,-43.33329,-21.90609,-10.515746,-64.09393,-33.640408,2.9007022,-86.118164,-30.159643,-12.422266,-105.25061,-39.569195,-35.439453,-27.203009,-7.6172585,-34.661873,-64.43146,-18.856304,-37.9969,-103.96567,-22.707773
0.0,0.0,0.0,-12.537186966666667,-21.013614666666662,-22.068232166666633,4.302693433333335,-45.1799076,-20.777704966666647,-12.018989166666666,-67.14912426666666,-32.379794433333416,1.6898644333333337,-90.41030986666667,-25.92119256666666,-16.2561215,-110.57849903333332,-34.087508133333415,-36.72170946666667,-27.788143899999994,-7.615444933333379,-36.38046833333333,-65.46408353333332,-17.205573733333324,-41.563777433333335,-105.48597973333334,-17.02479450000004,0.0011091013,-0.002018894,2.0802738e-05,-11.996181,-20.378614,-21.63029,4.15245,-43.954346,-21.640728,-11.078779,-65.001724,-33.256645,2.4684026,-87.39006,-28.888525,-13.623087,-106.66492,-37.9162,-35.851208,-27.356234,-7.574518,-35.24594,-64.71314,-18.353582,-39.0887,-104.2831,-21.071014
0.0,0.0,0.0,-14.332005733333332,-21.545902433333328,-23.47195646666671,5.025646400000003,-46.36193993333334,-21.117470433333438,-13.619594333333334,-69.5962551,-33.036923133333346,2.0386544999999927,-93.94373326666668,-23.747063133333256,-18.917010966666666,-115.13050066666669,-31.179936666666663,-38.33250223333333,-28.987599466666673,-7.800434433333294,-37.8513117,-66.709242,-16.924755833333336,-43.88778816666667,-106.87358516666666,-13.909203066666635,0.00095696235,-0.0017811484,1.0958469e-05,-12.286854,-20.64057,-21.88424,4.252386,-44.579403,-21.396437,-11.607499,-65.96152,-32.985233,2.061032,-88.71538,-27.63028,-14.885202,-108.17946,-36.34186,-36.24622,-27.550547,-7.6388464,-35.818066,-65.043236,-17.98874,-40.2642,-104.642044,-19.571758
0.0,0.0,0.0,-14.767879312499998,-21.500866125,-23.91145425000002,5.461043218750003,-46.29730128124999,-21.516257218750013,-13.719102249999997,-69.81232084375,-33.788210843749994,2.7507058125000015,-94.34619359375,-24.04278084375005,-18.860332031249996,-115.8369844375,-31.56972778124998,-38.61294009375,-29.3850171875,-7.985573781250025,-37.8581231875,-66.99312,-17.366589500000032,-43.7488701875,-107.23064165625001,-14.132056218749995,0.0010429197,-0.0019381595,1.6289574e-05,-12.037953,-20.46569,-21.698793,4.18733,-44.163887,-21.534151,-11.207514,-65.298416,-33.1357,2.3295424,-87.78738,-28.446196,-13.989218,-107.08506,-37.387833,-35.94499,-27.392677,-7.6309834,-35.402878,-64.799706,-18.255783,-39.440945,-104.35396,-20.627686
0.0,0.0,0.0,-15.45618896875,-21.46420903125,-24.674300281249998,6.0367000625,-46.4733625,-21.90676024999999,-14.148845750000001,-70.30537737499999,-34.75199603124997,3.4080780312499996,-95.19270365625,-24.08103753124999,-19.35084675,-116.97476559374999,-31.81765362499999,-39.1062346875,-29.87648384375,-8.294786437499965,-38.175896968749996,-67.33249375,-17.924244875,-44.126852406249995,-107.6153194375,-14.273278187499955,0.0011075671,-0.0022202204,-3.7917747e-05,-11.535948,-19.92908,-21.256987,3.5735593,-43.324375,-21.729092,-10.996853,-63.590816,-33.365032,1.7659084,-85.46888,-30.035973,-13.366396,-103.85442,-39.636337,-35.39888,-26.525743,-7.7150884,-35.128212,-63.72556,-18.930216,-38.805588,-102.795746,-23.301538
0.0,0.0,0.0,-15.743233562500002,-21.45718228125,-24.943334562499956,6.321855999999997,-46.61192853125,-22.002528312499976,-14.412670125000002,-70.66400659375,-35.07006543749998,3.5846444687499996,-95.69127434375,-23.905634906249986,-19.748365343750002,-117.51028871874999,-31.73105715624996,-39.3173231875,-30.05547721875,-8.42340656250002,-38.367332187500004,-67.4788896875,-18.090147062499966,-44.45243475,-107.74289765625,-14.177761031249986,0.0010713533,-0.002135054,-1.3598365e-05,-11.700176,-20.003695,-21.37924,3.665958,-43.47464,-21.746962,-11.118076,-63.912395,-33.393253,1.8312942,-85.951866,-29.79617,-13.607208,-104.53054,-39.257996,-35.56344,-26.687487,-7.704666,-35.25021,-63.913372,-18.836496,-39.020977,-103.09317,-22.79698
0.0,0.0,0.0,-15.971248466666667,-21.418289833333333,-25.181169733333263,6.593439366666669,-46.697485,-22.063136866666582,-14.632617666666667,-70.99573076666667,-35.34011026666661,3.7082099999999976,-96.11467383333333,-23.740660566666634,-20.0794123,-117.97047716666665,-31.594885233333287,-39.47867986666667,-30.19228523333333,-8.526799533333246,-38.507050199999995,-67.60051173333333,-18.214054366666687,-44.72351126666667,-107.83949313333332,-14.075779199999943,0.0010112931,-0.0020047252,2.4608853e-06,-12.01855,-20.086554,-21.55998,3.5839746,-43.79494,-21.685083,-11.632319,-64.391045,-33.322697,1.4155885,-86.71146,-29.208345,-14.613598,-105.409485,-38.480453,-35.927113,-26.729155,-7.7093267,-35.776554,-64.00414,-18.645977,-39.94334,-103.23978,-21.955675
0.0,0.0,0.0,-16.200706500000003,-21.373317375,-25.437071906250026,6.812085250000003,-46.7852629375,-22.16552740625002,-14.844533281250001,-71.20982846875,-35.65376962500005,3.8563945312499968,-96.47739159375,-23.638893031250063,-20.38430353125,-118.39519659375,-31.58449071875009,-39.63472934375,-30.32671990625,-8.660462343750055,-38.6414975,-67.7015785625,-18.36623581250001,-44.94330853125,-107.93113359375,-14.058284812500062,0.0010343058,-0.0020317228,4.2255997e-06,-11.942445,-20.099451,-21.518576,3.6678216,-43.72625,-21.704742,-11.435454,-64.33947,-33.336582,1.6540176,-86.597664,-29.340755,-14.227316,-105.3469,-38.62653,-35.826942,-26.800049,-7.678204,-35.57561,-64.07279,-18.650774,-39.59422,-103.34405,-22.056723
0.0,0.0,0.0,-16.3867561,-21.3455658,-25.649946099999966,6.984478066666668,-46.82791083333335,-22.30644230000007,-15.023864833333331,-71.35742809999998,-35.988496933333295,3.985051233333337,-96.74887543333334,-23.64070940000005,-20.647118766666665,-118.70812276666665,-31.665728833333333,-39.76013686666667,-30.428333600000002,-8.80658173333336,-38.74771616666666,-67.77021443333334,-18.547666466666612,-45.12116493333333,-107.99417136666665,-14.09383049999991,0.00107316,-0.0021344675,-3.8792965e-05,-11.698661,-20.01252,-21.286757,3.4704258,-43.52316,-21.649445,-11.291078,-63.87754,-33.20615,1.4718186,-85.87161,-29.65049,-13.913731,-104.32366,-39.10925,-35.569237,-26.551214,-7.6235285,-35.414276,-63.80241,-18.686424,-39.309444,-102.90363,-22.697193
0.0,0.0,0.0,-16.54878440625,-21.3199655625,-25.827111312499937,7.1330458750000005,-46.8606373125,-22.44947440624992,-15.186690531250001,-71.48167759375,-36.25667856249993,4.077259968749999,-96.97248015625,-23.67502312499994,-20.888182375,-118.97287856249999,-31.706120624999926,-39.87238284375,-30.51094584375,-8.921129124999993,-38.848002468749996,-67.82019712499999,-18.70385946875001,-45.29316540625,-108.03706212499999,-14.122331749999944,0.0010150536,-0.0019970504,6.4517917e-06,-12.024589,-20.119389,-21.560005,3.6485147,-43.80121,-21.691162,-11.566892,-64.449646,-33.31976,1.5574571,-86.77102,-29.204468,-14.468203,-105.54188,-38.44522,-35.91261,-26.811813,-7.6714716,-35.700863,-64.09485,-18.59869,-39.80735,-103.37353,-21.857166
0.0,0.0,0.0,-16.66475046875,-21.28981175,-25.947708000000034,7.250166125,-46.887240625,-22.48652262500002,-15.306542375000003,-71.56423496875,-36.417502375000026,4.1475881562499985,-97.13814303125001,-23.662944656250033,-21.068075187500003,-119.17110665625,-31.70253465625001,-39.94123871875,-30.56604025,-8.987955031249953,-38.91205321875,-67.8541268125,-18.796445812499996,-45.41536909375,-108.06482875,-14.11025890625001,0.0009927341,-0.0018953519,3.4307464e-05,-12.311262,-20.259794,-21.745256,3.8859808,-43.994843,-21.747524,-11.700193,-64.968666,-33.414368,1.8674327,-87.51898,-28.9065,-14.6408825,-106.67692,-37.928734,-36.141373,-27.169353,-7.5942597,-35.7948,-64.487495,-18.419786,-39.950962,-103.97655,-21.054394
0.0,0.0,0.0,-16.51717216666667,-21.3281938,-25.762686166666583,7.1280334,-46.89251,-22.406930433333287,-15.209269800000001,-71.47394033333333,-36.17626949999999,4.041625399999997,-96.97267719999999,-23.626513633333218,-20.920075133333334,-118.93244963333335,-31.633242566666695,-39.816532566666666,-30.486723599999998,-8.884336366666673,-38.8254716,-67.82002963333335,-18.63027833333325,-45.2871746,-108.02710086666669,-14.040501866666546,0.001042563,-0.0020332718,-8.203933e-06,-11.92712,-20.128695,-21.459806,3.6841009,-43.70294,-21.702353,-11.367392,-64.33737,-33.28739,1.7546169,-86.55393,-29.385788,-14.041271,-105.34533,-38.639145,-35.77257,-26.859022,-7.5795403,-35.478687,-64.14252,-18.54966,-39.411865,-103.44494,-21.985321
0.0,0.0,0.0,-16.046867250000002,-21.40294325,-25.253505843749963,6.746904718749995,-46.83278275,-22.088906281250047,-14.822645656250003,-71.15236834375,-35.434572343750006,3.7255918437499957,-96.36280040624999,-23.619643281249978,-20.379496218750003,-118.18469928125,-31.465989187499986,-39.449429218750005,-30.238531625,-8.553686281249952,-38.542642750000006,-67.67874815625,-18.18575878125,-44.85830096875,-107.88539503125,-13.89963446874998,0.0010294593,-0.0019832079,3.745139e-06,-12.066713,-20.185608,-21.549803,3.7252908,-43.828384,-21.700842,-11.51343,-64.583206,-33.292564,1.7337586,-86.92019,-29.169247,-14.315706,-105.83427,-38.32379,-35.911175,-26.957474,-7.5657096,-35.62095,-64.262505,-18.46343,-39.661255,-103.62908,-21.590702
0.0,0.0,0.0,-15.575723833333338,-21.472121733333335,-24.752596100000005,6.3452816999999975,-46.76513753333333,-21.86286306666659,-14.461999333333337,-70.8344752,-34.77133376666666,3.347403233333324,-95.76472736666665,-23.652193233333264,-19.92802356666667,-117.43829046666669,-31.350075300000015,-39.106942566666675,-29.970457366666665,-8.329991566666592,-38.29612036666667,-67.50940339999998,-17.822375500000078,-44.514030500000004,-107.71153713333332,-13.827872666666678,0.0010216085,-0.0019177961,4.854377e-05,-12.323336,-20.281307,-21.808731,4.089205,-43.954147,-21.823475,-11.532834,-65.03286,-33.556488,2.2541425,-87.60135,-29.015278,-14.294474,-106.90262,-38.02539,-36.11623,-27.34005,-7.6144457,-35.61121,-64.642975,-18.48904,-39.62453,-104.20812,-21.068457
0.0,0.0,0.0,-15.17720053125,-21.52533853125,-24.329839968750036,6.007896812499997,-46.701671250000004,-21.640949468750023,-14.140731625,-70.53450521874998,-34.179701937500056,3.0372290937499997,-95.22582578125,-23.677968125000007,-19.5168574375,-116.753095625,-31.279511406250037,-38.79173284375,-29.7349913125,-8.129101781250029,-38.049130500000004,-67.3651366875,-17.451661187500008,-44.178325781249995,-107.554658875,-13.737079656250046,0.00071322965,-0.0011279436,2.3878263e-05,-15.358423,-21.40875,-24.20634,5.6998897,-46.869465,-21.47418,-14.874221,-70.41612,-34.070015,2.133417,-95.43665,-23.406166,-20.859184,-116.751945,-30.898766,-38.948284,-29.407234,-7.8273244,-38.638138,-67.03307,-17.155378,-45.224586,-107.020805,-13.239666
0.0,0.0,0.0,-14.8021519375,-21.549358187499998,-23.89872646875,5.704372656250001,-46.6030651875,-21.40500353125003,-13.862909531249999,-70.231420875,-33.64104071874999,2.7525456249999998,-94.70678828125001,-23.713254812499997,-19.164036656249998,-116.120556,-31.206675468750007,-38.50363840625,-29.4970969375,-7.941575937499977,-37.8294056875,-67.20389175000001,-17.122608218749974,-43.8811536875,-107.37797696875,-13.68347456250001,0.0006870333,-0.0011001216,2.3175522e-05,-15.3196125,-21.422234,-24.124632,5.59146,-46.883976,-21.43094,-14.89505,-70.39367,-33.930355,1.9893423,-95.3791,-23.359074,-20.893124,-116.65222,-30.80806,-38.924454,-29.34631,-7.7695236,-38.66659,-66.99518,-17.052206,-45.27028,-106.977325,-13.154743
0.0,0.0,0.0,-14.476125470588235,-21.538638352941177,-23.54862794117645,5.443662058823531,-46.48877088235294,-21.281347735294105,-13.639003705882352,-69.92748611764705,-33.25651811764709,2.4907061764705887,-94.23616514705883,-23.82109432352945,-18.862308852941176,-115.52167276470588,-31.229055882352952,-38.24189358823529,-29.28668485294118,-7.827152882353005,-37.637165764705884,-67.04888867647058,-16.91851541176476,-43.60344652941176,-107.20575247058825,-13.74488017647053,0.00074123766,-0.0011569461,1.8181436e-05,-15.54656,-21.370897,-24.389019,5.911493,-46.84642,-21.563168,-14.943574,-70.485016,-34.36186,2.4270542,-95.60819,-23.463259,-20.904198,-117.03303,-31.019228,-39.06025,-29.546339,-7.8830824,-38.650093,-67.11252,-17.29724,-45.199345,-107.10991,-13.284204
0.0,0.0,0.0,-14.218212058823529,-21.534028323529412,-23.32446479411766,5.233967676470595,-46.396076676470585,-21.15188879411761,-13.458563264705882,-69.66946255882353,-32.96490397058818,2.2828672058823543,-93.8463639117647,-23.958873029411734,-18.612078294117644,-115.03595723529412,-31.275577411764687,-38.01842097058824,-29.112626705882356,-7.7348248235293795,-37.47857152941177,-66.9170835,-16.772089441176433,-43.37185714705882,-107.05550285294117,-13.828511852941176,0.00063988694,-0.0010561497,1.661391e-05,-15.230809,-21.434351,-23.94957,5.409807,-46.86691,-21.336939,-14.867308,-70.29007,-33.670284,1.8085734,-95.18186,-23.322718,-20.81415,-116.38607,-30.723368,-38.85051,-29.237272,-7.6390743,-38.65418,-66.9161,-16.858316,-45.225075,-106.8926,-13.062872
0.0,0.0,0.0,-13.98284138235294,-21.526195794117648,-23.127194588235284,5.065324176470593,-46.31945111764706,-21.07337864705886,-13.307529647058821,-69.44389758823529,-32.7337332941176,2.083924617647064,-93.50879297058825,-24.03326688235296,-18.422960176470585,-114.58172697058824,-31.370784117647133,-37.82129414705882,-28.946012323529413,-7.639633117647122,-37.35101279411764,-66.78015676470588,-16.664898235294174,-43.21305129411764,-106.89765820588237,-13.951180882353015,0.00057071727,-0.000999074,1.1486325e-05,-14.9561205,-21.46067,-23.567478,5.0609794,-46.78235,-21.210531,-14.695411,-70.03932,-33.171314,1.5076791,-94.693726,-23.389772,-20.45759,-115.743576,-30.656517,-38.612877,-29.025501,-7.403506,-38.511124,-66.773766,-16.524963,-44.951847,-106.7396,-13.011111
0.0,0.0,0.0,-13.786238062500002,-21.47808925,-22.95144946875007,4.936928156249998,-46.2681761875,-20.93676943750006,-13.200349750000003,-69.23650375,-32.58195506250007,1.8973640624999994,-93.22748871875001,-24.12292478125005,-18.33246553125,-114.1721039375,-31.519539875000078,-37.669062781250005,-28.768712187500004,-7.572717718750027,-37.277275468750005,-66.62003734375,-16.646838218750077,-43.170239,-106.71057806249999,-14.177757312500091,0.0005420215,-0.0009873739,8.225583e-06,-14.665183,-21.472113,-23.293222,4.8045826,-46.7159,-21.113379,-14.504815,-69.80614,-32.830193,1.2398316,-94.26926,-23.485188,-20.16908,-115.14893,-30.724396,-38.402805,-28.82642,-7.3262873,-38.38675,-66.62733,-16.395632,-44.766533,-106.5714,-13.182015
0.0,0.0,0.0,-13.645999874999998,-21.43576153125,-22.805355093749995,4.833626656250004,-46.2345421875,-20.869680437499994,-13.153131593749999,-69.08116306250001,-32.47760296874998,1.716358093750003,-93.012916125,-24.221241031249974,-18.299523625,-113.84482546875,-31.65394490624999,-37.55666846875,-28.6163571875,-7.546130156249944,-37.244280562499995,-66.4885375,-16.64776140624997,-43.17437840625,-106.552625,-14.386060656249981,0.0005968901,-0.0010737013,1.4887217e-05,-14.350197,-21.420965,-23.154947,4.8211403,-46.507664,-21.114714,-14.067294,-69.454285,-32.835953,1.4453541,-93.72905,-23.892391,-19.4558,-114.52511,-31.30178,-38.14772,-28.745989,-7.396439,-38.032536,-66.52856,-16.58355,-44.188087,-106.48354,-13.846189
0.0,0.0,0.0,-13.55253417647059,-21.42856214705882,-22.69439520588236,4.71859329411765,-46.22015902941176,-20.867719735294088,-13.153658823529412,-68.97720385294117,-32.37715517647064,1.5595000294117618,-92.87033091176471,-24.266759529411786,-18.297579323529412,-113.59802970588235,-31.73791782352947,-37.46949158823529,-28.516176205882353,-7.514867529411788,-37.23237055882353,-66.40455229411765,-16.61681047058829,-43.176759294117645,-106.44935020588235,-14.495778735294152,0.00082656916,-0.0015496655,8.395742e-06,-12.799816,-20.87894,-22.156734,4.319379,-45.14819,-21.266071,-12.303642,-66.94046,-32.791325,1.7396003,-90.0875,-26.506996,-16.21251,-109.87311,-34.78931,-36.745083,-27.824295,-7.520911,-36.459614,-65.42974,-17.487604,-41.41657,-105.12033,-17.857176
0.0,0.0,0.0,-13.470545218749995,-21.4260616875,-22.56292721875002,4.545137843750005,-46.243115843750005,-20.834768281250035,-13.209619062499996,-68.87607696875,-32.247081656249975,1.285803781250003,-92.71568203125,-24.341696843750015,-18.354785249999996,-113.30448290624999,-31.775931343750017,-37.374696781249995,-28.392520125,-7.48595903124999,-37.25632846875,-66.30326628124999,-16.57416059374998,-43.235123968749996,-106.32340603124999,-14.611527468750012,0.0006907348,-0.0011174731,2.5623234e-05,-14.998953,-21.414524,-23.869034,5.4244585,-46.73385,-21.331526,-14.54796,-70.087654,-33.67328,1.9342414,-94.8437,-23.575119,-20.356878,-116.02813,-31.082268,-38.679474,-29.19297,-7.7009244,-38.4184,-66.86468,-16.990374,-44.870445,-106.852104,-13.476022
0.0,0.0,0.0,-13.598329781250001,-21.408170937499996,-22.728472718750027,4.659273437500001,-46.26456271875,-20.859608750000007,-13.278988093750002,-68.96479475000001,-32.40750809374998,1.3924225312499985,-92.90147703125,-24.24396993749997,-18.5226663125,-113.56961909374999,-31.76025868749997,-37.552390062499995,-28.461370406249998,-7.5441217812499985,-37.396843593750006,-66.30954628125001,-16.687329218749994,-43.43785328125,-106.35978646875,-14.549740812500033,0.00069213763,-0.0011084757,3.063751e-05,-15.104777,-21.419819,-23.92985,5.4512987,-46.763268,-21.401344,-14.670641,-70.1926,-33.74806,1.9376231,-95.00784,-23.553328,-20.51953,-116.23528,-30.981054,-38.74275,-29.247082,-7.6913137,-38.488632,-66.92007,-16.978546,-44.975574,-106.90935,-13.32825
0.0,0.0,0.0,-14.336829264705885,-21.34356244117647,-23.591076941176425,5.264718058823526,-46.455260911764704,-21.13283773529406,-13.684249411764709,-69.57227488235293,-33.36076344117646,1.9922732058823485,-94.0128917647059,-23.920471058823523,-19.285488647058827,-115.05137223529411,-31.708613647058826,-38.3680920882353,-28.91218847058823,-7.989474176470537,-37.964078,-66.5475758235294,-17.317275088235192,-44.27306152941177,-106.67624044117646,-14.506849411764676,0.0006925515,-0.0011052893,3.0155305e-05,-15.127452,-21.406597,-23.927132,5.427899,-46.74703,-21.419891,-14.699644,-70.16816,-33.76262,1.9193732,-94.98654,-23.595938,-20.540876,-116.213486,-31.019053,-38.752586,-29.23877,-7.6721187,-38.50444,-66.90593,-16.97227,-44.98282,-106.897644,-13.335011
0.0,0.0,0.0,-15.29417046875,-21.1024085625,-24.998868968750003,6.326042031249997,-46.4420021875,-21.460202156250034,-14.12288665625,-70.22237071875,-35.05634787500003,3.0716548125000003,-95.35281865625,-23.66606334375001,-20.4192714375,-117.17403600000002,-31.960130656250044,-39.38075525,-29.51783021875,-8.618629406250022,-38.57703915625,-66.7967384375,-18.324433375000012,-45.243502375,-107.0234995,-14.416783375000023,0.00072581286,-0.0011660187,-8.58567e-06,-16.752502,-21.15835,-25.562645,6.9751325,-46.98726,-22.184397,-15.956652,-71.25075,-36.11197,3.3240435,-97.2184,-23.392622,-22.446054,-119.09968,-31.091497,-39.853203,-30.214724,-8.437234,-39.22867,-67.54265,-18.223257,-46.159237,-107.463875,-13.203217
0.0,0.0,0.0,-15.619934147058824,-21.038242147058824,-25.362915852941228,6.628073676470585,-46.42900011764706,-21.60417976470592,-14.318287500000002,-70.40551447058824,-35.613195000000076,3.3963957058823517,-95.74396070588236,-23.64946688235301,-20.778004352941178,-117.79412511764707,-32.07380223529418,-39.6352380882353,-29.717090117647054,-8.804683852941196,-38.714886647058826,-66.9109545882353,-18.613691382352897,-45.45309294117647,-107.15181244117649,-14.399649205882326,0.0006770401,-0.0011693445,-2.5962578e-05,-17.335293,-21.03581,-26.18974,7.660819,-47.064804,-22.572842,-16.451874,-71.675644,-37.147552,3.8962667,-98.14478,-23.410221,-23.17014,-120.22906,-31.21003,-40.188633,-30.612581,-8.852739,-39.433468,-67.84111,-18.855667,-46.58308,-107.72771,-13.33496
0.0,0.0,0.0,-15.953449647058823,-20.948167470588235,-25.756095441176456,6.9012200588235295,-46.44574870588236,-21.803149941176457,-14.56676132352941,-70.58448485294117,-36.18272226470583,3.6442797647058853,-96.13014026470586,-23.691842470588256,-21.20222917647059,-118.34122197058822,-32.246582911764676,-39.86706032352941,-29.886901735294117,-9.019228617647059,-38.870963911764704,-67.01014,-18.940036499999962,-45.7024555,-107.24812676470587,-14.462718323529373,0.0006114722,-0.0012008074,8.9546265e-06,-18.18924,-20.912514,-26.95967,8.583852,-47.24502,-23.34989,-17.357119,-72.41076,-38.552986,4.5768266,-99.70841,-23.52107,-24.233088,-121.89023,-31.12191,-40.60517,-31.210016,-9.453668,-39.737186,-68.3711,-19.728403,-47.196884,-108.18934,-13.455251
0.0,0.0,0.0,-16.600176911764706,-20.81279394117647,-26.521954735294116,7.435542970588234,-46.476333588235285,-22.156532823529403,-15.091963911764704,-70.93129964705884,-37.232922882352966,4.116227941176472,-96.88428155882355,-23.72297052941184,-22.07460261764706,-119.35169973529412,-32.54889458823533,-40.25384805882353,-30.21912405882353,-9.380465411764703,-39.14853270588236,-67.21954670588235,-19.500805205882386,-46.17200291176471,-107.41569776470588,-14.561636529411771,0.0006764352,-0.0012751584,-7.492263e-05,-18.90119,-20.568317,-27.78157,9.174845,-47.322807,-23.40972,-18.126165,-72.61808,-39.667,4.69257,-100.55058,-23.18134,-25.954882,-122.80579,-31.161348,-41.22204,-31.312672,-9.981669,-40.360138,-68.24803,-20.439432,-48.35944,-107.84699,-13.548477
0.0,0.0,0.0,-16.881260250000004,-20.7160244375,-26.82575424999999,7.702042312499998,-46.47068203125001,-22.299400437500083,-15.325914718750003,-71.04145484375,-37.71450062500003,4.3171618125,-97.24551375,-23.71977528125001,-22.544802406250003,-119.82307981250001,-32.68317331250006,-40.42342584375,-30.3484506875,-9.533715312500021,-39.26751415625,-67.28869953125,-19.747507312499977,-46.413372125,-107.45045628125,-14.563890562500035,0.000681474,-0.0012481373,-9.9012716e-05,-18.790932,-20.484056,-27.758198,9.014556,-47.25125,-23.147738,-17.96462,-72.333755,-39.531475,4.5304484,-100.13935,-23.114674,-25.977982,-122.39375,-31.383463,-41.249588,-31.116827,-9.930623,-40.404625,-67.99142,-20.396261,-48.420628,-107.569565,-13.682473
0.0,0.0,0.0,-17.195116911764703,-20.612737705882356,-27.199758999999972,7.966673647058819,-46.46133711764706,-22.40340823529408,-15.578166823529411,-71.12335638235294,-38.23541964705885,4.517384676470591,-97.620071,-23.709785911764698,-23.051053617647057,-120.28405402941176,-32.797882970588205,-40.59381305882353,-30.473441911764706,-9.686543117647034,-39.38978038235294,-67.33862544117648,-20.018840970588258,-46.6756884117647,-107.4646889117647,-14.578363676470588,0.0006928659,-0.0012979946,-9.636632e-05,-19.081816,-20.493174,-27.984274,9.380567,-47.313705,-23.45296,-18.260303,-72.67407,-39.9818,4.8522716,-100.74968,-23.151773,-26.2333,-123.064384,-31.230032,-41.344513,-31.395199,-10.107714,-40.436703,-68.26957,-20.635801,-48.51261,-107.82405,-13.6140995
0.0,0.0,0.0,-17.97517838235294,-20.225085676470588,-28.028834735294197,8.690041970588233,-46.47637564705883,-22.874109617647093,-16.232391911764704,-71.36344120588235,-39.65042029411768,5.004251823529412,-98.62225197058824,-23.803940705882383,-24.479064411764703,-121.61419047058824,-33.087638382352964,-40.988779323529414,-30.800884411764706,-10.177962382352973,-39.68363320588235,-67.47186132352941,-20.827030029411844,-47.367718882352946,-107.4908288235294,-14.682464676470659,0.0006808803,-0.0012878695,-0.00014092955,-19.578733,-20.330534,-28.385977,9.644031,-47.40546,-23.572618,-18.892534,-72.87492,-40.540295,4.799227,-101.34096,-22.937017,-27.357801,-123.634636,-31.040924,-41.69647,-31.483252,-10.313349,-40.85114,-68.25676,-20.90605,-49.23747,-107.64032,-13.448944
0.0,0.0,0.0,-18.1755080625,-20.08841565625,-28.317510468750015,8.92281334375,-46.517388062500004,-22.980384718749974,-16.369447593750003,-71.44223584375,-40.062728906250015,5.1716525625,-98.883443125,-23.762000968750044,-24.88378621875,-122.0518888125,-33.12134746875006,-41.080897812500005,-30.87264975,-10.361584531250003,-39.733048,-67.508711875,-21.102163125000004,-47.55869809375,-107.47007003124999,-14.720204218750041,0.000636613,-0.0012707474,-0.00015721317,-20.10709,-20.297478,-28.73101,10.014778,-47.58742,-23.996655,-19.665451,-73.41607,-41.124203,4.829005,-102.37466,-22.79722,-28.405216,-124.59148,-30.472015,-41.956257,-31.76377,-10.55595,-41.180885,-68.54217,-21.151634,-49.847973,-107.77629,-13.062211
0.0,0.0,0.0,-18.541197294117648,-19.95901511764706,-28.653523911764694,9.220832558823531,-46.62624435294117,-23.208957323529432,-16.798448970588236,-71.66000579411765,-40.63753905882356,5.269989529411767,-99.4248993235294,-23.70829664705883,-25.629064411764706,-122.58632626470587,-33.157631176470545,-41.27036917647059,-31.012602235294118,-10.615921735294137,-39.93966079411764,-67.60127352941177,-21.465540147058732,-47.98365970588235,-107.4711080882353,-14.730000882352954,0.00055162713,-0.0012112213,-8.6783126e-05,-20.200308,-20.448553,-28.671959,10.062228,-47.805386,-24.371258,-20.001802,-73.88073,-41.097897,4.715281,-103.022446,-22.715534,-28.580708,-125.05059,-29.83155,-41.88704,-31.949677,-10.604173,-41.208702,-68.86714,-21.096502,-49.95921,-108.05401,-12.698757
0.0,0.0,0.0,-19.573910264705884,-19.552810264705883,-29.455927088235228,10.06209682352942,-46.84871088235293,-23.546961999999894,-18.05922782352941,-72.10968508823528,-42.04612914705871,5.499426558823529,-100.7563912647059,-23.426523294117544,-27.66574529411765,-123.87508779411766,-33.023463499999934,-41.803879058823526,-31.29268370588235,-11.137666499999966,-40.545317,-67.72040685294118,-22.188454029411673,-49.169024176470586,-107.30968911764705,-14.680646882352903,0.0005015535,-0.0011341436,-0.00023970917,-20.77539,-20.061316,-29.228561,10.326057,-47.74359,-24.11061,-20.559338,-73.70003,-41.784454,4.651568,-103.188,-22.387342,-30.070692,-125.3443,-30.009098,-42.411446,-31.86413,-10.762446,-41.742634,-68.525856,-21.392302,-50.84795,-107.45922,-12.623315
0.0,0.0,0.0,-19.97885153125,-19.436742062500002,-29.694232,10.37785253125,-46.94328525,-23.606698031249948,-18.60159671875,-72.30401134375,-42.435220812500006,5.571659499999999,-101.24290662499999,-23.24547293750004,-28.42207965625,-124.30768028125,-32.844886031249985,-42.01414384375,-31.414388062500002,-11.255342593750015,-40.794536156250004,-67.78379600000001,-22.34214506249998,-49.60869425,-107.24586971875,-14.555745249999973,0.0005017901,-0.0011427965,-0.00024056296,-20.776701,-20.050179,-29.282179,10.412752,-47.74311,-24.104326,-20.509663,-73.720535,-41.863667,4.752129,-103.23532,-22.367992,-30.042166,-125.426544,-30.042702,-42.413982,-31.900185,-10.813729,-41.705433,-68.55239,-21.462694,-50.817463,-107.48839,-12.668323
0.0,0.0,0.0,-20.398826382352944,-19.329420352941177,-29.99817973529406,10.709286411764698,-47.04180694117647,-23.706954852941124,-19.179800323529413,-72.52356505882352,-42.890747970588166,5.659364176470586,-101.7825961764706,-23.04752938235299,-29.231028705882352,-124.78592655882352,-32.62307926470589,-42.24125055882352,-31.539725617647065,-11.432610088235265,-41.05895711764706,-67.85822485294116,-22.555627264705834,-50.08177323529412,-107.18376447058822,-14.420688323529419,0.0005154592,-0.0011533294,-0.00024695264,-20.875368,-20.074625,-29.30407,10.465962,-47.778023,-24.226435,-20.678963,-73.850815,-41.932358,4.7556853,-103.440674,-22.378738,-30.188263,-125.60283,-29.88751,-42.438065,-31.973883,-10.83111,-41.75127,-68.64348,-21.46514,-50.883797,-107.55328,-12.559416
0.0,0.0,0.0,-21.54637094117647,-19.058722000000003,-30.57450611764699,11.57257288235294,-47.363435529411774,-23.857502794117522,-20.738937794117646,-73.23298658823529,-43.92254464705877,5.746859852941178,-103.33937517647058,-22.22131088235284,-31.63017738235294,-126.09911829411766,-31.57746626470572,-42.84896817647059,-31.864661970588237,-11.779878558823441,-41.80926720588235,-68.0234264117647,-23.037840147058716,-51.48098835294118,-106.86548935294118,-13.776846617646981,0.00040680225,-0.0010705658,-0.000108531865,-20.98512,-20.34853,-29.089613,10.382467,-48.082382,-24.962751,-21.3171,-74.55653,-41.791103,4.3851314,-104.3902,-22.451927,-30.442656,-126.10993,-28.857264,-42.27778,-32.20929,-10.879703,-41.826096,-69.12885,-21.334448,-51.048573,-107.95786,-12.045647
0.0,0.0,0.0,-21.91063078125,-18.96642346875,-30.763603343749935,11.760902125000005,-47.42191571875,-23.96757809374992,-21.21245953125,-73.42865559375001,-44.21493075000001,5.702865531249998,-103.804459125,-22.050326562500004,-32.38335928125,-126.47431515625,-31.28938412499997,-43.054795874999996,-31.958420125000004,-11.893084749999957,-42.0495389375,-68.058166375,-23.210242499999993,-51.923275625,-106.74961025,-13.597983531249952,0.00040891525,-0.0010757208,-9.8292e-05,-20.907923,-20.394854,-29.017202,10.358262,-48.083286,-24.95601,-21.208778,-74.55813,-41.693626,4.4286456,-104.33226,-22.471554,-30.20853,-126.061966,-28.863628,-42.21106,-32.218525,-10.846757,-41.743916,-69.1629,-21.290045,-50.90978,-108.02891,-12.067769
0.0,0.0,0.0,-22.26675367647059,-18.903224823529413,-30.91284547058808,11.934938764705876,-47.436615529411775,-24.058048852941113,-21.604966911764706,-73.61070932352942,-44.456042911764655,5.7672436470588195,-104.19837629411765,-21.80504823529401,-32.94773855882353,-126.8293315,-30.88432749999987,-43.22132552941177,-32.06862555882353,-11.935027999999932,-42.21424502941177,-68.13242629411765,-23.269158794117573,-52.20254085294118,-106.66481270588235,-13.33811049999997,0.00040710313,-0.001074299,-9.280471e-05,-20.883202,-20.405327,-28.993769,10.326055,-48.0938,-24.936003,-21.19299,-74.55262,-41.64373,4.3947797,-104.308395,-22.455158,-30.188997,-126.03066,-28.847126,-42.2023,-32.2002,-10.829495,-41.745674,-69.15364,-21.259604,-50.91035,-108.027695,-12.05173
0.0,0.0,0.0,-22.182759176470583,-19.31241432352941,-30.65925858823539,11.835725852941174,-47.5967574117647,-24.18215658823533,-21.704941558823524,-73.87934876470588,-44.0280959411765,5.741131147058827,-104.27383261764705,-21.8543483529412,-32.520114382352936,-126.57685388235294,-30.788511352941214,-43.024118411764704,-32.18354682352941,-11.769994205882426,-42.10060011764705,-68.36171738235294,-22.94071850000006,-51.92165994117647,-106.92884567647059,-13.261914176470668,0.00044516972,-0.0010831624,-0.00012177987,-20.866388,-20.363804,-28.944746,10.187555,-48.009975,-24.820684,-21.152233,-74.35516,-41.554256,4.310448,-104.00535,-22.532679,-30.16641,-125.764404,-29.04974,-42.23185,-32.093983,-10.725861,-41.791386,-69.00821,-21.168951,-50.90518,-107.90395,-12.102446
0.0,0.0,0.0,-21.93733223529412,-19.6368565,-30.401377911764712,11.721528764705884,-47.68624817647059,-24.231773882352968,-21.545225323529415,-74.00752664705882,-43.59265055882355,5.780714205882347,-104.18916088235295,-21.92981223529415,-31.811226500000004,-126.32589841176473,-30.819887882352873,-42.78740744117647,-32.246076058823526,-11.607526999999948,-41.89951182352941,-68.52387105882352,-22.669167911764703,-51.48756582352941,-107.19328570588236,-13.357003647058832,0.00041074902,-0.0010731217,-6.155907e-05,-20.72908,-20.480354,-28.778639,10.129784,-48.074963,-24.94919,-21.05428,-74.48633,-41.36025,4.309283,-104.09997,-22.565603,-29.798075,-125.781784,-28.853895,-42.07596,-32.139328,-10.698755,-41.648228,-69.14881,-21.093096,-50.69454,-108.09645,-12.056531
0.0,0.0,0.0,-21.685983999999998,-19.899044781249998,-30.187012593750012,11.587566843749997,-47.76768325,-24.366332000000057,-21.36723821875,-74.09953128125001,-43.27698981250006,5.822888656250001,-104.13299384375,-22.04180046875001,-31.11890309375,-126.16144800000001,-30.84218778125006,-42.57733584375,-32.2974809375,-11.537455500000078,-41.72255762499999,-68.65645728125,-22.507210593750074,-51.09229909375,-107.45143121875,-13.510173843750067,0.00040931316,-0.0010641466,-7.771213e-05,-20.841488,-20.42309,-28.874338,10.187312,-48.059105,-24.986351,-21.19579,-74.48906,-41.51827,4.298475,-104.18303,-22.57787,-30.060177,-125.85574,-28.87776,-42.15461,-32.149097,-10.752929,-41.73644,-69.12415,-21.176182,-50.840065,-108.0252,-12.070585
0.0,0.0,0.0,-20.861897029411764,-20.375229794117647,-29.485487000000035,11.305701499999998,-47.98713291176471,-24.66961832352945,-20.480923470588234,-74.26413164705883,-42.385865088235334,5.885247235294123,-103.9800101764706,-22.42453808823535,-29.19512820588235,-125.79178294117648,-30.643164176470634,-41.91141067647059,-32.39366032352941,-11.270829882352984,-41.05050767647059,-69.04866861764705,-22.097916558823613,-50.0155799117647,-108.12708970588236,-13.762861264705975,0.00024420905,-0.0010025722,0.00015908397,-20.270254,-20.967426,-28.145525,9.91622,-48.410408,-25.42024,-20.773123,-75.080376,-40.55362,4.2773223,-104.57385,-22.545225,-28.498226,-125.93722,-27.909744,-41.509712,-32.35497,-10.54333,-41.142254,-69.74071,-20.71016,-49.93694,-108.84061,-11.717296
0.0,0.0,0.0,-20.597868941176472,-20.48941067647059,-29.181571441176516,11.204681117647059,-48.03194332352941,-24.682328117647046,-20.19341585294118,-74.27777494117647,-42.065547117646986,5.9054935294117605,-103.8990765,-22.45616332352938,-28.57494205882353,-125.64977673529413,-30.519009676470546,-41.7173375,-32.3895669117647,-11.146949294117633,-40.85558085294118,-69.13483573529412,-21.962029852941157,-49.69080073529412,-108.3069835,-13.807127117647042,0.000104157225,-0.00093314494,0.00026144463,-19.97183,-21.26937,-27.72663,9.805908,-48.589764,-25.646484,-20.49593,-75.37783,-40.033688,4.372193,-104.75577,-22.551575,-27.511757,-125.99215,-27.443817,-41.125828,-32.513203,-10.382033,-40.743336,-70.117455,-20.432291,-49.3086,-109.3251,-11.5385
0.0,0.0,0.0,-20.366478281250004,-20.592543125,-28.97341459375002,11.103772187499999,-48.0622849375,-24.752591218750013,-19.92800575,-74.292631875,-41.74983690624998,5.91272275,-103.81893540625,-22.516464343750044,-28.01413284375,-125.52078484375001,-30.441895531249997,-41.54645784375,-32.378048625,-11.078192843750003,-40.6867420625,-69.20678053125,-21.87350471875004,-49.393027843750005,-108.46474300000001,-13.90268715625001,2.3004803e-05,-0.0008948073,0.0003366319,-19.683327,-21.415655,-27.435616,9.691549,-48.60589,-25.68389,-20.134928,-75.369606,-39.68105,4.4728236,-104.57019,-22.664808,-26.69127,-125.77262,-27.431482,-40.84372,-32.54245,-10.249868,-40.408566,-70.25217,-20.26861,-48.757195,-109.55513,-11.604444
0.0,0.0,0.0,-19.72448532352941,-20.861379235294116,-28.436438176470574,10.833238970588233,-48.14461705882353,-24.8684628823529,-19.24937532352941,-74.25293947058823,-41.1279673529412,5.929663352941176,-103.53390438235296,-22.804105794117675,-26.461389,-125.09973870588236,-30.290035294117615,-41.08353617647059,-32.35012588235294,-10.914979764705834,-40.188771970588235,-69.39649111764706,-21.68080491176471,-48.559299617647056,-108.87635026470589,-14.241109499999993,7.922004e-06,-0.00089147245,0.00038989322,-19.348827,-21.481388,-27.140722,9.525459,-48.462555,-25.601917,-19.62209,-75.0922,-39.357655,4.6459374,-103.99306,-22.982164,-25.716549,-125.26213,-27.844412,-40.57902,-32.483944,-10.067446,-40.04191,-70.237816,-20.118145,-48.071075,-109.69845,-11.889206
0.0,0.0,0.0,-19.52472376470588,-20.915228029411765,-28.237666470588238,10.769355676470585,-48.163427705882356,-24.869457411764643,-19.04692958823529,-74.22755179411764,-40.92195849999996,5.928773176470592,-103.45040750000001,-22.869342588235327,-26.046276058823526,-124.95776347058823,-30.26296549999995,-40.93864285294117,-32.322266794117645,-10.87565352941175,-40.0364009117647,-69.42758247058823,-21.630210499999976,-48.33504744117647,-108.96808770588234,-14.358218058823581,1.1966855e-05,-0.00089710497,0.00038340577,-19.3524,-21.487001,-27.175861,9.5725155,-48.4839,-25.578737,-19.607332,-75.13378,-39.38203,4.68031,-104.05204,-22.918089,-25.742842,-125.34834,-27.805794,-40.591785,-32.50414,-10.0933485,-40.043446,-70.257706,-20.137493,-48.09967,-109.718285,-11.863408
0.0,0.0,0.0,-19.374057941176467,-20.981719117647057,-28.072058147058783,10.705298911764707,-48.18281602941176,-24.86170397058828,-18.885710911764704,-74.22185094117647,-40.71065835294121,5.946131941176475,-103.37480173529413,-22.88893120588233,-25.671775294117644,-124.8497343529412,-30.166308176470636,-40.809625264705886,-32.30965835294118,-10.79532555882355,-39.89415270588235,-69.47911632352941,-21.51781314705886,-48.10590988235295,-109.07767511764708,-14.358653264705936,7.989784e-05,-0.0009330035,0.00037697784,-19.138882,-21.41757,-27.103678,9.425291,-48.289486,-25.361065,-19.252415,-74.75835,-39.270256,4.690307,-103.44287,-23.12462,-25.386477,-124.83734,-28.306477,-40.532566,-32.334404,-10.021284,-39.93094,-70.029915,-20.1145,-47.860073,-109.56779,-12.154798
0.0,0.0,0.0,-18.555201088235297,-21.34617123529412,-27.112949323529392,10.233406676470583,-48.283233088235306,-24.958532117647053,-18.03334667647059,-74.16845738235294,-39.64225597058817,5.947650735294118,-102.88918232352941,-23.231108852941077,-23.618088470588237,-124.10540226470589,-29.91612250000003,-39.969730764705886,-32.189154411764704,-10.364579264705867,-39.012864029411766,-69.82714505882353,-21.010112205882308,-46.70047070588235,-109.67140052941176,-14.583319323529395,0.00038581537,-0.0010540392,0.00016341798,-18.367928,-21.177347,-26.812899,8.714065,-47.622562,-24.024529,-17.89074,-73.24173,-38.491867,4.51524,-100.87719,-23.3642,-24.363428,-122.773285,-29.96814,-40.443848,-31.578104,-9.502931,-39.69681,-68.992256,-19.625772,-47.24602,-108.73888,-12.806544
0.0,0.0,0.0,-18.235027411764705,-21.47488041176471,-26.722194999999942,10.075985,-48.30779670588237,-25.000288205882327,-17.679010852941175,-74.1648386764706,-39.21117811764708,5.964051617647058,-102.72617947058824,-23.302782882352915,-22.880056794117646,-123.84963617647058,-29.752288735294087,-39.621888647058825,-32.137678558823524,-10.239541499999916,-38.626367970588234,-69.96455432352941,-20.830359911764617,-46.13348855882353,-109.90075502941176,-14.59940388235293,0.0003845363,-0.0010784206,0.00017132703,-18.550634,-21.138489,-27.03035,8.960408,-47.67207,-24.17164,-18.065504,-73.40662,-38.847504,4.6909137,-101.24131,-23.354479,-24.626364,-123.16043,-29.973969,-40.553425,-31.710577,-9.685508,-39.76807,-69.09877,-19.875189,-47.410564,-108.82382,-12.883739
0.0,0.0,0.0,-18.021112176470588,-21.57599714705882,-26.489730911764752,9.96671908823529,-48.341251029411765,-25.119935970588244,-17.407242999999998,-74.22936288235294,-38.9648626764706,5.952672647058826,-102.73146255882354,-23.42944338235293,-22.349684029411762,-123.75665123529413,-29.601900882352936,-39.322172676470586,-32.122101029411766,-10.203472411764665,-38.271638470588236,-70.13070505882352,-20.767433764705856,-45.689824617647055,-110.1188708235294,-14.69268991176466,0.0006565263,-0.0011961566,2.0241168e-06,-17.769287,-21.001244,-26.601542,8.2009115,-47.188427,-23.042887,-16.934246,-72.16577,-37.910114,4.282168,-99.10102,-23.45587,-23.732038,-121.245125,-31.052597,-40.38146,-30.980392,-9.203415,-39.564705,-68.20064,-19.33197,-46.903137,-108.05526,-13.332163
0.0,0.0,0.0,-17.74030429411765,-21.728833117647056,-26.209961970588267,9.869575676470586,-48.42395964705882,-25.480218470588227,-17.00734317647059,-74.461853,-38.76193691176468,5.9100054705882314,-102.99008061764705,-23.72794305882354,-21.637929647058826,-123.9064820882353,-29.23131897058829,-38.82904035294118,-32.148291470588234,-10.226606470588194,-37.74084155882353,-70.48001294117647,-20.850367970588195,-45.05134917647059,-110.57436485294119,-14.760236970588267,0.00065546343,-0.0012450514,-8.035764e-05,-18.985504,-20.608292,-27.75817,9.144432,-47.381462,-23.474451,-18.305563,-72.760925,-39.617893,4.591265,-100.74044,-23.09543,-26.156664,-122.98619,-30.887682,-41.25052,-31.348011,-9.93205,-40.448414,-68.31599,-20.334122,-48.504807,-107.89221,-13.287548
0.0,0.0,0.0,-17.640718088235296,-21.777298911764706,-26.101403558823506,9.879150499999998,-48.46300755882353,-25.69107864705876,-16.885279147058824,-74.61165167647059,-38.750793352941116,5.911787852941174,-103.2337906764706,-23.80696097058825,-21.428855764705887,-124.08115997058825,-29.033430176470517,-38.63181064705883,-32.197836323529415,-10.22589538235286,-37.51679464705882,-70.65158779411766,-20.990935352941108,-44.841156705882355,-110.77586820588235,-14.806796705882277,0.0006049508,-0.0012300168,-4.801354e-05,-19.397224,-20.583834,-28.010468,9.408423,-47.5287,-23.873234,-18.912605,-73.17229,-40.080463,4.614926,-101.54093,-23.045769,-26.887695,-123.69067,-30.504501,-41.429672,-31.570787,-10.127712,-40.686794,-68.548775,-20.559511,-48.94766,-108.01613,-13.067576
0.0,0.0,0.0,-17.57514594117647,-21.793657294117647,-26.003306676470572,9.883897999999999,-48.48527926470588,-25.89251702941175,-16.829158617647057,-74.74510755882353,-38.75656500000008,5.896102705882356,-103.46885502941177,-23.858112205882378,-21.302539029411765,-124.249848,-28.833909029411757,-38.482407970588234,-32.228837441176466,-10.244517617647034,-37.3459785,-70.79490820588235,-21.07667361764703,-44.69543329411765,-110.94238714705881,-14.829057617647095,0.00052009674,-0.0011916844,1.44315745e-05,-19.649647,-20.66167,-28.15577,9.675256,-47.76512,-24.306826,-19.385881,-73.72549,-40.376003,4.6397367,-102.45935,-22.912212,-27.36094,-124.45136,-29.882555,-41.472515,-31.835102,-10.337194,-40.78842,-68.907616,-20.72894,-49.235058,-108.28945,-12.770126
0.0,0.0,0.0,-17.540441411764707,-21.771834794117645,-25.813430882352918,9.916586970588238,-48.520835294117646,-26.38882011764707,-16.915737411764706,-75.07935685294116,-38.88399288235297,5.800442647058823,-104.12698629411763,-23.932141676470565,-21.21666238235294,-124.75080270588235,-28.230452705882385,-38.2128174117647,-32.282871,-10.328913117647062,-37.06280635294118,-71.11413197058823,-21.16017614705885,-44.50274823529412,-111.30720426470586,-14.723078117647049,0.00016319455,-0.0009821766,0.00030008622,-19.462639,-21.195892,-27.534254,9.572862,-48.30346,-25.242664,-19.689362,-74.76584,-39.744186,4.4678464,-103.7263,-22.858164,-26.589651,-125.14769,-28.285873,-40.920086,-32.236107,-10.266052,-40.409176,-69.79331,-20.387411,-48.72881,-109.20225,-12.072466
0.0,0.0,0.0,-17.561397764705884,-21.77448526470588,-25.769659735294113,9.938342441176474,-48.52771788235294,-26.53413494117649,-16.977256441176472,-75.18578785294117,-38.94530097058822,5.794971029411762,-104.33326800000002,-23.974308823529384,-21.221804000000002,-124.93136411764706,-28.042910558823507,-38.15553344117647,-32.31854588235295,-10.340821205882321,-36.991588,-71.2144415,-21.208407264705954,-44.45102088235294,-111.42211855882354,-14.635954176470591,2.4684065e-05,-0.00090394623,0.00037739598,-19.42357,-21.468935,-27.227816,9.588876,-48.516426,-25.60228,-19.728512,-75.20243,-39.426414,4.6183496,-104.18588,-22.83569,-25.980377,-125.46811,-27.66182,-40.650993,-32.509808,-10.122761,-40.132763,-70.258766,-20.143257,-48.26399,-109.68332,-11.742541
0.0,0.0,0.0,-17.599098029411763,-21.772608911764703,-25.7498869411765,9.951710970588248,-48.52947694117646,-26.697472941176386,-17.04624326470588,-75.28794079411765,-39.006508411764685,5.7808086764705955,-104.53399435294118,-24.034437352941154,-21.25456538235294,-125.11439355882354,-27.869078705882373,-38.122321382352936,-32.36248788235294,-10.365240588235281,-36.94219094117647,-71.3098649117647,-21.27195561764711,-44.42238544117647,-111.52648317647058,-14.561864499999956,6.1672763e-06,-0.00088309764,0.00038078713,-19.545532,-21.495094,-27.189816,9.553538,-48.572025,-25.750574,-19.954702,-75.316376,-39.41515,4.539471,-104.37569,-22.845886,-26.127525,-125.576195,-27.45781,-40.672195,-32.554924,-10.078552,-40.20665,-70.33201,-20.079565,-48.341385,-109.7229,-11.592
0.0,0.0,0.0,-17.71656464705882,-21.713631499999998,-25.776485000000037,10.01545791176471,-48.53333361764707,-26.961302852941174,-17.261925029411763,-75.50698773529412,-39.15049844117647,5.682282205882355,-104.99310682352942,-24.053633970588237,-21.547003294117644,-125.48553723529413,-27.52424911764706,-38.12949414705882,-32.43520120588235,-10.422911029411807,-36.949930970588234,-71.43486614705881,-21.392651,-44.563783470588234,-111.62366879411765,-14.381941147058853,0.00013233843,-0.00094725203,0.00024677848,-20.07442,-21.220879,-27.796036,9.816612,-48.59132,-25.666767,-20.646265,-75.38571,-40.130512,4.311027,-104.83528,-22.539515,-27.786663,-126.06733,-27.423334,-41.21399,-32.500908,-10.407167,-40.861187,-70.081726,-20.464369,-49.49137,-109.26705,-11.48728
0.0,0.0,0.0,-17.983157558823525,-21.629861411764708,-25.99707129411769,10.119999647058822,-48.49523000000001,-26.782127764705876,-17.558996382352937,-75.40370238235295,-39.372589147058875,5.6826089411764755,-104.94769444117648,-23.94441308823525,-22.189204764705877,-125.51635588235294,-27.700399088235372,-38.59892526470588,-32.53213420588235,-10.384351000000038,-37.45428302941176,-71.19363220588235,-21.407941029411802,-45.191139235294116,-111.26513500000001,-14.260949500000038,0.00018329284,-0.0009685516,0.00020666138,-20.318697,-21.108223,-27.999123,9.891913,-48.57334,-25.724298,-20.97746,-75.403625,-40.41628,4.2199674,-105.00221,-22.522089,-28.4169,-126.20923,-27.412184,-41.41043,-32.496246,-10.502087,-41.10388,-70.00133,-20.59438,-49.876026,-109.086334,-11.443963
0.0,0.0,0.0,-18.293983588235296,-21.52614423529412,-26.27109758823525,10.261730352941175,-48.43299932352941,-26.50066332352941,-17.988394647058826,-75.21535394117646,-39.625044088235256,5.700444352941176,-104.79578770588235,-23.809422235294107,-22.955016294117648,-125.48761938235295,-27.96290052941174,-39.18176832352941,-32.59423788235294,-10.412500794117648,-38.08201332352941,-70.86650376470588,-21.314720676470586,-45.95032305882353,-110.79455964705882,-14.158352941176418,5.646466e-05,-0.0009001944,0.0003148851,-19.937214,-21.338263,-27.521603,9.651962,-48.610764,-25.845669,-20.5541,-75.407196,-39.853836,4.2828794,-104.76351,-22.733309,-27.25392,-125.86869,-27.340593,-41.00407,-32.528316,-10.268456,-40.663754,-70.205185,-20.303535,-49.108448,-109.43545,-11.500129
0.0,0.0,0.0,-18.791454593749997,-21.346650875,-26.945774156249968,10.49136403125,-48.333483125,-25.932934875,-18.720550593749998,-74.84549740625,-40.17506690624998,5.761623156250003,-104.45850300000001,-23.53143124999997,-24.210312624999997,-125.41310328125,-28.573396843750004,-40.16432646875,-32.63621459375,-10.511199093749951,-39.19505775,-70.27217546874999,-21.34544096875004,-47.212357687499996,-110.02707546875,-14.095954937499982,-2.63509e-06,-0.0008687014,0.0003697853,-19.679934,-21.444372,-27.25991,9.517972,-48.586544,-25.818968,-20.21219,-75.31389,-39.529556,4.3646874,-104.471924,-22.865232,-26.520723,-125.57097,-27.441784,-40.772865,-32.515198,-10.120371,-40.383186,-70.26525,-20.1388,-48.613365,-109.59241,-11.601187
0.0,0.0,0.0,-18.931642147058824,-21.272435352941176,-27.17496276470581,10.578911323529411,-48.29445682352941,-25.737365911764698,-18.90823632352941,-74.71479520588235,-40.35792997058826,5.784031852941176,-104.33435705882353,-23.40563347058827,-24.629445264705883,-125.40515288235295,-28.75957720588235,-40.47263288235294,-32.619722911764704,-10.5803520294117,-39.5384019117647,-70.06815414705883,-21.34384523529411,-47.609293588235296,-109.7747984117647,-14.084632470588247,7.5586344e-05,-0.00090939424,0.00029551334,-19.812103,-21.310469,-27.532217,9.630104,-48.544323,-25.615057,-20.3181,-75.23271,-39.792175,4.321072,-104.461426,-22.69391,-27.107569,-125.663666,-27.57731,-40.997883,-32.440006,-10.251764,-40.617146,-70.07953,-20.295065,-49.041,-109.34849,-11.62723
0.0,0.0,0.0,-19.044459294117647,-21.20176423529412,-27.377244000000076,10.652015294117643,-48.2549540882353,-25.549339029411726,-19.052794088235295,-74.59698341176471,-40.525534294117676,5.8018336470588245,-104.2183202352941,-23.299758117647002,-24.97895864705882,-125.40021985294116,-28.939338323529398,-40.727959764705886,-32.592740382352936,-10.650003852941097,-39.81387497058824,-69.89885623529412,-21.401326029411848,-47.94748341176471,-109.56218402941177,-14.071984852941227,2.7511996e-05,-0.000878736,0.00033047074,-19.865421,-21.394451,-27.421621,9.587035,-48.64162,-25.837053,-20.485432,-75.42031,-39.70104,4.2613187,-104.71862,-22.715961,-27.062393,-125.79689,-27.272617,-40.93262,-32.526505,-10.201766,-40.59789,-70.24008,-20.20686,-48.989555,-109.48672,-11.4589
0.0,0.0,0.0,-19.141317500000003,-21.13924217647059,-27.56418023529409,10.700592235294117,-48.21988952941177,-25.389438470588175,-19.171107588235294,-74.49478508823529,-40.676133117647,5.800519088235291,-104.10642702941176,-23.242124705882304,-25.28846485294118,-125.37728797058826,-29.149538794117632,-40.93813211764706,-32.55914285294118,-10.73359770588229,-40.05267179411765,-69.75583023529411,-21.480459764705813,-48.22799632352941,-109.38564244117647,-14.082935058823466,7.411407e-06,-0.0008766557,0.00035484933,-19.798422,-21.44085,-27.355011,9.604386,-48.650013,-25.88095,-20.37791,-75.45506,-39.641487,4.3587546,-104.72325,-22.75652,-26.793106,-125.80793,-27.259052,-40.847183,-32.573624,-10.182676,-40.476215,-70.320465,-20.187065,-48.79559,-109.60009,-11.480869
0.0,0.0,0.0,-19.28338825,-21.050105875,-27.86752209375004,10.773148156249995,-48.16915771875001,-25.137268000000006,-19.33394878125,-74.33179009375,-40.912519281249956,5.793857812500001,-103.91091671875,-23.174545156249962,-25.78116671875,-125.352837,-29.40272228125002,-41.23504215625,-32.4964800625,-10.810125218749931,-40.400694062499994,-69.54122196875,-21.537742468750025,-48.650908656249996,-109.10608074999999,-14.114952968750003,2.9024435e-05,-0.0009000519,0.00033853724,-19.773888,-21.418219,-27.447102,9.702683,-48.63404,-25.78332,-20.279991,-75.44119,-39.73002,4.451858,-104.70949,-22.68729,-26.813526,-125.87431,-27.344875,-40.876465,-32.57931,-10.253448,-40.464066,-70.29774,-20.272915,-48.82625,-109.58588,-11.54594
0.0,0.0,0.0,-19.323156,-21.017217029411768,-27.97729670588228,10.81037738235294,-48.148712411764706,-25.00175761764706,-19.38421473529412,-74.27062614705882,-40.99087705882346,5.794741558823528,-103.83280320588236,-23.12941341176463,-25.96653388235294,-125.32418032352942,-29.548715117646964,-41.33243673529412,-32.46582829411765,-10.824748352941185,-40.51411135294118,-69.46246835294119,-21.544931823529396,-48.79788202941177,-109.00562470588235,-14.092943147058747,7.9787336e-05,-0.0009188821,0.00028152025,-19.969442,-21.31834,-27.651005,9.765798,-48.63614,-25.728477,-20.54053,-75.44757,-39.95169,4.3396173,-104.835594,-22.565386,-27.433495,-126.01467,-27.321993,-41.080948,-32.542477,-10.342348,-40.719444,-70.1872,-20.370493,-49.254646,-109.39804,-11.473081
0.0,0.0,0.0,-19.370074529411767,-20.970154470588234,-28.09336417647063,10.84422882352942,-48.1083253235294,-24.8995757058824,-19.44388132352941,-74.21468535294117,-41.09307602941175,5.793768941176467,-103.76329705882353,-23.083558088235293,-26.171788941176473,-125.30348047058823,-29.690894676470577,-41.42804788235294,-32.43275938235294,-10.847318029411781,-40.62296579411765,-69.37905455882353,-21.573130088235303,-48.948860264705885,-108.89896105882353,-14.074612029411753,0.00019409414,-0.0009772484,0.00018456914,-20.291481,-21.084675,-28.091816,9.966342,-48.559208,-25.56291,-20.877552,-75.36099,-40.469124,4.2766614,-104.92714,-22.40579,-28.47874,-126.21453,-27.500645,-41.45107,-32.47661,-10.5469265,-41.111,-69.94381,-20.64428,-49.931255,-109.016945,-11.491218
0.0,0.0,0.0,-19.528620705882354,-20.82056944117647,-28.439868705882418,10.933726294117651,-47.99721479411765,-24.684443735294167,-19.637180235294117,-74.08026120588235,-41.41849211764708,5.774995441176468,-103.62903402941177,-22.958185500000013,-26.804260735294115,-125.31258338235294,-30.00839229411764,-41.68736723529412,-32.34433117647059,-10.976537294117634,-40.89880317647058,-69.15689055882353,-21.714807029411816,-49.3721524117647,-108.60523361764704,-14.061929147058834,0.00034555906,-0.0010450293,-7.930492e-06,-20.746777,-20.603441,-28.757904,10.256788,-48.23912,-25.17059,-21.161316,-74.840195,-41.357735,4.364654,-104.57676,-22.441936,-29.764416,-126.15311,-28.411364,-41.99592,-32.30488,-10.7846,-41.581932,-69.41123,-21.120924,-50.67331,-108.32582,-11.889656
0.0,0.0,0.0,-19.34128225,-20.693605187499998,-28.56112274999998,10.836684125000005,-47.82194275,-24.254607999999962,-19.468255156249995,-73.7397479375,-41.346451624999986,5.7507546562500025,-102.93359421875,-22.91698628124999,-26.840252843749997,-124.81899756250002,-30.544799624999996,-41.77382171875,-32.08630771875,-10.988529000000028,-41.001949812499994,-68.82787643750001,-21.657503843749964,-49.43165284375,-108.30542225000002,-14.131692750000013,0.00033748,-0.0010275079,-2.901009e-05,-20.873825,-20.553476,-28.85956,10.319263,-48.247036,-25.208572,-21.335438,-74.88792,-41.50434,4.333427,-104.71981,-22.400534,-30.092096,-126.28881,-28.340174,-42.08348,-32.324245,-10.834292,-41.688667,-69.4034,-21.18019,-50.859688,-108.25907,-11.818138
0.0,0.0,0.0,-18.995967531250002,-20.611191124999998,-28.451196781249962,10.623330249999995,-47.5564119375,-23.78433990625001,-19.029735031250002,-73.3062761875,-41.02849871874997,5.802236125,-101.95063103125,-23.003670656249938,-26.358851156250005,-124.1112223125,-31.05917356249995,-41.66893359375,-31.80387009375,-10.836030062499958,-40.86826046875,-68.53893178125,-21.397778593749933,-49.07460575,-108.12618806249999,-14.118658093750014,0.00027676285,-0.000984472,1.9430208e-05,-20.850842,-20.652948,-28.748205,10.267132,-48.362587,-25.387583,-21.44264,-75.1066,-41.366447,4.2234073,-104.98966,-22.352629,-30.059248,-126.435326,-27.961874,-42.00102,-32.38113,-10.819948,-41.667904,-69.55366,-21.09514,-50.854713,-108.39797,-11.617876
0.0,0.0,0.0,-18.2376313125,-20.48907784375,-28.188898031250062,10.122450781249999,-46.93648821875,-23.28520387499998,-17.73077353125,-72.4725473125,-40.46599484375008,5.920783562499999,-100.43471971874999,-23.36184596875006,-25.19911896875,-123.26888696875,-31.635910000000024,-41.297059250000004,-31.403350656249998,-10.573965093750076,-40.24910665625,-68.161502,-21.096897125000055,-48.04994615625,-107.92383974999998,-14.002812406249973,1.6259262e-05,-0.0009027666,0.00040253365,-19.29521,-21.502163,-27.086914,9.505421,-48.448082,-25.595615,-19.531246,-75.07675,-39.2902,4.6967273,-103.92982,-23.018757,-25.531542,-125.22853,-27.876656,-40.536495,-32.48599,-10.038622,-39.97967,-70.25797,-20.081427,-47.953762,-109.75956,-11.907079
0.0,0.0,0.0,-17.843605676470588,-20.370103235294117,-28.092236647058826,9.77281470588235,-46.626444823529404,-23.200238470588204,-17.015836088235297,-72.03327555882353,-40.2502873529412,5.8673740882352945,-99.76972705882353,-23.653972823529443,-24.62874941176471,-122.91047594117647,-31.89294173529413,-41.08805332352941,-31.219567411764707,-10.461359235294083,-39.901517029411764,-67.97180605882353,-20.99174423529405,-47.55271464705882,-107.82296585294118,-14.038384058823567,0.00015300617,-0.00092146324,0.00031369936,-19.010815,-21.260834,-27.062668,8.995586,-48.123684,-24.895966,-19.15481,-74.24232,-38.9998,4.188419,-102.66969,-23.086193,-25.739485,-124.11268,-28.691399,-40.678356,-31.908941,-9.85617,-40.204468,-69.50275,-19.908237,-48.21556,-109.05425,-12.194249
0.0,0.0,0.0,-17.491829187500002,-20.22346509375,-28.030411781249995,9.434030843750001,-46.34297675,-23.206130093750005,-16.362137562500003,-71.6194885,-40.114802437499975,5.81128559375,-99.1815428125,-23.991197531249952,-24.10476459375,-122.58836190625,-32.21421137499999,-40.8928521875,-31.0434325625,-10.432797437499971,-39.567105187500005,-67.78391181250001,-21.002324187499994,-47.0920295,-107.7271578125,-14.144852562500034,0.00038966708,-0.0010351114,0.0001395745,-18.47325,-21.092897,-26.908606,8.595641,-47.641018,-23.921446,-18.115435,-73.15672,-38.530174,4.2184224,-100.84567,-23.261389,-24.908165,-122.68803,-29.976763,-40.614212,-31.430723,-9.515818,-39.974293,-68.79684,-19.626686,-47.680023,-108.49586,-12.752382
0.0,0.0,0.0,-17.1083878125,-20.04993334375,-27.899409125000034,9.188257499999999,-46.00543153125,-23.22017765625003,-15.6546975,-71.1185671875,-40.06237312500002,5.92645090625,-98.51736915625,-24.402119593750058,-23.4006515,-122.24010603125001,-32.66483675000006,-40.66204225,-30.8910155625,-10.434678062499984,-39.1555068125,-67.5978816875,-21.13605590625002,-46.481250625,-107.667073125,-14.402359968750034,0.0005882019,-0.0009819469,1.0814696e-05,-17.03009,-21.064886,-25.666178,6.548654,-47.277973,-22.022816,-16.79392,-71.378,-35.97254,2.1944592,-97.619896,-22.815666,-24.14031,-119.23171,-30.506943,-40.250317,-29.840014,-8.498069,-40.086567,-67.19266,-18.120329,-47.669666,-106.98321,-12.748243
0.0,0.0,0.0,-16.345903625,-19.679056062500003,-27.72182296875002,8.96445978125,-45.4118408125,-23.080659875000038,-14.367745562499998,-70.19340346874999,-39.930259750000005,6.229471187500003,-97.3663363125,-25.026168906250064,-22.117748499999998,-121.60018996875,-33.42995087500003,-40.2110228125,-30.55472853125,-10.42910390625002,-38.412396125,-67.21477453125,-21.285560749999945,-45.39735853124999,-107.50331162500001,-14.899561875000018,0.0005862062,-0.0009938044,2.0706288e-05,-17.04834,-21.061699,-25.748598,6.6887345,-47.289234,-22.05052,-16.76402,-71.45266,-36.094105,2.3440225,-97.7432,-22.784653,-24.129011,-119.39513,-30.491882,-40.261036,-29.906708,-8.580741,-40.048725,-67.25191,-18.22322,-47.645786,-107.0415,-12.778094
0.0,0.0,0.0,-15.973665117647059,-19.491936058823526,-27.62788835294117,8.907558999999988,-45.12405170588235,-23.02871973529409,-13.802708235294118,-69.79596426470587,-39.95534020588224,6.367733000000005,-96.87489808823528,-25.373647352941134,-21.562649647058823,-121.31721449999999,-33.82255276470585,-39.99635147058824,-30.39302894117647,-10.48879020588231,-38.061647588235296,-67.02756905882353,-21.433387323529416,-44.94049873529411,-107.40722976470587,-15.17233820588234,0.00043924616,-0.00074734737,3.9802322e-05,-16.535679,-21.165777,-24.878248,4.8629136,-47.58619,-21.394926,-17.390213,-70.99896,-34.359074,-0.40614635,-96.87467,-22.221832,-25.48708,-117.88051,-29.724302,-40.243378,-28.75935,-8.072074,-41.010868,-66.37751,-17.09174,-49.26687,-106.17252,-11.961588
0.0,0.0,0.0,-15.595018781250001,-19.6398245625,-27.28446203125003,8.6161138125,-45.03570665625,-22.80167968750004,-13.413684593750002,-69.54713390625001,-39.345962625000084,6.2028125625,-96.30920790625,-25.42412575000003,-20.9689565,-120.69637178125001,-33.83485321875003,-39.74178084375001,-30.224415812500002,-10.24488556250003,-37.831926781250004,-66.9130358125,-21.05720534375007,-44.514077625,-107.35359909374999,-15.113096312500033,0.0005907905,-0.0012078194,8.350634e-05,-14.939822,-20.128681,-23.641666,4.8796473,-44.826694,-22.255573,-14.312899,-66.81689,-35.38531,2.1894763,-91.185776,-27.64025,-18.932898,-111.61707,-36.52416,-38.420734,-28.207422,-7.94063,-38.037743,-65.18957,-18.823193,-43.3877,-105.0398,-18.548113
0.0,0.0,0.0,-15.044291625,-20.234380718750003,-26.41801750000002,7.871836250000001,-45.15877478125,-22.180457968749977,-13.180572499999998,-69.489059125,-37.78508103125006,5.4474523749999975,-95.4670426875,-25.025887593750042,-20.38132921875,-119.43238034375001,-33.26755909375004,-39.36648871875,-29.94960859375,-9.55101209374999,-37.70400978125,-66.81333315625001,-19.90513043750002,-44.190666375,-107.251711125,-14.469594062499993,0.0007990559,-0.0016733499,7.56408e-05,-13.440924,-19.810583,-22.65459,4.515543,-43.698257,-22.348246,-12.540879,-64.88833,-35.090305,2.624328,-88.10941,-29.677862,-15.753372,-107.78058,-39.078686,-37.013103,-27.532215,-7.9280744,-36.42483,-64.45668,-19.3657,-40.665825,-104.06806,-21.63974
0.0,0.0,0.0,-14.451201235294116,-20.59422370588235,-25.54013144117647,7.175755029411764,-45.32510973529412,-21.70734358823529,-12.844908470588235,-69.41348820588235,-36.33028458823526,4.603110794117647,-94.76350126470588,-24.747693970588216,-19.778408323529412,-118.33572326470588,-32.622858411764696,-38.9459549117647,-29.65848373529412,-8.988611529411742,-37.50869788235294,-66.71132729411765,-18.995829852941142,-43.89850667647059,-107.12241676470589,-13.963565529411767,0.0008974476,-0.0018325839,0.00010234384,-12.84736,-19.871105,-22.36346,4.596205,-43.49041,-22.303457,-11.716371,-64.593925,-34.859898,3.057492,-87.444084,-30.017103,-14.375563,-107.017654,-39.50041,-36.47735,-27.51713,-7.980991,-35.69426,-64.498146,-19.451479,-39.534863,-104.107704,-22.277245
0.0,0.0,0.0,-13.904373843750001,-20.6974264375,-24.842926968749964,6.630940781249997,-45.32266346875001,-21.48226649999998,-12.468432156250003,-69.09938465625,-35.40531634374997,3.9978088437500006,-94.11311553125002,-24.79187396874994,-19.030650468750004,-117.209700125,-32.51544953124994,-38.548113156250004,-29.33085471875,-8.657976312499954,-37.27519153125,-66.50606725,-18.534398062499974,-43.524903468750004,-106.92929668750001,-14.136563437499944,0.0010684201,-0.0021064137,4.0057817e-05,-11.933187,-19.973637,-21.64628,3.959514,-43.45409,-21.930368,-11.152371,-64.097824,-33.808525,2.257313,-86.33556,-29.911613,-13.631586,-105.19346,-39.354683,-35.7576,-26.924702,-7.8337574,-35.269634,-64.09085,-19.07021,-39.01139,-103.40505,-22.739271
0.0,0.0,0.0,-13.378795205882353,-20.78416082352941,-24.2542140882353,6.136173441176471,-45.33208647058822,-21.31476541176471,-12.090489411764704,-68.75068055882352,-34.63832458823532,3.4613981176470574,-93.4325574117647,-24.958088588235285,-18.241459676470587,-116.01330655882353,-32.61316449999998,-38.13533964705882,-29.001898147058824,-8.48764485294123,-37.0135539117647,-66.2932927352941,-18.230614147058816,-43.10913229411764,-106.70858852941176,-14.525314323529358,0.0010717972,-0.0020565058,6.5171305e-05,-12.077466,-20.064224,-21.733599,4.224179,-43.459354,-22.038847,-11.026076,-64.34354,-33.966206,2.7920086,-86.66847,-29.993467,-13.263281,-105.89445,-39.33663,-35.815315,-27.271982,-7.7360654,-35.102,-64.445786,-18.994303,-38.67754,-103.98021,-22.405687
0.0,0.0,0.0,-12.940589437500002,-20.8081176875,-23.669218187500007,5.747009468750001,-45.30094103125,-21.10566615624998,-11.792006,-68.3946241875,-33.98106387500002,3.0277957499999957,-92.77546706249998,-25.100168281250035,-17.613806875,-114.8698655625,-32.79021084375,-37.749848375,-28.689199062500002,-8.310039531250027,-36.771953531250006,-66.06923590624999,-17.97243500000002,-42.74055546875,-106.45056315624998,-14.932646812500025,0.0011374789,-0.0021460566,1.6567847e-05,-11.788128,-20.108131,-21.492983,3.9911394,-43.49754,-21.851336,-10.876525,-64.21724,-33.552116,2.458402,-86.35982,-29.82063,-13.122557,-105.339,-39.153828,-35.5973,-27.057934,-7.660177,-35.0085,-64.3011,-18.798306,-38.598946,-103.71946,-22.425434
0.0,0.0,0.0,-12.573487968750001,-20.801775593749998,-23.181557468749986,5.3757664687499975,-45.27139265624999,-20.952305906250047,-11.588967093750002,-68.0311515625,-33.48033434374997,2.590014374999999,-92.12983359375,-25.309588437499997,-17.1210766875,-113.70311856250001,-33.13442609375005,-37.393586,-28.369767781249998,-8.153140031249961,-36.58771734375,-65.81309534375,-17.847307124999986,-42.45647790625,-106.12307050000001,-15.571366374999968,0.0009866949,-0.0019006691,7.531775e-05,-12.430472,-20.173676,-21.972927,4.159049,-43.89871,-21.908253,-11.631673,-64.9573,-33.844532,2.2860444,-87.629364,-29.140291,-14.507328,-106.94653,-38.28029,-36.24263,-27.304092,-7.7974496,-35.734924,-64.54073,-18.781536,-39.818375,-104.08934,-21.368113
0.0,0.0,0.0,-12.250691382352944,-20.61851364705882,-22.86967208823529,5.220266382352939,-44.86596294117648,-21.06896711764705,-11.121973205882357,-67.18151991176471,-33.56393799999995,2.7478158823529384,-90.93461073529411,-26.336197147058783,-15.986164588235297,-112.05892608823528,-34.60776229411772,-36.98240705882353,-28.12008523529412,-8.165974588235315,-36.114045058823535,-65.48321411764707,-18.233873411764705,-41.520714000000005,-105.76158938235294,-17.19536373529411,0.00076383934,-0.0012516463,3.2557848e-05,-14.665586,-21.21192,-23.769264,5.4655437,-46.340477,-21.440187,-14.043239,-69.40858,-33.943256,2.2382953,-93.967445,-24.372307,-19.475477,-114.95435,-32.235806,-38.384518,-29.019466,-7.867139,-37.981625,-66.5841,-17.47051,-44.098396,-106.52565,-14.760307
0.0,0.0,0.0,-11.9391118125,-20.34210653125,-22.646635031250014,5.232161250000001,-44.31058934375,-21.341149406249997,-10.531654562500002,-66.20358490625,-33.948480625,3.242157406249998,-89.60562815625,-27.642037406249983,-14.64822671875,-110.35189118750002,-36.47286887499996,-36.5798435625,-27.917470156249998,-8.327812218750012,-35.4991,-65.1611721875,-18.83339881249998,-40.33547328125,-105.3786280625,-19.192230218750012,0.00080031354,-0.0014898938,0.000119101256,-14.1914425,-20.129438,-23.209446,5.163825,-44.23066,-22.389587,-12.959038,-66.11184,-35.404648,3.3316467,-89.91106,-28.809654,-16.402655,-110.410416,-37.923462,-37.6249,-28.381882,-7.8350587,-36.746258,-65.34178,-19.04819,-41.210987,-105.346825,-19.89331
0.0,0.0,0.0,-11.700179617647057,-20.27991938235294,-22.352702500000078,5.118688205882357,-44.10173391176471,-21.371032794117696,-10.253944647058823,-65.73863773529412,-33.84816082352944,3.3205079705882348,-88.83543873529413,-28.082738676470683,-13.920476176470586,-109.21422685294117,-37.160388911764755,-36.25646708823529,-27.746998411764707,-8.307018470588275,-35.15601132352941,-64.99216438235294,-18.929900235294213,-39.668296441176466,-105.09993076470589,-20.066043852941277,0.0006677734,-0.0012067988,3.074048e-05,-14.026893,-21.19673,-23.002972,4.716635,-46.099777,-21.26587,-13.670488,-68.69832,-33.063778,1.5521156,-92.7712,-24.790234,-18.684298,-113.28385,-32.52097,-37.86018,-28.489744,-7.5249014,-37.680035,-66.17208,-17.028353,-43.517666,-106.073265,-15.169075
0.0,0.0,0.0,-11.517618625,-20.063055249999998,-22.22706131250004,5.166053843750003,-43.65608340625,-21.575669218750022,-9.88312375,-64.99042425,-34.20128062499998,3.704933593749999,-87.84542637499999,-29.039790124999968,-13.0031131875,-107.92659849999998,-38.518870343749995,-35.96062665625,-27.6128078125,-8.344393749999995,-34.722210625,-64.72385034375,-19.479640093749993,-38.793843499999994,-104.74784740625,-21.542029375000027,0.0012225653,-0.0024855027,-1.8771607e-07,-11.085965,-19.693462,-21.217978,3.971657,-42.715714,-22.035728,-10.052377,-62.79169,-33.943645,2.82846,-84.35308,-31.288557,-11.5945835,-102.6676,-41.311012,-34.919643,-26.554806,-8.000606,-34.22311,-63.595654,-19.71094,-37.214363,-102.65717,-25.113972
0.0,0.0,0.0,-11.755182062500001,-20.20656221875,-22.247889593750074,5.03053078125,-43.969006750000005,-21.459383093750034,-10.362485125000003,-65.433677375,-33.95160209375001,3.3020577499999995,-88.4536281875,-28.483708468750024,-13.737110625000001,-108.57492825,-37.710352,-36.14428984375,-27.651178156249998,-8.265412374999983,-35.0843989375,-64.87933137499999,-19.077261093750053,-39.43613615625,-104.924926,-20.72016909375003,0.001200366,-0.0024517681,-1.5398877e-05,-11.156973,-19.707825,-21.224087,3.884995,-42.808968,-21.957256,-10.233768,-62.871513,-33.842323,2.6062934,-84.48242,-31.064383,-11.938671,-102.75372,-41.05187,-35.00588,-26.494154,-7.9694877,-34.40534,-63.551254,-19.603018,-37.519936,-102.581085,-24.881824
0.0,0.0,0.0,-12.518612558823529,-20.635994970588236,-22.534707558823584,4.8746137647058845,-44.938809705882356,-21.174021911764726,-11.66365111764706,-67.0444363235294,-33.3763606764706,2.302309470588238,-90.73304985294118,-26.543386235294122,-16.16571588235294,-111.35536494117646,-34.79833444117645,-36.897436852941176,-27.963643705882355,-8.003329970588254,-36.25067005882353,-65.44506526470587,-18.083342588235325,-41.58431185294118,-105.61532867647058,-17.637375852941204,0.0012166494,-0.0024797644,-2.7602178e-05,-11.154573,-19.655752,-21.176695,3.7648745,-42.74856,-21.969423,-10.313573,-62.728973,-33.839054,2.4345982,-84.2928,-31.174137,-12.044554,-102.467995,-41.19851,-34.99021,-26.383013,-7.9357767,-34.467678,-63.426228,-19.610983,-37.603367,-102.39646,-25.046133
0.0,0.0,0.0,-13.1348175,-20.8771475625,-22.87771590624999,4.972517406249999,-45.5041186875,-21.065332218749973,-12.444188250000002,-68.04651928125,-33.2973286875,1.9857493124999976,-92.18281940625,-25.442554312499965,-17.615617531250003,-113.15970615625,-33.22212578125004,-37.46786384375,-28.282049750000002,-7.911389125000028,-36.957215500000004,-65.83469590625,-17.640939624999987,-42.84953690625,-106.04762059375,-15.99147687499999,0.0012182104,-0.002481037,-7.219878e-06,-11.068313,-19.701302,-21.196867,3.949081,-42.727917,-21.999365,-10.050653,-62.786926,-33.89073,2.7926776,-84.33312,-31.242283,-11.600494,-102.627014,-41.26817,-34.909397,-26.533466,-7.989348,-34.227562,-63.58143,-19.67685,-37.222202,-102.63316,-25.089342
0.0,0.0,0.0,-13.670614147058822,-20.896160676470586,-23.31899964705883,5.245157852941176,-45.65621814705882,-21.361927794117662,-12.855615647058821,-68.46814202941175,-33.871346911764704,2.2347906176470573,-92.90897829411765,-25.36287920588245,-18.1920165,-114.10722667647059,-33.18072870588247,-37.930345970588235,-28.608738794117645,-8.158782941176469,-37.30671485294118,-66.0868535,-17.94076726470587,-43.33287897058824,-106.34764285294116,-15.863785794117689,0.0012216067,-0.0025115798,-1.5947138e-05,-11.052131,-19.642683,-21.175144,3.8735895,-42.675797,-22.015562,-10.089561,-62.661423,-33.916756,2.6786935,-84.18816,-31.331493,-11.663681,-102.39659,-41.402386,-34.897064,-26.429262,-8.010369,-34.2692,-63.461655,-19.744513,-37.28428,-102.46229,-25.28357
0.0,0.0,0.0,-14.083843218749996,-20.89865109375,-23.68644809374996,5.499709250000002,-45.80110809375,-21.540337281250004,-13.170857437499995,-68.80617521875,-34.28042312499997,2.4677482187500033,-93.4876561875,-25.23285949999996,-18.652117718749995,-114.82418303124999,-33.103567999999996,-38.264784406249994,-28.853907812499997,-8.295020937499999,-37.570110875,-66.27403390625,-18.160331468749973,-43.71768859375,-106.55032271875001,-15.76975621874999,0.0011919434,-0.0023856054,1.3438737e-05,-11.183697,-19.855667,-21.279577,4.087113,-42.968704,-21.917889,-10.114514,-63.229603,-33.770508,2.898464,-84.929016,-30.784739,-11.769722,-103.43184,-40.64184,-35.038292,-26.752794,-7.942629,-34.3022,-63.862873,-19.453657,-37.39721,-103.03528,-24.355627
0.0,0.0,0.0,-14.45055365625,-20.92149109375,-24.02067196874998,5.70813165625,-45.97402009375,-21.641689343750045,-13.49638084375,-69.153859875,-34.61137965625005,2.604268156249997,-94.042909875,-25.052105968750027,-19.1065349375,-115.45524915624999,-32.97727875000004,-38.548966375,-29.06207096875,-8.386923000000024,-37.83509796875,-66.44315571875,-18.334674843750008,-44.1077930625,-106.71581253125,-15.647823437500051,0.0011295411,-0.0023085584,6.318114e-07,-11.463535,-19.784225,-21.395864,3.903889,-43.066746,-21.95364,-10.637379,-63.307457,-33.84235,2.423998,-85.18451,-30.614265,-12.667166,-103.60052,-40.3992,-35.30909,-26.61878,-7.9381156,-34.774933,-63.706257,-19.429853,-38.143818,-102.80715,-24.11099
0.0,0.0,0.0,-15.134710593749999,-20.958348375,-24.626110125000025,6.144348624999999,-46.29203278125,-22.00303068750003,-14.106447,-69.83699509375,-35.353580562499985,2.922164031250002,-95.11147596875,-24.796885593750005,-19.923879874999997,-116.638005875,-32.79093365624999,-39.03515834375,-29.48279640625,-8.61570743750002,-38.2661573125,-66.80312621875,-18.710884156250017,-44.7673106875,-107.05228953125,-15.474432906250001,0.00078479317,-0.0011965068,1.1570828e-05,-15.495907,-21.147524,-24.311502,5.5198,-46.661266,-21.577295,-15.143692,-69.946045,-34.419285,1.8240877,-95.024185,-23.849697,-21.309082,-116.12854,-31.622313,-39.08588,-29.12477,-7.947529,-38.897793,-66.61375,-17.505026,-45.552452,-106.48882,-13.968079
0.0,0.0,0.0,-15.452356088235295,-20.9491825,-24.89357185294125,6.386907558823527,-46.4104530882353,-22.126892205882427,-14.385929205882356,-70.11107891176471,-35.71871144117654,3.1065320294117598,-95.58381576470588,-24.675746264705992,-20.271593382352943,-117.15538797058824,-32.749526205882376,-39.23925061764706,-29.673634205882355,-8.717905588235453,-38.43840867647059,-66.96007920588235,-18.873043441176605,-45.02930620588236,-107.19014667647058,-15.436811735294214,0.00080967054,-0.001220624,2.6960479e-06,-15.961544,-20.946367,-24.69888,5.831044,-46.537796,-21.75109,-15.467494,-69.87189,-35.107723,2.1988957,-95.20417,-24.084824,-21.726866,-116.44802,-32.100964,-39.41083,-29.256367,-8.07563,-39.10898,-66.56931,-17.884928,-45.76289,-106.42705,-14.266984
0.0,0.0,0.0,-15.710412625,-20.95221909375,-25.08420378125004,6.604643468750002,-46.495881656250006,-22.28598315625004,-14.634078125000002,-70.34929621875,-36.01868537500002,3.275476812499999,-95.98508512500001,-24.63888753125002,-20.576690125,-117.59705124999999,-32.68171696875004,-39.409005625000006,-29.83896471875,-8.829169250000007,-38.580902531250004,-67.09644378125,-19.015055656250013,-45.255408062499995,-107.3146343125,-15.391372687500052,0.00066808064,-0.0010311804,2.5688325e-05,-16.130157,-21.292074,-24.841446,5.8214116,-47.201992,-21.575285,-15.962234,-70.91333,-34.687355,1.6441237,-96.48827,-22.847666,-22.876312,-117.85007,-30.442087,-39.663105,-29.438772,-8.107846,-39.60938,-66.96982,-17.44696,-46.888763,-106.83813,-12.787253
0.0,0.0,0.0,-15.932782812499998,-20.938739125,-25.301513562499963,6.7875356875,-46.568152031249994,-22.40618806249995,-14.850655437499999,-70.54608543750001,-36.32103915624998,3.4180504062500034,-96.3354615625,-24.59825990624995,-20.847865874999997,-117.98527796875,-32.69280343749995,-39.5523354375,-29.9765170625,-8.960828781249973,-38.700653125,-67.21024328125,-19.171139593749956,-45.447270187499996,-107.4209674375,-15.365536687500025,0.0006070278,-0.00095393567,3.590665e-05,-16.085037,-21.340569,-24.731436,5.556879,-47.334694,-21.491179,-16.151772,-70.995544,-34.400784,1.1403686,-96.57145,-22.606226,-23.288342,-117.82099,-30.07598,-39.69016,-29.290312,-8.059304,-39.82915,-66.89279,-17.257622,-47.312927,-106.73726,-12.489813
0.0,0.0,0.0,-16.351917187500003,-20.898494406250002,-25.802576093749963,7.130256562499998,-46.6716955625,-22.72753243750003,-15.256229906250002,-70.87701118749999,-36.89389609374996,3.6866757499999956,-96.93901640625,-24.58718484374998,-21.348356562500005,-118.65291293749999,-32.72247884374997,-39.811098125,-30.21012265625,-9.238646468750005,-38.91719078125,-67.40089271875,-19.462160031249994,-45.781471843750005,-107.591982,-15.34582231249999,0.0004953181,-0.0008391995,2.3388278e-05,-15.469805,-21.447868,-24.066957,4.7245536,-47.380455,-21.149014,-15.961024,-70.660286,-33.356678,0.037082367,-95.86474,-22.468472,-23.161854,-116.74044,-29.775162,-39.33763,-28.748755,-7.817435,-39.851948,-66.54132,-16.723873,-47.45459,-106.37026,-12.375011
0.0,0.0,0.0,-16.517644147058824,-20.894733764705883,-25.951707705882313,7.287038029411768,-46.728191205882354,-22.798098470588172,-15.438685205882352,-71.01951529411764,-37.151952558823496,3.8082153823529374,-97.21585835294117,-24.53478208823526,-21.565959352941178,-118.93070117647058,-32.701267117647035,-39.91596652941177,-30.314382411764708,-9.332149823529448,-39.01177091176471,-67.4812028235294,-19.57892044117642,-45.926778794117645,-107.66200964705882,-15.33560279411762,0.00051553233,-0.0008462636,2.9983672e-05,-15.718099,-21.418966,-24.295296,4.9123144,-47.424362,-21.237097,-16.155203,-70.82729,-33.651234,0.20506161,-96.19225,-22.407467,-23.474096,-117.18214,-29.738401,-39.520966,-28.883146,-7.8864846,-39.986855,-66.62721,-16.846163,-47.661373,-106.45899,-12.266134
0.0,0.0,0.0,-16.580344843749998,-20.88836953125,-26.007912625000017,7.365005562499999,-46.75246771875,-22.839524187500047,-15.51967946875,-71.0748379375,-37.26150703125006,3.8524080000000005,-97.32221346875001,-24.520280781249994,-21.664794843750002,-119.0397401875,-32.685073812500036,-39.951261,-30.3517481875,-9.369437218750022,-39.04954265625,-67.51023831250001,-19.62208475,-45.989858156249994,-107.68086153125002,-15.329627906250039,0.0005889331,-0.001003361,2.2512559e-05,-15.030746,-21.373552,-23.848284,4.974215,-46.932594,-21.216352,-15.044086,-70.08083,-33.465145,0.9343683,-94.94603,-23.267517,-21.43984,-115.84539,-30.804825,-38.86312,-28.83018,-7.797076,-38.991184,-66.547516,-16.967052,-45.9231,-106.435486,-13.388015
0.0,0.0,0.0,-15.6672479375,-20.96037375,-25.1029729375,6.702248624999999,-46.521418312499996,-22.21694174999999,-14.657069156250001,-70.3572786875,-35.9865064375,3.3486030312500006,-96.002148125,-24.553490624999995,-20.682512125000002,-117.61432178125,-32.622292500000015,-39.357863656250004,-29.822743437499998,-8.82073115625002,-38.56029290625,-67.09447303125,-18.95861815624994,-45.27326334375,-107.2947085,-15.217911749999985,0.0010795421,-0.0020046746,4.6680416e-05,-12.137707,-20.235079,-21.705414,4.157226,-43.73701,-21.868624,-11.164204,-64.747345,-33.624718,2.5824926,-87.152954,-29.424292,-13.594543,-106.469246,-38.554325,-35.911045,-27.351074,-7.5923085,-35.264793,-64.62185,-18.602753,-39.00728,-104.218994,-21.564886
0.0,0.0,0.0,-15.306714823529411,-20.984880029411766,-24.820458647058786,6.420264441176471,-46.42469067647059,-22.037726852941148,-14.319153,-70.07632394117647,-35.53819897058821,3.1368353235294144,-95.48217741176471,-24.59675414705879,-20.26412738235294,-117.03721905882352,-32.64989073529409,-39.1044334117647,-29.618708735294117,-8.678760235294135,-38.343739588235294,-66.94132552941176,-18.745201617647012,-44.940958058823526,-107.15171797058824,-15.239303676470627,0.001092183,-0.0020146398,4.141336e-05,-12.103534,-20.257963,-21.679256,4.144615,-43.76124,-21.836615,-11.135048,-64.77134,-33.558033,2.563566,-87.16127,-29.365587,-13.564638,-106.46883,-38.479115,-35.88731,-27.348349,-7.576608,-35.245605,-64.63466,-18.555723,-38.990276,-104.23113,-21.504341
0.0,0.0,0.0,-14.977392187500001,-21.027701,-24.53228853125006,6.171322656249998,-46.3307555,-21.891938187500045,-14.035427593750002,-69.826185125,-35.15005584375001,2.9399226249999977,-95.01817824999999,-24.716400093750053,-19.9093115625,-116.50704356249999,-32.68249790624998,-38.88184815625,-29.43705128125,-8.586250187500013,-38.159002031250004,-66.80729259374999,-18.552427093749998,-44.662570093750006,-107.02967521875,-15.246099406250039,0.0011630948,-0.0021755458,4.3991153e-05,-11.784284,-20.068329,-21.534185,4.126147,-43.350945,-21.960495,-10.703751,-64.10694,-33.770226,2.7839363,-86.22278,-30.147873,-12.759056,-105.327,-39.563416,-35.561558,-27.15654,-7.6949916,-34.83817,-64.35535,-18.964226,-38.27509,-103.85317,-22.734196
0.0,0.0,0.0,-14.47548094117647,-21.017924,-24.016472352941207,5.817566647058825,-46.14215782352941,-21.585161147058784,-13.601874382352943,-69.39767505882352,-34.469243529411756,2.64540232352941,-94.2772384117647,-24.75309488235297,-19.345257264705882,-115.67467741176472,-32.59254550000003,-38.51704741176471,-29.12287611764706,-8.356183264705919,-37.85487235294117,-66.56953464705883,-18.16134379411767,-44.216606088235295,-106.79987085294118,-15.19582052941172,0.0010556029,-0.0019150941,4.164225e-05,-12.268272,-20.425705,-21.800982,4.150627,-44.151123,-21.681175,-11.449583,-65.34147,-33.319332,2.2839835,-87.94058,-28.589209,-14.277454,-107.32874,-37.478317,-36.114887,-27.443722,-7.5850053,-35.5829,-64.81947,-18.276365,-39.656837,-104.437065,-20.540146
0.0,0.0,0.0,-14.29191875,-21.02028690625,-23.85392753124995,5.683390437499998,-46.0664944375,-21.479807843749995,-13.44390009375,-69.22255428125,-34.24237628124996,2.539404062500001,-93.986204,-24.84185390624998,-19.126312031250002,-115.32217590625001,-32.65592471874993,-38.377526062499996,-29.00872540625,-8.294858906249942,-37.73890503125,-66.4806708125,-18.05126653124995,-44.03386878125,-106.70824565625,-15.23640896874997,0.0010983517,-0.0020253353,3.3834393e-05,-12.056862,-20.270359,-21.645414,4.138326,-43.76793,-21.804085,-11.089166,-64.75917,-33.498924,2.5634387,-87.12192,-29.33507,-13.495199,-106.40026,-38.450817,-35.8485,-27.3361,-7.564246,-35.206135,-64.631516,-18.52577,-38.93307,-104.21567,-21.503996
0.0,0.0,0.0,-14.125609647058823,-21.021449823529412,-23.701030147058873,5.568023147058824,-45.98792623529411,-21.456858911764755,-13.296357264705884,-69.05192479411764,-34.06540202941176,2.459933264705878,-93.72647502941177,-24.90733438235293,-18.917758323529412,-115.00590194117648,-32.72111426470593,-38.24634070588236,-28.910307117647058,-8.239912117647066,-37.62451161764706,-66.40104670588237,-17.96165294117651,-43.85589705882353,-106.62645358823528,-15.299678235294152,0.0011210747,-0.0021212166,5.5368022e-05,-11.902762,-20.0717,-21.620724,4.203473,-43.384327,-21.999575,-10.797905,-64.204926,-33.870827,2.8656824,-86.405266,-30.113228,-12.882343,-105.589424,-39.50891,-35.659912,-27.235624,-7.714381,-34.909275,-64.42145,-18.98859,-38.369736,-103.95537,-22.617466
0.0,0.0,0.0,-14.009283093749998,-21.0251490625,-23.574937906249943,5.4826112500000015,-45.937194812499996,-21.433082656250008,-13.197494906249998,-68.93744878125,-33.95040131249999,2.3921743750000033,-93.53522109375,-24.965220437499966,-18.76018134375,-114.77617121875,-32.785277437499985,-38.148736875,-28.844524375,-8.19942846875,-37.53767059374999,-66.35201503125,-17.891951531250015,-43.71711040625,-106.57316221875,-15.361270875000002,0.0009697742,-0.0019286528,7.0354705e-05,-12.443387,-20.003498,-21.9818,4.1915226,-43.613033,-22.042635,-11.558119,-64.539,-34.151596,2.4798553,-87.12825,-29.695826,-14.238785,-106.385605,-39.03989,-36.18836,-27.23496,-7.8249025,-35.61561,-64.36229,-19.052952,-39.507504,-103.86213,-22.081482
0.0,0.0,0.0,-13.878854852941178,-21.024141882352943,-23.455430058823538,5.396706470588235,-45.87803532352942,-21.373268529411803,-13.078349676470589,-68.8003845882353,-33.863586382352935,2.335126529411763,-93.31331005882352,-25.072049176470614,-18.58067794117647,-114.52584511764707,-32.87323882352939,-38.04108570588235,-28.778564,-8.156598205882347,-37.438961088235295,-66.2927044117647,-17.849113882352924,-43.56231861764706,-106.51240994117647,-15.456980970588234,0.00081349513,-0.0013109755,6.2524545e-05,-15.067253,-20.869282,-24.047821,5.6381764,-45.91212,-21.862751,-14.259642,-68.855095,-34.826508,2.6909683,-93.55686,-25.387886,-19.420444,-114.57234,-33.571922,-38.59086,-29.061544,-7.955481,-38.019516,-66.37562,-18.047686,-43.853416,-106.331505,-15.770707
0.0,0.0,0.0,-13.8398403125,-21.02268740625,-23.414494406249958,5.377628750000003,-45.856977875,-21.350974187499958,-13.040688531250002,-68.7569080625,-33.83576874999994,2.323245312499999,-93.24352490625,-25.10594949999995,-18.52668753125,-114.45394078125,-32.89720831249997,-38.01113,-28.7595010625,-8.140343656249968,-37.4099180625,-66.27363503125,-17.834003437499973,-43.517178875,-106.49155521875,-15.489461968749993,0.0008220816,-0.0013300326,7.356705e-05,-15.397788,-20.6774,-24.310514,5.90304,-45.66851,-22.102566,-14.386923,-68.626015,-35.49007,3.1563056,-93.46846,-25.941118,-19.415863,-114.65402,-34.391815,-38.784214,-29.205755,-8.042066,-38.052204,-66.35423,-18.450516,-43.750095,-106.37068,-16.343369
0.0,0.0,0.0,-13.831017176470588,-21.01915114705882,-23.41074779411764,5.377246088235292,-45.84282267647058,-21.344942117647122,-13.02325488235294,-68.73656876470588,-33.83841226470582,2.332310823529408,-93.21800458823529,-25.120344382352926,-18.502532676470587,-114.43134488235295,-32.91909614705884,-38.01178635294118,-28.754675205882354,-8.139651235294139,-37.404102617647055,-66.26259047058824,-17.838995647058823,-43.502087411764705,-106.4832499117647,-15.510415529411773,0.00076387357,-0.0013095381,0.00010964008,-15.388986,-20.376593,-24.168009,5.742563,-45.122437,-22.380373,-14.273451,-67.74902,-35.901024,3.3162944,-92.457275,-27.162876,-18.824663,-113.54899,-35.950466,-38.692173,-29.030361,-7.9930673,-37.88468,-66.01319,-18.83644,-43.207077,-106.10916,-17.643854
0.0,0.0,0.0,-15.198281588235295,-20.850074235294116,-24.984401088235245,6.445529441176472,-46.16414838235295,-21.873773970588218,-14.006158647058825,-69.79714717647059,-35.69746767647058,3.2485777941176472,-95.22798723529412,-24.649522735294113,-20.17958155882353,-117.05026997058825,-32.88264391176466,-39.27345685294118,-29.523377470588237,-8.7672577058824,-38.38901270588235,-66.71052423529413,-18.929306941176435,-45.00394814705882,-106.97814061764707,-15.370610117647061,0.00080436,-0.0013398434,9.434596e-05,-15.213824,-20.55198,-24.112835,5.742278,-45.377895,-22.196457,-14.168793,-68.11449,-35.52087,3.1745698,-92.78691,-26.563997,-18.882376,-113.83914,-35.14695,-38.60036,-29.046873,-7.997474,-37.84249,-66.145775,-18.587265,-43.298176,-106.17983,-17.058092
0.0,0.0,0.0,-15.62831396875,-20.77055653125,-25.445388718749996,6.795616781250001,-46.21188053125,-22.05326287500003,-14.3509248125,-70.073153625,-36.340345281249995,3.524860531249999,-95.80263225,-24.57426837500003,-20.75868175,-117.80905996874999,-32.93318743750001,-39.606517062500004,-29.74439834375,-9.025648093749965,-38.6405608125,-66.84101871875001,-19.261205718750034,-45.428626593749996,-107.10156156250001,-15.340233718750028,0.00084236346,-0.0013447669,5.770397e-05,-15.3904295,-20.728985,-24.339384,5.9259534,-45.78167,-22.016552,-14.411998,-68.78788,-35.3933,3.0909874,-93.65291,-25.655207,-19.575,-114.83801,-34.058872,-38.804268,-29.211592,-8.063379,-38.102207,-66.38946,-18.37908,-43.896725,-106.36619,-16.096914
0.0,0.0,0.0,-16.045157411764706,-20.684432941176468,-25.928888647058727,7.12392941176471,-46.268239676470586,-22.309947264705784,-14.71257144117647,-70.32570711764706,-37.030413470588144,3.774463441176472,-96.35419191176472,-24.570579970588142,-21.36902,-118.50909767647059,-33.088056676470444,-39.916312794117644,-29.95080638235294,-9.342067029411623,-38.879937,-66.96558485294118,-19.645379529411684,-45.83774532352942,-107.2049655882353,-15.390877176470497,0.00074588216,-0.0012764351,7.753647e-05,-15.644182,-20.371626,-24.340988,5.7533526,-45.285954,-22.311346,-14.633827,-67.9666,-35.96917,3.1132457,-92.85539,-26.799486,-19.528738,-113.98748,-35.593803,-38.942158,-29.030138,-8.021475,-38.234512,-66.00015,-18.796997,-43.80294,-106.059975,-17.281631
0.0,0.0,0.0,-17.04230235294117,-20.44915682352941,-26.98776141176461,7.957629294117655,-46.330659264705886,-22.69735899999995,-15.62572258823529,-70.85825623529412,-38.52326232352931,4.393254823529414,-97.57371429411765,-24.41029073529404,-22.88513214705882,-120.09315147058823,-33.21728408823526,-40.5249359117647,-30.415841029411766,-9.784009147058782,-39.382119499999995,-67.21226064705883,-20.358058911764658,-46.70077108823529,-107.36284123529411,-15.236731058823466,0.0006250987,-0.0012002618,8.52516e-05,-15.446518,-20.114115,-23.997208,5.302546,-44.824577,-22.438051,-14.53133,-67.0662,-35.977028,2.8058846,-91.72027,-27.783564,-19.088417,-112.584526,-36.79041,-38.748684,-28.637491,-7.887083,-38.13768,-65.52044,-18.949286,-43.4387,-105.582726,-18.37287
0.0,0.0,0.0,-17.330293250000004,-20.39212671875,-27.32995696874997,8.178944156249997,-46.34008875000001,-22.81800843749994,-15.883803000000004,-70.98136946875,-38.952219000000014,4.541661906249995,-97.9221299375,-24.382896468750005,-23.337492250000004,-120.50256884375001,-33.28904528124997,-40.6843269375,-30.5412985625,-9.930986343749964,-39.5119045,-67.28483087500001,-20.578864906249976,-46.935893375000006,-107.40366203125001,-15.194290218749984,0.0006575668,-0.0011027243,4.1413685e-05,-16.13187,-20.699701,-24.692787,5.7755136,-46.11476,-22.039553,-15.512199,-69.24922,-35.590855,2.4356506,-94.56312,-25.094305,-21.394821,-115.84714,-33.38175,-39.46049,-29.220472,-8.012599,-39.060604,-66.373085,-18.20549,-45.4122,-106.340614,-15.183534
0.0,0.0,0.0,-17.59104279411764,-20.31277382352941,-27.569391647058865,8.393723205882356,-46.34656791176471,-22.93019288235297,-16.117229735294114,-71.080844,-39.32750032352942,4.682713264705885,-98.24966241176472,-24.393053029411817,-23.792463352941173,-120.93560882352942,-33.31631394117653,-40.829962617647055,-30.646600558823533,-10.050504882353039,-39.62847626470588,-67.34208417647059,-20.794836676470652,-47.16326970588234,-107.42262205882353,-15.137318411764795,0.00070563017,-0.0012107287,8.052272e-05,-15.741203,-20.496933,-24.409294,5.7497945,-45.533005,-22.262337,-14.838665,-68.37464,-35.80841,2.9388807,-93.35985,-26.319992,-19.95733,-114.53715,-34.89008,-39.04398,-29.109222,-7.998329,-38.410194,-66.15494,-18.582048,-44.16555,-106.19914,-16.604593
0.0,0.0,0.0,-18.070506124999998,-20.04831603125,-28.083323531250016,8.837089218749995,-46.361874625,-23.150425125000027,-16.553150843749997,-71.2111654375,-40.188572062499986,4.969315187500001,-98.88759484375,-24.31414325000003,-24.7357965625,-121.77425696875001,-33.32542625000002,-41.078543749999994,-30.805140375,-10.345500906249981,-39.823518,-67.41045365625001,-21.250578968750006,-47.6149155,-107.395953,-15.02354068750003,0.00068014907,-0.0010892249,2.8519145e-05,-15.485034,-21.125341,-24.21685,5.3396153,-46.622517,-21.576164,-15.207728,-69.82884,-34.324417,1.6176625,-94.87125,-23.957172,-21.374195,-115.94517,-31.718166,-39.087997,-29.036257,-7.8674684,-38.96694,-66.53169,-17.42838,-45.62855,-106.43037,-13.977294
0.0,0.0,0.0,-18.284792588235295,-19.89913844117647,-28.339036735294144,9.055563294117654,-46.376029617647056,-23.243754705882395,-16.747015205882352,-71.27241523529412,-40.56041035294123,5.068244176470586,-99.18059123529413,-24.309220352941225,-25.221876029411764,-122.1674566764706,-33.371032617647074,-41.19118885294118,-30.867677882352943,-10.50203482352947,-39.917892058823526,-67.43086550000001,-21.476438647058842,-47.8527674117647,-107.36494702941177,-14.985666411764726,0.0006984372,-0.0011081563,3.6055495e-05,-15.409384,-21.16654,-24.181444,5.365855,-46.631554,-21.591478,-15.1039715,-69.88712,-34.269142,1.6820136,-94.89043,-23.943872,-21.210674,-115.97907,-31.629974,-39.01175,-29.07607,-7.8547482,-38.860508,-66.60035,-17.38972,-45.48396,-106.50663,-13.909993
0.0,0.0,0.0,-18.46676175,-19.7813053125,-28.587316375,9.235529781250001,-46.402239156250005,-23.34317765625002,-16.9084789375,-71.33378509375,-40.91103165625003,5.17164125,-99.42983315625,-24.303076593750006,-25.63133921875,-122.51570271874999,-33.384901875000025,-41.2862419375,-30.932046656249998,-10.671172031250023,-39.993889625,-67.4561616875,-21.705408875000046,-48.052759,-107.33907543749999,-14.98291584375005,0.00067326543,-0.0010683878,3.4873552e-05,-15.382638,-21.331533,-24.173342,5.3976407,-46.86761,-21.460148,-15.1291275,-70.27521,-34.017708,1.587279,-95.31396,-23.446987,-21.398705,-116.49568,-30.973976,-39.03505,-29.171926,-7.8311496,-38.929047,-66.79569,-17.161804,-45.721966,-106.737335,-13.318503
0.0,0.0,0.0,-18.65139229411765,-19.670851852941176,-28.845003823529396,9.42680235294117,-46.4290865,-23.510727705882402,-17.059367941176472,-71.40296082352941,-41.313919970588245,5.312363617647058,-99.6618390882353,-24.309015500000044,-26.020778,-122.88528767647058,-33.40804955882345,-41.38154697058824,-31.006051235294116,-10.864453470588217,-40.05544282352941,-67.49891376470588,-21.959185411764736,-48.22217397058824,-107.31169714705884,-15.023563147058837,0.00070645707,-0.0011017496,2.5998244e-05,-16.125069,-21.26364,-24.876364,6.1523995,-46.953663,-21.819996,-15.601334,-70.806244,-35.017555,2.4333684,-96.307945,-23.375984,-21.98976,-117.85537,-30.934124,-39.499283,-29.71023,-8.062644,-39.133713,-67.17901,-17.598215,-45.983826,-107.11617,-13.097998
0.0,0.0,0.0,-19.36494965625,-19.4164016875,-29.338449406249993,9.930315375,-46.5353010625,-23.766458406249967,-17.89030359375,-71.7366498125,-42.17647359375002,5.474160250000001,-100.54983721875001,-24.10150440625,-27.32953909375,-123.76905328125,-33.17870331250003,-41.7288891875,-31.22678234375,-11.123656281250021,-40.42339278125,-67.6144224375,-22.329561249999983,-48.927176125,-107.24246887500001,-14.783467312499965,0.00061342784,-0.001059405,-6.963797e-06,-17.283215,-20.980097,-26.002018,7.1117826,-47.14183,-22.339043,-16.732557,-71.466064,-36.691177,3.03768,-97.88644,-23.17314,-23.819038,-119.709946,-30.952883,-40.30107,-30.196842,-8.686643,-39.845043,-67.44573,-18.557936,-47.217354,-107.2633,-13.1033125
0.0,0.0,0.0,-19.657367647058823,-19.296470029411765,-29.481749499999978,10.145950411764701,-46.57291752941176,-23.801607882352982,-18.249425176470588,-71.86213479411765,-42.485063382352905,5.538956470588236,-100.90482376470587,-23.943924676470544,-27.909760176470588,-124.12755220588235,-32.97868702941179,-41.880517147058825,-31.303197617647054,-11.204684911764673,-40.592888058823526,-67.6498955,-22.43015241176471,-49.24222785294117,-107.17290585294117,-14.638911470588198,0.00043237346,-0.0010273106,8.840134e-05,-18.421957,-21.024012,-26.837982,8.322358,-47.55535,-23.679794,-18.092897,-72.863144,-38.33237,3.9221895,-100.405,-23.257627,-25.061302,-122.24923,-30.168222,-40.68115,-31.202126,-9.367636,-40.119774,-68.51425,-19.458899,-47.835335,-108.21244,-12.753085
0.0,0.0,0.0,-20.010935562500002,-19.2141129375,-29.689147125000034,10.402912593749996,-46.644541843750005,-23.86431028124997,-18.713409000000002,-72.0642348125,-42.784312374999956,5.608910250000001,-101.33793434375,-23.782067312500033,-28.560017812500003,-124.53960959375,-32.729328281249934,-42.060677187500005,-31.424041125000002,-11.280045656249968,-40.79605465625,-67.73529221875,-22.512399781249997,-49.592127000000005,-107.1417239375,-14.433314562500016,0.00035290772,-0.001031327,0.00016604988,-18.706652,-21.088633,-27.044235,8.78263,-47.724895,-24.194925,-18.427668,-73.4021,-38.821274,4.3196616,-101.32358,-23.282803,-25.188879,-123.10988,-29.807173,-40.693367,-31.588705,-9.643017,-40.05925,-68.96819,-19.799,-47.83711,-108.6256,-12.711732
0.0,0.0,0.0,-21.105659187500002,-18.899912781250002,-30.301004343750037,11.250680062499999,-46.92904403125,-24.10053721874999,-20.238128375,-72.67591996875001,-43.875746656250044,5.709855062499997,-102.79391975000001,-23.09116162500004,-30.87825859375,-125.71139040624999,-31.993021937499975,-42.655038125,-31.69313528125,-11.700979187499968,-41.539183875,-67.839061875,-23.074783249999996,-50.9845959375,-106.8046364375,-14.030813125000009,7.2019e-05,-0.00091242103,0.00031843933,-19.514606,-21.388887,-27.350075,9.518056,-48.526077,-25.393059,-19.865004,-75.10811,-39.456436,4.4050527,-104.10746,-22.656197,-26.47438,-125.4217,-27.70111,-40.833775,-32.374104,-10.121939,-40.388126,-70.06089,-20.122585,-48.670822,-109.4561,-11.667926
0.0,0.0,0.0,-21.492842500000005,-18.812683941176473,-30.49484623529412,11.507922676470585,-47.00688773529412,-24.16082052941175,-20.73297247058824,-72.89421676470589,-44.225369676470564,5.741992588235288,-103.3141041764706,-22.85603255882353,-31.643542147058827,-126.08839549999999,-31.725663294117624,-42.851525941176476,-31.82106882352941,-11.789500617647093,-41.76487967647059,-67.8994354117647,-23.219396294117644,-51.40762564705883,-106.69212288235295,-13.852777970588193,0.0001579875,-0.00095489714,0.00025522974,-19.604872,-21.252033,-27.55818,9.54159,-48.459305,-25.178617,-19.938402,-74.95478,-39.636078,4.303289,-103.97404,-22.544529,-26.98143,-125.37453,-27.883646,-41.030235,-32.253956,-10.194719,-40.604298,-69.83452,-20.217785,-49.036682,-109.18655,-11.697861
0.0,0.0,0.0,-21.83885921875,-18.753326,-30.68594734375,11.688312437500002,-47.0940881875,-24.294431625000016,-21.21261053125,-73.08433784375,-44.5443963125,5.6903545312500015,-103.759240625,-22.72043131250001,-32.38612746875,-126.42190731250001,-31.48813050000001,-43.05253284375,-31.922415343750004,-11.916406406249962,-42.0056983125,-67.94422965625,-23.38850587500002,-51.84776559375,-106.58939787499999,-13.687396031250046,0.00015803179,-0.0009559805,0.00024921529,-19.681705,-21.240322,-27.609447,9.599733,-48.471344,-25.228903,-20.03397,-75.00533,-39.726925,4.328954,-104.08488,-22.536139,-27.103168,-125.47614,-27.8439,-41.067223,-32.29218,-10.228956,-40.642212,-69.86311,-20.26314,-49.100994,-109.1902,-11.67982
0.0,0.0,0.0,-22.52104021875,-18.648928062499998,-30.949917843750086,11.946367593750008,-47.2655435625,-24.444643000000042,-22.113889906249998,-73.480430625,-44.95045478125007,5.462853875,-104.66304681250001,-22.237658437500045,-33.88862884375,-127.0322861875,-30.68580240624999,-43.42042675,-32.08005071875,-12.024120375000052,-42.475926906249995,-68.03050784375,-23.45476725000003,-52.72811134375,-106.29437946875,-13.187364718750018,0.00037499875,-0.0010996824,0.00010340643,-19.66838,-20.91874,-27.983843,9.712167,-48.107777,-24.635956,-19.646772,-74.32402,-40.12563,4.5438523,-103.21455,-22.632185,-27.32173,-124.97405,-28.959827,-41.325554,-32.053272,-10.326079,-40.738804,-69.33259,-20.54749,-49.2319,-108.675865,-12.267428
0.0,0.0,0.0,-22.581912468749998,-18.66904253125,-30.930699312499996,11.954850562499999,-47.314882874999995,-24.49299428124999,-22.254864625,-73.57900259375,-44.93040093749994,5.385076843749999,-104.79415671875,-22.164591812499964,-34.06980759375,-127.04347178125,-30.553122593750004,-43.434791312499996,-32.090117375000005,-12.010887124999954,-42.52827196875,-68.05138571875,-23.42223621874996,-52.8471635625,-106.25534021875,-13.137400562500034,0.00059590896,-0.0012369509,-5.71878e-05,-19.587427,-20.576504,-28.227875,9.614347,-47.698208,-23.903662,-19.189367,-73.452065,-40.2962,4.5963693,-102.04159,-22.726358,-27.455776,-124.147606,-30.1392,-41.57291,-31.664669,-10.283107,-40.85975,-68.63892,-20.68068,-49.33005,-108.002464,-12.856395
0.0,0.0,0.0,-22.50048288235294,-18.808368588235297,-30.795036676470545,11.89203217647059,-47.35359367647059,-24.52880938235296,-22.244624147058822,-73.67578194117647,-44.70880311764705,5.360236499999999,-104.7699545,-22.205166088235273,-33.829451117647054,-126.84584602941176,-30.631729970588253,-43.322305264705875,-32.10256105882353,-11.929591411764761,-42.44967708823529,-68.11354320588235,-23.30261949999999,-52.69784864705882,-106.35275079411765,-13.159903058823488,0.0006448149,-0.0012102105,-9.425466e-05,-18.927477,-20.483057,-27.82454,8.965708,-47.39365,-23.149204,-18.286173,-72.503204,-39.511993,4.2439075,-100.43483,-22.839848,-26.563143,-122.581604,-30.976517,-41.368828,-31.078377,-9.952424,-40.646854,-67.96982,-20.338112,-48.857857,-107.44717,-13.375995
0.0,0.0,0.0,-22.331847124999996,-19.07386303125,-30.63041025000001,11.783635312499996,-47.43450609374999,-24.614451312500023,-22.150591374999998,-73.79769690625,-44.391694968750016,5.3713580937500005,-104.71167103124999,-22.28461840624999,-33.333312093749996,-126.63264665624999,-30.680193906250054,-43.138205281249995,-32.15120159375,-11.825847624999994,-42.30504103125,-68.2366538125,-23.118376624999996,-52.39658909375,-106.56439749999998,-13.215544718750039,0.00060379424,-0.001158599,-9.196137e-05,-19.001049,-20.482014,-27.815619,8.834616,-47.48683,-23.116104,-18.522049,-72.57145,-39.405712,3.9376113,-100.55475,-22.649656,-26.989923,-122.60765,-30.6871,-41.44896,-30.9951,-9.911117,-40.84852,-67.90477,-20.223309,-49.19507,-107.317024,-13.125371
0.0,0.0,0.0,-21.890779093749998,-19.543680718749997,-30.21885687500003,11.582625468749999,-47.572728312500004,-24.77675359374996,-21.826674,-73.95846265624999,-43.79552281249994,5.426836968749999,-104.59179075,-22.45974549999994,-32.1866886875,-126.31682640625,-30.74402815625001,-42.7481455,-32.2337535625,-11.648005656250007,-41.98026646875,-68.4514985,-22.813097125000013,-51.738070625,-107.00685943750001,-13.428752968750018,0.00063895306,-0.0011780018,-0.000103692146,-18.788515,-20.483515,-27.696331,8.762898,-47.365005,-22.978683,-18.16148,-72.34277,-39.25124,4.050059,-100.13509,-22.78605,-26.474932,-122.25398,-30.993952,-41.32894,-30.927597,-9.849043,-40.654503,-67.82241,-20.186903,-48.84899,-107.3062,-13.355545
0.0,0.0,0.0,-21.68319634375,-19.67089503125,-30.068156218750005,11.495828062500003,-47.6256099375,-24.913852687500025,-21.6321943125,-74.0099774375,-43.57442084374998,5.433433093749997,-104.55793468750001,-22.600993062500038,-31.7398038125,-126.2119071875,-30.772618187499972,-42.5817655,-32.2608954375,-11.6268320625,-41.826078125,-68.54192115625,-22.77612962500001,-51.48194071875,-107.1741156875,-13.549901843749979,0.00066163833,-0.0012276787,-0.00010186269,-18.96067,-20.469131,-27.873169,9.045262,-47.37349,-23.17716,-18.278124,-72.5144,-39.610714,4.349623,-100.472946,-22.876568,-26.542908,-122.658165,-31.039988,-41.382137,-31.123657,-9.988393,-40.624973,-68.000046,-20.402489,-48.82533,-107.484856,-13.42699
0.0,0.0,0.0,-21.462612352941175,-19.785272852941176,-29.943722058823596,11.42089638235294,-47.680005529411766,-25.026527000000044,-21.398407235294115,-74.05491161764706,-43.36826641176475,5.447002088235298,-104.52411744117647,-22.719464500000015,-31.25352082352941,-126.13377341176471,-30.73994726470596,-42.401743764705884,-32.282810911764706,-11.593578588235346,-41.64853711764705,-68.6361734117647,-22.738613529411793,-51.21143920588235,-107.34191344117647,-13.67884755882352,0.000590242,-0.0011066681,-6.672203e-05,-18.45113,-20.536781,-27.359703,8.336454,-47.31829,-22.702185,-17.87003,-72.052895,-38.672783,3.6875923,-99.55353,-22.769167,-26.082674,-121.609024,-31.0574,-41.179733,-30.645931,-9.62761,-40.60051,-67.59704,-19.861675,-48.712063,-107.16763,-13.36187
0.0,0.0,0.0,-20.849186468750002,-20.056099625,-29.460083000000054,11.227087062499997,-47.80109784375,-25.301933343750022,-20.688461562500002,-74.14444790625,-42.84258171875001,5.489926687499999,-104.38949493749999,-23.02474209374998,-29.871769843750002,-125.86907521875,-30.69811068749999,-41.911978437500004,-32.326117374999995,-11.438956218750036,-41.150288593750005,-68.87545446875,-22.552188906250024,-50.466066,-107.79350003125,-13.949367562500015,0.0005543439,-0.0010715016,-6.4244785e-05,-18.554691,-20.51775,-27.419592,8.311164,-47.40361,-22.664423,-18.084856,-72.13047,-38.678524,3.5044978,-99.71735,-22.576054,-26.494541,-121.72414,-30.846153,-41.281364,-30.608566,-9.644192,-40.77982,-67.55928,-19.832575,-49.030342,-107.07757,-13.182616
0.0,0.0,0.0,-20.675679437499998,-20.127691624999997,-29.262947062500018,11.174035406250006,-47.82389634374999,-25.31555750000001,-20.480700812499997,-74.16431009375,-42.63874240625,5.507672062500003,-104.33102878125,-23.08358293750007,-29.46087453125,-125.7859043125,-30.638609906250053,-41.780554249999994,-32.32795056249999,-11.367542281250053,-41.0101096875,-68.9363455,-22.4457999375,-50.2431896875,-107.91717496874999,-14.003637218750043,0.0005494518,-0.0010565696,-5.5770626e-05,-18.42593,-20.535763,-27.27936,8.14974,-47.354244,-22.597452,-17.950329,-71.994675,-38.48047,3.4110353,-99.45822,-22.656626,-26.260145,-121.447586,-30.944588,-41.206524,-30.516396,-9.546532,-40.723423,-67.48353,-19.718271,-48.89874,-107.043816,-13.235876
0.0,0.0,0.0,-20.493362764705886,-20.157668764705882,-29.118071352941172,11.114985235294117,-47.85211964705882,-25.34516447058826,-20.288799029411766,-74.13482547058824,-42.52840002941173,5.461398735294118,-104.2820950882353,-23.15226997058818,-29.139136823529416,-125.65437961764707,-30.708809999999914,-41.66649355882353,-32.28277597058824,-11.3688254999999,-40.90376235294118,-68.93147852941176,-22.463884117647012,-50.126880235294124,-107.96771752941177,-14.202815323529421,0.0005778668,-0.0010925339,-6.470221e-05,-18.45279,-20.53556,-27.346401,8.293952,-47.333946,-22.67995,-17.905664,-72.04767,-38.631824,3.6112492,-99.54779,-22.730217,-26.153904,-121.5802,-31.013298,-41.19178,-30.61508,-9.613093,-40.640514,-67.5699,-19.830399,-48.777153,-107.13157,-13.322898
0.0,0.0,0.0,-20.19935125,-20.272440500000002,-28.888530749999973,10.98257193749999,-47.88852678125,-25.404101374999982,-19.955077218750002,-74.1463871875,-42.1955338125,5.4693281562500005,-104.1778085,-23.24974924999998,-28.426925250000004,-125.49793659375,-30.615078937500016,-41.461978,-32.263814906250005,-11.303254187499988,-40.68710946875,-69.02274409375,-22.373159375,-49.774571406250004,-108.16412581249999,-14.320543156249983,0.00055173645,-0.0010775143,-0.00010458974,-19.040909,-20.433826,-27.80039,8.635864,-47.539505,-22.898315,-18.690388,-72.48515,-39.228115,3.5691345,-100.45666,-22.3868,-27.441475,-122.46925,-30.532816,-41.572426,-30.813055,-9.837171,-41.101032,-67.7083,-20.06756,-49.604946,-107.08776,-12.913516
0.0,0.0,0.0,-20.18048509375,-20.271600624999998,-28.886904843750017,10.97721428125,-47.89136615625,-25.399855656250054,-19.941809625000005,-74.13955215624999,-42.192492562500036,5.454027781249998,-104.17536134375,-23.254334437500063,-28.4187730625,-125.48793684375,-30.623114562500007,-41.466482250000006,-32.25566496875,-11.307463718750057,-40.6956128125,-69.0113258125,-22.38566125,-49.790398156250006,-108.15620531249999,-14.348347656250041,0.0005120358,-0.0010829438,-0.00013088882,-19.606112,-20.30474,-28.295725,9.163454,-47.644485,-23.238083,-19.302923,-72.87984,-40.04337,3.8657901,-101.34719,-22.288918,-28.372377,-123.40295,-30.344482,-41.872963,-31.122622,-10.142906,-41.353466,-67.93714,-20.497932,-50.101604,-107.16234,-12.797657
0.0,0.0,0.0,-20.165409294117648,-20.263740382352943,-28.891539676470586,10.97546208823529,-47.894558911764705,-25.391199441176468,-19.934367529411766,-74.12669002941176,-42.20434764705891,5.433839764705883,-104.17422814705884,-23.258682323529513,-28.429727,-125.47158476470588,-30.648059676470552,-41.471948705882355,-32.242093499999996,-11.317964529411768,-40.70703673529412,-68.99165705882353,-22.403834735294197,-49.8170714117647,-108.13994620588235,-14.386175823529413,0.0005407755,-0.0010729044,-0.00011808562,-19.252922,-20.391796,-27.949009,8.772934,-47.571426,-23.039518,-18.949177,-72.61528,-39.48607,3.6206143,-100.75139,-22.382938,-27.794403,-122.76489,-30.457138,-41.68258,-30.908525,-9.912636,-41.21709,-67.77956,-20.180012,-49.80137,-107.1085,-12.8415
0.0,0.0,0.0,-20.33829305882353,-20.212620529411765,-28.900660647058885,11.04032764705882,-47.90553997058824,-25.56943108823532,-20.11703967647059,-74.22197402941177,-42.370305617647034,5.395928529411766,-104.46319205882352,-23.254707764705927,-28.723460205882354,-125.71018450000001,-30.464864352941277,-41.549611705882356,-32.311744823529416,-11.347756735294126,-40.781049470588236,-69.03190649999999,-22.48109058823536,-49.98341326470588,-108.12255600000002,-14.32926673529414,0.0005400643,-0.0010411202,-9.25623e-05,-18.810177,-20.474905,-27.546133,8.337439,-47.469097,-22.76113,-18.470322,-72.267746,-38.84159,3.3651416,-100.01641,-22.473965,-27.079876,-121.99696,-30.629898,-41.44568,-30.644434,-9.655851,-41.02328,-67.57392,-19.834715,-49.41898,-107.01655,-12.939602
0.0,0.0,0.0,-20.50325440625,-20.154032875,-28.930248187499956,11.097625187500007,-47.9306815,-25.72598928125001,-20.3038603125,-74.3214745625,-42.51475415624998,5.335424187500003,-104.7609983125,-23.228231343750053,-29.062723875,-125.93695893750001,-30.27997096874998,-41.6309145,-32.373234062499996,-11.377514906249985,-40.8683995625,-69.06902331250001,-22.550086031249975,-50.178256875,-108.08450865625001,-14.262743062499965,0.00055318186,-0.0010812961,-0.00011578262,-19.265045,-20.425716,-27.92533,8.771479,-47.58139,-23.106506,-18.981564,-72.67875,-39.469933,3.6294034,-100.8128,-22.413952,-27.76782,-122.821175,-30.38031,-41.66434,-30.946943,-9.88995,-41.204716,-67.836105,-20.14461,-49.768852,-107.165184,-12.776778
0.0,0.0,0.0,-20.627352352941177,-20.111614617647056,-28.975039294117664,11.139931441176468,-47.94867323529412,-25.844524588235345,-20.44883070588235,-74.39861914705881,-42.64032782352945,5.293709352941175,-104.98241029411766,-23.213350058823494,-29.324399794117646,-126.09821444117648,-30.16119911764713,-41.7017179117647,-32.42567544117647,-11.415058705882359,-40.944572941176475,-69.09591797058823,-22.631587235294205,-50.33331758823529,-108.05297261764706,-14.200470000000053,0.00057799206,-0.0011505793,-0.00011860467,-19.538664,-20.398756,-28.20988,9.200096,-47.62332,-23.372606,-19.189524,-72.96042,-39.99731,4.034469,-101.364265,-22.45446,-27.986814,-123.43824,-30.344257,-41.76105,-31.22692,-10.110247,-41.19138,-68.08146,-20.46706,-49.80228,-107.354904,-12.834879
0.0,0.0,0.0,-20.779216625,-20.0712236875,-29.059504562500024,11.179549531249997,-47.96837103125,-26.000963343750016,-20.6204185,-74.48759734375,-42.80105603125003,5.243571874999997,-105.23117246875,-23.21559450000001,-29.619959718750003,-126.31103334375,-29.97610671875003,-41.78153959375,-32.485575187500004,-11.476502499999981,-41.02810478125,-69.13223371875,-22.738171687500028,-50.50033884375,-108.02796090624999,-14.135277812500021,0.00057229283,-0.0011424458,-0.00012019383,-19.605328,-20.402082,-28.217024,9.192601,-47.639366,-23.431248,-19.309143,-73.01178,-40.02155,3.988837,-101.45523,-22.459932,-28.116854,-123.508286,-30.263763,-41.789597,-31.24304,-10.100616,-41.248676,-68.10325,-20.44994,-49.881577,-107.35947,-12.758836
0.0,0.0,0.0,-21.064501999999997,-19.980729029411762,-29.21429611764711,11.26131391176471,-48.00205279411765,-26.31611349999997,-20.957021588235293,-74.68426570588235,-43.083451999999966,5.100604529411772,-105.74815820588235,-23.195839323529356,-30.24602058823529,-126.69506326470588,-29.62904794117651,-41.914186470588234,-32.58766211764706,-11.574434970588243,-41.17948732352941,-69.19722326470588,-22.92351564705882,-50.85056582352941,-107.95985897058823,-13.964508852941094,0.0006210167,-0.0012283331,-0.00010974317,-19.674501,-20.450758,-28.303732,9.489695,-47.630684,-23.674612,-19.290594,-73.21332,-40.30205,4.3900447,-101.77123,-22.636316,-27.864264,-123.899475,-30.306458,-41.738495,-31.482409,-10.233454,-41.080776,-68.362335,-20.647491,-49.633022,-107.66911,-12.874762
0.0,0.0,0.0,-21.181998968749998,-19.955809125000002,-29.24218759375003,11.298873968750001,-48.0347849375,-26.456181500000014,-21.109536593749997,-74.79636668750001,-43.163479781249976,5.016699562500001,-106.02080215625,-23.157043593750018,-30.5451783125,-126.87425678125001,-29.426786593749966,-41.96787871875,-32.63595234375,-11.607666999999992,-41.24915715624999,-69.23152478125002,-22.993673406249968,-51.0241334375,-107.91856365625,-13.860020593749994,0.00043547738,-0.0011269809,2.3055258e-05,-20.049362,-20.740469,-28.332481,9.873423,-48.096107,-24.618326,-20.111776,-74.34026,-40.578304,4.451778,-103.467606,-22.507643,-28.305578,-125.25952,-28.974823,-41.65137,-32.050755,-10.467625,-41.114784,-69.20106,-20.744272,-49.8519,-108.4008,-12.184138
0.0,0.0,0.0,-21.274296088235293,-19.93688638235294,-29.270144264705834,11.332689941176476,-48.076421205882355,-26.56056470588237,-21.242114411764703,-74.90105897058825,-43.22333470588234,4.932831323529413,-106.26782967647058,-23.092361264705858,-30.83352288235294,-127.0397560882353,-29.21862435294122,-42.008668323529406,-32.68350623529412,-11.631049617647136,-41.30759476470588,-69.26334038235294,-23.045016852941217,-51.186397235294116,-107.8771995,-13.752566088235312,0.00023803991,-0.001012525,0.00019966012,-19.734152,-21.089373,-27.851631,9.721606,-48.35854,-25.038279,-19.981634,-74.8216,-40.011974,4.3962064,-103.92046,-22.516472,-27.419035,-125.444214,-28.199898,-41.223896,-32.217384,-10.363392,-40.75118,-69.66977,-20.47262,-49.31852,-108.97857,-11.886702
0.0,0.0,0.0,-21.54008444117647,-19.96866382352941,-29.29997255882347,11.378755088235295,-48.23221176470588,-26.885700735293995,-21.65654320588235,-75.25569111764706,-43.42337755882346,4.650495882352942,-106.96153435294119,-22.895188176470583,-31.64907732352941,-127.52948194117647,-28.534795294117657,-42.12828770588236,-32.84931514705883,-11.6815724411764,-41.48794194117647,-69.40182288235295,-23.081739588235337,-51.64877679411765,-107.81039652941178,-13.306708794117583,8.46707e-05,-0.00093801843,0.00031710987,-19.462828,-21.376997,-27.442284,9.657472,-48.50883,-25.331991,-19.72068,-75.10966,-39.567978,4.560203,-104.10844,-22.616905,-26.39644,-125.48785,-27.799334,-40.82431,-32.41226,-10.219044,-40.311184,-70.07477,-20.245712,-48.61107,-109.472435,-11.783596
0.0,0.0,0.0,-21.65027225,-19.97405515625,-29.337070343750042,11.394925125,-48.287718875,-26.97104925000002,-21.812865000000002,-75.375927625,-43.461284437499955,4.548616531250001,-107.1925943125,-22.810832937500038,-31.976240750000002,-127.68596375000001,-28.333513187500046,-42.1911025,-32.90876,-11.677887812500046,-41.57766771875,-69.43708875,-23.069992843750015,-51.83314040625,-107.7591258125,-13.163864906250069,7.733656e-05,-0.00092942757,0.00030739943,-19.548319,-21.38101,-27.47665,9.679951,-48.55707,-25.367304,-19.859911,-75.194855,-39.60097,4.516476,-104.25813,-22.538614,-26.589825,-125.61008,-27.653938,-40.871788,-32.438362,-10.228682,-40.388054,-70.1035,-20.237534,-48.741367,-109.46485,-11.67344
0.0,0.0,0.0,-21.84682241176471,-19.902001147058822,-29.500000911764687,11.445897323529415,-48.232767794117656,-26.88818088235297,-22.00696123529412,-75.31684326470588,-43.59524614705879,4.562562441176468,-107.16676488235294,-22.770965617647107,-32.34981420588235,-127.72269129411765,-28.397818147058842,-42.39678897058823,-32.91155561764705,-11.7194384117646,-41.77341323529412,-69.34418026470588,-23.086288441176464,-52.06310955882353,-107.60831429411765,-13.090913647058812,8.048024e-05,-0.0009290149,0.00029359182,-19.636665,-21.365467,-27.549662,9.729204,-48.590984,-25.383753,-19.985008,-75.26373,-39.68367,4.4914403,-104.398994,-22.461325,-26.819857,-125.74622,-27.559116,-40.93809,-32.46007,-10.267948,-40.47415,-70.11416,-20.270033,-48.89898,-109.440796,-11.598791
0.0,0.0,0.0,-22.309243941176465,-19.66621688235294,-30.048551705882346,11.596169088235293,-48.07088470588235,-26.229092794117662,-22.436297117647054,-74.96178961764706,-43.99511720588231,4.64562041176471,-106.7291584117647,-22.50048282352941,-33.3787564117647,-127.57882426470589,-28.93944582352941,-42.943955705882345,-32.764752676470586,-11.803639970588279,-42.313423205882344,-68.9611146764706,-23.140492117647057,-52.68019382352941,-107.09255747058825,-13.045116617647068,6.596543e-05,-0.0009220666,0.0003095296,-19.559242,-21.403196,-27.470865,9.690898,-48.5905,-25.383656,-19.885445,-75.249916,-39.582684,4.514505,-104.32734,-22.494806,-26.601295,-125.66722,-27.569145,-40.86718,-32.461555,-10.226413,-40.38974,-70.14033,-20.21963,-48.752373,-109.492874,-11.621006
0.0,0.0,0.0,-22.366665375,-19.610503968750002,-30.15958315625005,11.622685843750002,-48.0421290625,-25.95838168749998,-22.5024315,-74.83334012499999,-44.06218637500001,4.655204000000001,-106.5401891875,-22.360033999999985,-33.5943120625,-127.48053878124999,-29.090850937500022,-43.065032437499994,-32.68547190625,-11.84125046874999,-42.43863359375,-68.83659734375,-23.136855187500032,-52.826848312500005,-106.9481285,-13.056547312500015,8.9873414e-05,-0.0009342956,0.00029372063,-19.571335,-21.365,-27.526064,9.694055,-48.570507,-25.314217,-19.88542,-75.20001,-39.626205,4.4889054,-104.27663,-22.465136,-26.72153,-125.64817,-27.636562,-40.918045,-32.422855,-10.246952,-40.443813,-70.073875,-20.24682,-48.84721,-109.42364,-11.640166
0.0,0.0,0.0,-22.41026767647059,-19.540847676470587,-30.254890882352925,11.659464970588239,-47.986532441176465,-25.738866294117656,-22.554699970588235,-74.72195482352942,-44.135701764705914,4.664109470588237,-106.38539776470587,-22.260452235294167,-33.79608288235294,-127.39161917647057,-29.26862644117648,-43.15362538235294,-32.60982297058823,-11.864207441176518,-42.52847841176471,-68.71854355882353,-23.148674588235338,-52.942553147058824,-106.80807073529412,-13.057968029411825,0.00017829996,-0.0009787993,0.00023292525,-19.702856,-21.19964,-27.754997,9.732376,-48.473423,-25.153906,-20.002432,-75.025894,-39.882706,4.409245,-104.150955,-22.434319,-27.258951,-125.60787,-27.892761,-41.131897,-32.308834,-10.3396015,-40.673584,-69.842926,-20.391384,-49.21973,-109.15321,-11.73016
0.0,0.0,0.0,-22.455523625,-19.4635236875,-30.35254956250003,11.694854125000003,-47.913894062500006,-25.56572074999997,-22.6005468125,-74.61845134375001,-44.23068525000002,4.67513971875,-106.24800900000001,-22.18620493749995,-33.99370590625,-127.32565943750001,-29.420433093749978,-43.232660406250005,-32.53830790625,-11.890517312500037,-42.603407625,-68.60679396875,-23.18468393750004,-53.05079978125001,-106.66943971875,-13.064076468749988,0.0002613577,-0.0010239193,0.00016512752,-19.869247,-21.046432,-27.984713,9.802761,-48.383713,-25.009178,-20.139603,-74.872826,-40.154736,4.379522,-104.054924,-22.402475,-27.776093,-125.60279,-28.137814,-41.342365,-32.23645,-10.414981,-40.884354,-69.64875,-20.525888,-49.552685,-108.900925,-11.806213
0.0,0.0,0.0,-22.48509959375,-19.4067319375,-30.423615531249993,11.73012253125,-47.861326500000004,-25.40497499999998,-22.6319385,-74.53977190625,-44.30003846875002,4.686581906249998,-106.14192228125,-22.119388718749974,-34.1392611875,-127.27796243750001,-29.516879125000003,-43.29044309375,-32.48084121875,-11.90173921874998,-42.657450624999996,-68.5212655625,-23.211969437499988,-53.1357730625,-106.56485240625,-13.06583784374999,0.00016025937,-0.0009773733,0.0002685866,-19.487844,-21.248043,-27.610214,9.6665325,-48.414257,-25.121693,-19.690136,-74.91418,-39.71932,4.5046983,-103.89235,-22.578285,-26.716335,-125.37303,-28.081625,-40.971188,-32.28683,-10.285602,-40.455658,-69.853645,-20.35041,-48.85899,-109.24537,-11.904061
0.0,0.0,0.0,-22.507398176470588,-19.334419705882354,-30.500646205882333,11.767720970588233,-47.81451064705882,-25.259735029411786,-22.65673911764706,-74.46339873529412,-44.37840888235297,4.700336235294117,-106.03962247058824,-22.054885735294135,-34.28004144117647,-127.232453,-29.595699352941153,-43.34205794117647,-32.42055820588235,-11.917309735294168,-42.70663711764706,-68.43572582352942,-23.24768405882361,-53.21694194117647,-106.46044929411767,-13.070788882352929,0.00016088915,-0.00097003207,0.00025174284,-19.628485,-21.247034,-27.659822,9.681863,-48.481125,-25.176495,-19.922314,-75.02786,-39.767273,4.4161115,-104.10065,-22.476841,-27.038406,-125.53609,-27.874779,-41.053757,-32.315155,-10.289428,-40.590427,-69.882454,-20.327847,-49.071896,-109.21862,-11.734821
0.0,0.0,0.0,-22.524230125,-19.2495075625,-30.566081062500018,11.804339531249994,-47.7727560625,-25.13724037500009,-22.67195478125,-74.38344925,-44.45698837500004,4.7133959687499996,-105.94905021875002,-22.00308887500006,-34.410520625,-127.200255,-29.664276156250025,-43.3862379375,-32.362401000000006,-11.939580937500068,-42.746938531249995,-68.357191,-23.28598315625004,-53.286415875,-106.36733431249999,-13.070999156250025,0.0005756016,-0.0012206698,-6.065804e-05,-19.801079,-20.571346,-28.3351,9.72058,-47.778973,-24.06471,-19.515196,-73.65224,-40.47684,4.5710626,-102.41907,-22.659374,-27.861275,-124.47408,-29.897987,-41.67411,-31.761837,-10.349374,-41.004906,-68.740486,-20.739613,-49.576534,-108.037445,-12.6919365
0.0,0.0,0.0,-22.53165132352941,-19.16944894117647,-30.62093399999992,11.836376794117651,-47.73724267647059,-25.02963164705875,-22.67438555882353,-74.30513161764705,-44.5265762941176,4.726351911764709,-105.87462567647059,-21.95476573529413,-34.518306882352945,-127.1645505882353,-29.750411058823488,-43.42065447058823,-32.31004285294117,-11.965848911764681,-42.7772265,-68.2866639117647,-23.31820682352935,-53.34582358823529,-106.289471,-13.070491000000004,0.00057130086,-0.0012191781,-4.3705342e-05,-19.672247,-20.611551,-28.226816,9.649765,-47.74897,-24.045166,-19.344025,-73.59394,-40.337486,4.595823,-102.25927,-22.733122,-27.541176,-124.32541,-29.970394,-41.57567,-31.742056,-10.293167,-40.887226,-68.747734,-20.67494,-49.37275,-108.09518,-12.748449
0.0,0.0,0.0,-22.5249968125,-19.09154740625,-30.67138009375003,11.871236562499998,-47.70736084375,-24.91866299999998,-22.6689658125,-74.22279159375,-44.5959758125,4.738776406249997,-105.80209506250002,-21.918238531249983,-34.623201,-127.13722009375,-29.83732121874999,-43.448774281249996,-32.25912478125,-11.998775437499944,-42.80199178125,-68.2184226875,-23.35974596875002,-53.399946687500005,-106.2163493125,-13.079850187500028,0.000574223,-0.0012167337,-4.282781e-05,-19.588596,-20.61545,-28.168219,9.569674,-47.723774,-23.970463,-19.240997,-73.51066,-40.229668,4.549871,-102.0989,-22.743446,-27.424528,-124.17371,-30.032883,-41.542263,-31.681952,-10.24684,-40.857296,-68.690125,-20.61799,-49.31331,-108.059944,-12.775014
0.0,0.0,0.0,-22.526749125,-19.02385434375,-30.727394906250026,11.893160156249998,-47.67637453125,-24.847787687499988,-22.66314934375,-74.151828875,-44.66516387500002,4.751064656250001,-105.73884409375,-21.903823718750004,-34.7017691875,-127.12132171875,-29.91969375000002,-43.47516643749999,-32.21698978125,-12.031690437500004,-42.82255775,-68.1624619375,-23.404712500000016,-53.439522124999996,-106.15669546874999,-13.100383593749996,0.0005172073,-0.0011638363,-5.3598134e-05,-20.059782,-20.569601,-28.433393,9.7699795,-47.911682,-24.287651,-20.001892,-73.92828,-40.63404,4.3816056,-102.9277,-22.544636,-28.503893,-124.85473,-29.468653,-41.79972,-31.840523,-10.411687,-41.24313,-68.848526,-20.757536,-49.98619,-108.04028,-12.38379
0.0,0.0,0.0,-22.521447970588234,-18.95299544117647,-30.776134764705887,11.913187499999996,-47.6435779117647,-24.782155705882417,-22.648851176470586,-74.07792088235293,-44.73006758823533,4.767592500000003,-105.67354226470587,-21.879052705882373,-34.771766,-127.108095,-29.99264797058828,-43.49663623529412,-32.173291735294114,-12.058914970588262,-42.83736002941177,-68.10484714705882,-23.443868264705884,-53.47434938235294,-106.09735311764706,-13.111921470588243,0.0004522353,-0.0011002708,-8.5456544e-05,-20.485365,-20.48372,-28.699076,9.955824,-48.02825,-24.51981,-20.654465,-74.216934,-41.039085,4.2462935,-103.56187,-22.393373,-29.510136,-125.381546,-29.071762,-42.045654,-31.95521,-10.5550585,-41.58719,-68.93159,-20.901766,-50.58034,-107.943146,-12.082602
0.0,0.0,0.0,-22.552666781250004,-18.88520615625,-30.826890093750023,11.933632531249991,-47.618559250000004,-24.73616318750004,-22.670524375000003,-74.01408334375,-44.801023468749975,4.783744124999998,-105.6324163125,-21.86165900000003,-34.863770625,-127.1106683125,-30.05204681250001,-43.532384625000006,-32.1423484375,-12.078210812500004,-42.86826903125,-68.05696721875,-23.47939987500007,-53.522406625,-106.04437403125,-13.114373250000028,0.00043068654,-0.0010455343,-0.00013426591,-20.92487,-20.29972,-28.957275,10.017089,-48.026474,-24.715342,-21.336243,-74.278046,-41.477695,3.9888008,-103.93642,-22.423908,-30.623518,-125.64999,-28.953571,-42.3448,-31.94517,-10.663652,-42.011707,-68.84109,-21.05997,-51.238426,-107.68845,-11.926443
0.0,0.0,0.0,-22.75530941176471,-18.840254147058822,-30.890261470588257,11.949736999999999,-47.63826302941177,-24.779119176470545,-22.88853117647059,-74.00083949999998,-44.92333979411757,4.793242058823523,-105.70775976470588,-21.8731249411764,-35.10570570588236,-127.1975961764706,-30.03717482352937,-43.647202,-32.185605205882354,-12.07066888235289,-42.991391176470586,-68.06189270588236,-23.502042823529393,-53.64977620588236,-106.02158311764707,-13.06947414705877,0.00045370063,-0.001064202,-0.00017099502,-21.23539,-20.157753,-29.239435,10.270453,-48.023956,-24.874294,-21.696703,-74.390144,-41.9596,4.075088,-104.335075,-22.427114,-31.271662,-126.059456,-28.926424,-42.540325,-32.047096,-10.852135,-42.195168,-68.87521,-21.323446,-51.576477,-107.62608,-11.904293
0.0,0.0,0.0,-23.08608803125,-18.84823371875,-31.022399937499927,11.969620343750002,-47.7177269375,-24.94109253124998,-23.2662996875,-74.04605928125,-45.10362709374999,4.803896218750001,-105.88920331249999,-21.980125343749933,-35.47322884375,-127.37743671874999,-30.03372665624994,-43.821208125,-32.306421156249996,-12.100040312499914,-43.1830849375,-68.13091859375,-23.54606334374995,-53.82773528125,-106.04659021875001,-13.034274968749969,0.00046869097,-0.0010667956,-0.00021485805,-21.29943,-20.04545,-29.336487,10.256199,-47.96833,-24.718937,-21.727837,-74.23198,-42.048573,4.012508,-104.19412,-22.373144,-31.553188,-125.9777,-29.083813,-42.654263,-31.952261,-10.850302,-42.31024,-68.708855,-21.354023,-51.755135,-107.428535,-11.927806
0.0,0.0,0.0,-23.2255858125,-18.839047562500003,-31.121043249999957,11.984107749999993,-47.744570781250005,-24.981183156249983,-23.406453750000004,-74.0434085,-45.18338668749999,4.813048062499998,-105.93717303124998,-22.020728031249973,-35.65604765625,-127.44698837499999,-30.0817698125,-43.8978520625,-32.34421846875,-12.12645621874998,-43.26577846875,-68.14369328125,-23.56902309374999,-53.905585093750005,-106.04125678124998,-13.023231468749998,0.00045158083,-0.0010612467,-0.0002292838,-21.235289,-20.004984,-29.38925,10.30713,-47.94523,-24.524036,-21.525314,-74.11331,-42.052708,4.11818,-104.02205,-22.26247,-31.443083,-125.88691,-29.251926,-42.661873,-31.916609,-10.862347,-42.25156,-68.62721,-21.395391,-51.694298,-107.34789,-12.041501
0.0,0.0,0.0,-23.328487294117647,-18.820812411764706,-31.21095891176475,11.999095676470589,-47.752981500000004,-25.004328911764674,-23.50079132352941,-74.02723073529413,-45.25908344117653,4.8327065294117695,-105.95526417647059,-22.04677608823539,-35.77510855882353,-127.50048394117647,-30.119385558823524,-43.95651194117647,-32.36837005882353,-12.148256088235314,-43.32217502941177,-68.14974979411765,-23.584976147058853,-53.951432705882354,-106.0369301764706,-13.003283970588257,0.0004165578,-0.0010345272,-0.00024272567,-21.33178,-19.940744,-29.498264,10.369905,-47.970615,-24.50453,-21.643814,-74.12843,-42.181755,4.084497,-104.13457,-22.164143,-31.748343,-125.98528,-29.205267,-42.746956,-31.912539,-10.9232,-42.344913,-68.591255,-21.469633,-51.879738,-107.25239,-12.003575
0.0,0.0,0.0,-23.42463584375,-18.810531562500003,-31.28812968750003,12.0162540625,-47.75514409375,-25.034506750000048,-23.5886408125,-74.01575378125,-45.319110687500086,4.8705718125,-105.97041309375,-22.072855937500037,-35.862799875,-127.56585253124999,-30.12393940625003,-44.005339218749995,-32.40102296875,-12.154139375000057,-43.36733221874999,-68.16676025,-23.585119968750064,-53.969341375,-106.045829,-12.953569375000086,0.000410468,-0.0010324782,-0.00025307274,-21.497314,-19.880041,-29.63679,10.506898,-47.98891,-24.6275,-21.861876,-74.23495,-42.427,4.1159434,-104.41023,-22.153475,-32.102577,-126.240524,-29.108969,-42.83661,-31.981825,-11.030442,-42.436962,-68.6398,-21.603786,-52.061626,-107.24077,-11.948973
0.0,0.0,0.0,-23.51947767647059,-18.81026291176471,-31.3464704117647,12.03536520588235,-47.74628367647059,-25.07047579411767,-23.673612411764708,-74.01276120588236,-45.3822362352941,4.939182088235292,-105.97970361764706,-22.11586255882355,-35.906166029411764,-127.63793252941176,-30.106112352941125,-44.04876929411765,-32.44678582352941,-12.15314420588237,-43.39693617647059,-68.20387099999999,-23.565151323529392,-53.94754794117647,-106.08196152941176,-12.86898170588239,0.00038880765,-0.0010126805,-0.00026133034,-21.596218,-19.833702,-29.714462,10.547564,-48.00983,-24.658516,-22.008327,-74.270874,-42.53696,4.067988,-104.538795,-22.104992,-32.380707,-126.34248,-29.037014,-42.90639,-31.988111,-11.073756,-42.52707,-68.62824,-21.654097,-52.225002,-107.1795,-11.889913
0.0,0.0,0.0,-23.66629796875,-18.818037718750002,-31.37641149999996,12.0563309375,-47.74753546875,-25.152013874999966,-23.82806278125,-74.02387462499999,-45.49707878124997,4.998254875000001,-106.0308864375,-22.182604781250006,-36.01400190625,-127.72698828125,-30.105295249999983,-44.117634875,-32.5144426875,-12.143412624999996,-43.45710828125,-68.25184349999999,-23.55260475,-53.962921125,-106.117489125,-12.793355125000005,0.0003795365,-0.0010089625,-0.00026322744,-21.56974,-19.836666,-29.739956,10.587849,-48.022053,-24.593166,-21.93274,-74.27571,-42.53282,4.122253,-104.52821,-22.02623,-32.337536,-126.36692,-29.034891,-42.902973,-31.995249,-11.088422,-42.496647,-68.62913,-21.66527,-52.20222,-107.17878,-11.891738
0.0,0.0,0.0,-23.855659437499998,-18.838312625,-31.38421249999999,12.076168031250006,-47.747581,-25.27100362499999,-24.01886959375,-74.071533,-45.586275093749975,5.065023656249998,-106.11718509375,-22.253032562499982,-36.14103903125,-127.84275109375001,-30.05013174999999,-44.20066009375,-32.60992303125,-12.126390500000014,-43.527156093749994,-68.32612465625,-23.513140687500027,-53.97541765625,-106.17281603125001,-12.676645187500014,0.00040634975,-0.0010185208,-0.00023878472,-21.41952,-19.932661,-29.531416,10.365964,-48.010284,-24.583347,-21.825993,-74.21686,-42.228813,3.9852722,-104.30029,-22.130455,-32.009354,-126.103424,-29.042921,-42.79496,-31.924015,-10.941597,-42.440964,-68.61407,-21.465,-52.040154,-107.23498,-11.873658
0.0,0.0,0.0,-24.04800908823529,-18.85227832352941,-31.455693176470675,12.096556264705885,-47.758535823529414,-25.37422185294122,-24.21156347058823,-74.12303244117648,-45.64989523529414,5.11068523529412,-106.21036173529411,-22.329314323529445,-36.304271323529406,-127.95685285294118,-30.00647161764715,-44.28783514705882,-32.70031899999999,-12.117180441176515,-43.607716911764705,-68.38986373529411,-23.492662176470674,-54.018179911764705,-106.21055697058824,-12.593507647058857,0.0004139576,-0.0010316148,-0.00024152322,-21.341787,-19.937258,-29.520128,10.391054,-47.978657,-24.511219,-21.65496,-74.15402,-42.206615,4.0908,-104.17717,-22.142548,-31.78927,-126.03452,-29.175377,-42.754696,-31.922365,-10.940672,-42.35058,-68.60198,-21.484701,-51.903316,-107.256226,-11.98179
0.0,0.0,0.0,-24.151633906249998,-18.87442978125,-31.507145874999992,12.099007968750001,-47.753289031250006,-25.44882684375,-24.30798165625,-74.16762503125,-45.65950493750006,5.1559472812500005,-106.2495881875,-22.388290406250007,-36.341228875,-128.020240875,-29.967313687500052,-44.31478690625,-32.7582700625,-12.101755062500047,-43.62586646875,-68.443286375,-23.46457859374999,-53.99165628125,-106.25608187499999,-12.520603218750011,0.00042346396,-0.0010355767,-0.00022196614,-21.136072,-20.0153,-29.34757,10.23448,-47.951588,-24.386475,-21.387505,-74.041214,-41.91674,4.0668025,-103.8637,-22.1698,-31.336859,-125.74325,-29.277061,-42.63314,-31.848074,-10.820028,-42.22355,-68.55872,-21.33183,-51.663994,-107.287796,-12.048408
0.0,0.0,0.0,-23.473477941176473,-18.974154735294118,-31.11527391176469,12.01400302941176,-47.67105055882354,-25.186711088235256,-23.6152225,-74.19022864705883,-45.14328194117644,5.11945379411765,-105.94994455882352,-22.177045176470585,-35.46963232352941,-127.60550917647059,-29.87489335294117,-43.8531575,-32.543163676470584,-11.98592338235295,-43.16094655882353,-68.39655644117647,-23.3049263235294,-53.52084311764706,-106.2845342647059,-12.616194029411758,0.0004295448,-0.0010436922,-0.00022304613,-21.138754,-20.02589,-29.349699,10.259275,-47.95041,-24.409111,-21.380997,-74.0616,-41.93296,4.1062627,-103.887405,-22.186256,-31.296757,-125.772705,-29.276455,-42.623478,-31.87257,-10.827595,-42.20252,-68.58593,-21.343094,-51.629673,-107.31893,-12.057003
0.0,0.0,0.0,-22.18301034375,-19.386473,-30.599987937500032,11.784406687500006,-47.72583921875,-24.802704656249944,-22.363390656249997,-74.23132659375,-44.248215468750004,4.9896784375,-105.33970621875,-22.102116437499944,-33.84720271875,-126.80622909374999,-30.163762937499996,-43.0726633125,-32.25191471875,-11.933342812499973,-42.4261415625,-68.36959546875,-23.078709499999945,-52.74406409375,-106.50355206249999,-13.047202968749957,0.00041786462,-0.0010337762,-0.00021965256,-21.05802,-20.029537,-29.312841,10.209058,-47.94106,-24.30312,-21.255459,-73.98494,-41.835964,4.092447,-103.73838,-22.144936,-31.173664,-125.64166,-29.340666,-42.59781,-31.821423,-10.793554,-42.16747,-68.53007,-21.303411,-51.575546,-107.27954,-12.097989
0.0,0.0,0.0,-19.99724352941176,-20.079202029411768,-29.135623705882438,10.73947026470589,-47.74051079411765,-24.00252211764706,-19.961217499999997,-73.32748770588236,-41.90221623529408,5.232446411764709,-102.61665376470589,-22.794080882352944,-29.147908617647055,-124.25594102941177,-31.78397229411769,-41.820712735294116,-31.610505264705886,-11.17501658823528,-41.19281808823529,-68.24371935294118,-22.005781264705888,-50.27577002941176,-107.39724523529412,-14.229004705882346,0.00046773787,-0.001092813,-0.00018489077,-20.544127,-20.166208,-28.990545,9.982284,-47.817486,-24.00989,-20.470053,-73.6663,-41.31466,4.257643,-102.97097,-22.286594,-29.936562,-124.99133,-29.782589,-42.300785,-31.690607,-10.613115,-41.760002,-68.436775,-21.111998,-50.864662,-107.39035,-12.453534
0.0,0.0,0.0,-18.8960086875,-20.324305125000002,-28.22857090625007,10.0275633125,-47.6353214375,-23.595571500000005,-18.64900703125,-72.78764275,-40.57308471875007,5.0696931875,-101.18222678125001,-23.11705209375009,-26.887798875,-122.8071663125,-32.22853562500006,-41.18805221875,-31.215493875,-10.706237750000014,-40.54122165625,-68.07007746875,-21.38112540625002,-49.07108503125,-107.585413375,-14.721587125000042,0.0004982583,-0.0011291149,-0.00018145435,-20.562454,-20.20137,-28.997526,10.067008,-47.815796,-24.131264,-20.483389,-73.760345,-41.391666,4.3758454,-103.09871,-22.38015,-29.838285,-125.13235,-29.763346,-42.270336,-31.780584,-10.64887,-41.70112,-68.54705,-21.158648,-50.768818,-107.525345,-12.467965
0.0,0.0,0.0,-17.938372058823532,-20.555042970588236,-27.335723029411724,9.253597529411767,-47.51971526470588,-23.272563411764622,-17.496859205882355,-72.31149008823529,-39.25748491176461,4.741339676470588,-99.92960279411764,-23.391384529411653,-25.019739235294118,-121.49489464705884,-32.32215805882345,-40.622713352941176,-30.852896323529414,-10.27947014705876,-39.968958941176474,-67.91830620588236,-20.77804308823528,-48.0147205882353,-107.67264473529413,-14.946182382352958,0.0005459854,-0.0011713856,-0.00015458984,-20.228315,-20.274675,-28.77696,9.886979,-47.73746,-23.935421,-20.00098,-73.535126,-41.03498,4.420896,-102.59257,-22.468512,-29.101566,-124.68328,-30.02983,-42.085438,-31.66865,-10.524622,-41.46274,-68.46186,-21.01863,-50.3498,-107.56729,-12.676326
0.0,0.0,0.0,-15.402027823529414,-21.131927411764707,-24.836009294117673,6.850691176470587,-47.06525535294118,-22.145982647058872,-14.624618382352942,-70.71741526470588,-35.4598902058824,3.2498068529411768,-96.2737153235294,-24.041519235294118,-20.849714441176474,-117.44766470588235,-32.24487850000003,-38.91670470588235,-29.681788529411765,-8.901342147058813,-38.376429323529415,-67.2679646764706,-18.811492176470665,-45.307454441176475,-107.3213100882353,-15.173240205882394,0.0006354202,-0.0011648436,-9.201218e-05,-18.601795,-20.591633,-27.498606,8.648052,-47.360497,-22.959948,-17.949802,-72.354355,-38.968063,4.054297,-99.99247,-22.826082,-26.03854,-122.13868,-30.910316,-41.174362,-30.92927,-9.722766,-40.493046,-67.89385,-19.994963,-48.572464,-107.45315,-13.258293
0.0,0.0,0.0,-14.720143968749998,-21.246869750000002,-24.09058862500001,6.1917494375,-46.8473199375,-21.80715662500006,-13.9772456875,-70.16103174999999,-34.41510493750002,2.785219875000003,-95.17262215624999,-24.229393093750048,-19.8881751875,-116.21739096875,-32.184944343749976,-38.385505375,-29.32049703125,-8.517048812500036,-37.914098374999995,-67.02798884375,-18.20275987499997,-44.51955984375,-107.1068665,-15.116296843749979,0.00062912505,-0.0011399192,-7.8127254e-05,-18.313374,-20.647837,-27.236378,8.367199,-47.30284,-22.77036,-17.6369,-72.139854,-38.538673,3.8852665,-99.52734,-22.858116,-25.58328,-121.647194,-30.987602,-41.01725,-30.759386,-9.5523815,-40.36279,-67.76362,-19.75975,-48.32255,-107.38575,-13.294876
0.0,0.0,0.0,-14.199836411764707,-21.244808617647056,-23.544623029411753,5.648992294117651,-46.57937482352941,-21.562511647058898,-13.551551823529412,-69.58939517647059,-33.70960902941175,2.3368111470588246,-94.20617814705882,-24.528355147058903,-19.23175811764706,-115.10679205882353,-32.30419832352942,-37.94536005882353,-28.963520411764705,-8.19733297058832,-37.573226235294115,-66.75330067647059,-17.776807911764706,-43.94591694117648,-106.83815973529413,-15.196780029411798,0.00064044807,-0.0011778834,-7.3423726e-05,-18.426094,-20.671698,-27.359,8.617388,-47.328346,-22.986053,-17.703487,-72.340866,-38.81663,4.1718163,-99.85693,-22.952665,-25.538471,-122.03141,-30.974066,-41.017178,-30.962841,-9.666969,-40.28395,-67.977234,-19.926266,-48.223267,-107.613976,-13.32337
0.0,0.0,0.0,-13.258585812500002,-21.11146865625,-22.604964250000023,4.946535656249999,-45.96529878125,-21.15477662500001,-12.7925745625,-68.37846059374999,-32.8676615,1.7418818749999971,-92.46227140625001,-25.288447406250043,-18.020883906250003,-112.95104362500001,-33.04669659375003,-37.14502275,-28.277962312499998,-7.841803593750001,-36.91484171875,-66.13485265625,-17.399691656250013,-42.8916143125,-106.18697615625,-15.96229553125005,0.000681186,-0.001170847,-6.9571906e-05,-17.894335,-20.803713,-26.843973,8.1613245,-47.168926,-22.725004,-17.05877,-71.97661,-38.056664,4.0285983,-98.994675,-23.141464,-24.47939,-121.18412,-31.147167,-40.66035,-30.755209,-9.304115,-39.912514,-67.846436,-19.456871,-47.529255,-107.61595,-13.35118
0.0,0.0,0.0,-12.75746011764706,-20.660995970588235,-22.404754529411775,5.010960852941174,-45.03950708823529,-21.48607852941177,-11.8914065,-66.9709055882353,-33.55198835294118,2.4183728529411717,-90.7077992352941,-27.125840911764726,-16.286301970588237,-110.96683935294118,-35.57119920588235,-36.6871510882353,-27.97034744117647,-8.105647205882349,-36.13902070588236,-65.5937944117647,-18.38792776470592,-41.401372264705884,-105.6575755882353,-18.547427823529404,0.00067781424,-0.0011605204,-5.2717598e-05,-17.753107,-20.81424,-26.696877,7.9695883,-47.144608,-22.58446,-16.935713,-71.8137,-37.802124,3.862995,-98.70886,-23.134438,-24.316998,-120.84175,-31.20408,-40.60429,-30.61443,-9.209618,-39.897102,-67.71846,-19.323702,-47.46727,-107.51004,-13.399228
0.0,0.0,0.0,-12.398763656249997,-20.541937125,-22.186828468749923,4.888561656250005,-44.737181,-21.451295718749975,-11.504182093749998,-66.38109634374999,-33.46736709374994,2.4722430312500023,-89.83238371875001,-27.620070437499976,-15.516455312499998,-109.85284196875,-36.30210109374991,-36.35707703125,-27.73210828125,-8.062214874999995,-35.798224874999995,-65.30959871875001,-18.51672553124996,-40.75642696875,-105.30752865625001,-19.403438468749982,0.00070022244,-0.0011547412,-2.4838988e-05,-17.32836,-20.901451,-26.254332,7.5068717,-47.05777,-22.31012,-16.52577,-71.47101,-37.1018,3.5413935,-97.98201,-23.193897,-23.672747,-120.005486,-31.261866,-40.349968,-30.34581,-8.917094,-39.70635,-67.51178,-18.91039,-47.07583,-107.35437,-13.418072
0.0,0.0,0.0,-12.082003588235295,-20.281460529411767,-22.112705088235316,4.921201500000002,-44.175807029411764,-21.654744794117676,-10.98399155882353,-65.45862285294118,-33.88276147058832,2.8838332647058813,-88.62306311764705,-28.766682352941245,-14.450622970588238,-108.3905056764706,-37.91692220588243,-36.042611529411765,-27.540355705882355,-8.147826264705941,-35.31616185294118,-64.92960041176471,-19.051147294117698,-39.81149147058824,-104.84446585294118,-21.08080685294118,0.00075587956,-0.0011519635,1.825269e-05,-16.407598,-21.139977,-25.291273,6.503881,-46.98095,-21.832718,-15.806236,-70.91648,-35.576088,2.6533048,-96.67548,-23.244642,-22.54894,-118.342224,-31.110308,-39.77479,-29.80247,-8.373913,-39.358067,-67.15954,-18.036648,-46.436317,-107.05572,-13.332348
0.0,0.0,0.0,-11.642534062500001,-20.136038343750002,-21.825254406249996,4.8397072187499965,-43.740055437500004,-21.628524812500018,-10.4185893125,-64.62225575,-33.92669009374998,3.1732563749999976,-87.33447575,-29.491952781250006,-13.298453343750001,-106.73965971875,-39.09626296875001,-35.63809984375,-27.299307187500002,-8.206230156250001,-34.798305,-64.57700021875,-19.354534093749976,-38.790404906250004,-104.3187323125,-22.46236509375001,0.000830682,-0.0013296313,5.0497878e-05,-14.746588,-21.101051,-23.970383,5.6528053,-46.243122,-21.524254,-14.031398,-69.31023,-34.320267,2.44673,-93.94953,-24.551006,-19.522963,-114.96006,-32.62432,-38.464134,-29.044289,-8.070048,-37.988094,-66.51719,-17.826546,-44.123867,-106.429634,-15.192274
0.0,0.0,0.0,-11.488874558823527,-20.136790911764706,-21.718156735294087,4.773702176470593,-43.67804226470587,-21.61751250000009,-10.280946558823526,-64.45189288235294,-33.844983264705945,3.178803441176477,-87.00620997058824,-29.581055588235415,-13.002268941176467,-106.27719129411766,-39.254690794117664,-35.500452764705884,-27.217871852941176,-8.212252470588282,-34.66274438235294,-64.49719935294118,-19.374576352941176,-38.5282555,-104.17697594117647,-22.705465941176442,0.0008105795,-0.001355815,6.906486e-05,-14.268861,-21.065887,-23.617582,5.441805,-46.02118,-21.466965,-13.542991,-68.84132,-34.02551,2.3909562,-93.18089,-24.948004,-18.697279,-113.964645,-33.0884,-38.082504,-28.813934,-8.0434475,-37.598244,-66.31622,-17.84715,-43.485233,-106.20967,-15.820669
0.0,0.0,0.0,-11.3438651875,-20.021544,-21.697600312499958,4.800878843749999,-43.428862531250005,-21.713803312499977,-10.009002125,-64.079618125,-34.01426218749998,3.408328499999996,-86.47548071875,-30.03103540625,-12.458605343750001,-105.61537503125,-39.90360171875,-35.3529148125,-27.149543343750004,-8.30179878125,-34.41703640625,-64.35436825,-19.649959562499987,-38.0425859375,-103.96281440625,-23.42164240624993,0.00075730507,-0.0011694999,-3.213827e-07,-16.690119,-21.0586,-25.614,6.8908873,-46.955994,-22.031166,-15.957975,-71.086876,-36.130672,3.0752652,-97.0722,-23.310585,-22.76179,-118.89646,-31.22239,-39.924145,-30.02727,-8.553735,-39.378586,-67.30992,-18.35503,-46.489624,-107.19095,-13.40314
0.0,0.0,0.0,-11.05711075,-19.897129,-21.612656687500078,4.83474703125,-43.128449999999994,-21.76120190625005,-9.57039825,-63.593244125,-34.09947012500004,3.7173264687500023,-85.6797886875,-30.491056562500034,-11.607249,-104.5955005625,-40.615803718750044,-35.06597734375,-27.0416799375,-8.40601543750006,-33.99087196875,-64.17448568750001,-19.89831834375002,-37.2590540625,-103.64684046875,-24.301151281250043,0.001016512,-0.0018479525,4.357422e-05,-12.276758,-20.602322,-21.991447,4.438937,-44.502316,-21.493095,-11.434359,-65.931274,-33.220093,2.3930876,-88.715454,-27.820148,-14.596729,-108.26712,-36.603424,-36.236374,-27.642683,-7.749748,-35.669617,-65.09282,-18.205805,-40.00863,-104.73746,-19.823502
0.0,0.0,0.0,-11.01377641176471,-19.96190261764706,-21.5507740882353,4.785966470588232,-43.19592173529412,-21.651862794117676,-9.58140241176471,-63.67674302941176,-33.89614602941174,3.629570088235287,-85.71688879411764,-30.259080764705914,-11.611379941176475,-104.60382952941177,-40.31666926470592,-35.01939535294118,-27.01845770588235,-8.336259676470547,-33.98985517647059,-64.20930105882353,-19.720378205882355,-37.261002558823535,-103.66826055882353,-24.033775794117616,0.00076955976,-0.0013654227,2.290236e-05,-13.298642,-21.264698,-22.509903,4.593405,-45.846336,-21.18744,-12.8389225,-68.27299,-32.618008,1.7216779,-91.871475,-25.233955,-17.292738,-112.21644,-32.966152,-37.23089,-28.353195,-7.458216,-36.96359,-66.136,-16.963848,-42.419,-106.04329,-15.815934
0.0,0.0,0.0,-10.939919562500002,-19.849953,-21.56502731249998,4.8469363749999985,-43.00638603125,-21.767270124999925,-9.390566750000001,-63.4016258125,-34.12327103125,3.824882875,-85.35603865624999,-30.649766968749987,-11.24083209375,-104.18397584374999,-40.83034325,-34.93541309375,-27.002329843749997,-8.40712174999993,-33.793806718750005,-64.11092,-19.964747531249998,-36.9013891875,-103.5376091875,-24.574302718749948,0.0009673339,-0.0017774893,-1.1149583e-05,-12.312518,-20.736113,-21.83537,4.274271,-44.692814,-21.312878,-11.617836,-66.16423,-32.80436,2.0944283,-88.93031,-27.374428,-14.886974,-108.486984,-35.955963,-36.25428,-27.636248,-7.5086637,-35.817986,-65.18286,-17.742903,-40.27376,-104.828064,-19.125391
0.0,0.0,0.0,-10.83679571875,-19.88072665625,-21.489704156250014,4.771900531250001,-43.0093913125,-21.69513121875002,-9.3327244375,-63.373892906250006,-33.98096928125,3.77115934375,-85.2207765625,-30.594341249999957,-11.1081916875,-103.959334875,-40.753067968749974,-34.82426715625,-26.95489371875,-8.33853618750004,-33.72078984375,-64.09360121875,-19.86821550000002,-36.77266203124999,-103.4716104375,-24.556882937500006,0.0012380837,-0.0023183122,2.9253795e-05,-11.405294,-20.020432,-21.366163,4.193869,-43.12727,-21.950603,-10.194047,-63.709175,-33.745266,3.0834725,-85.5584,-30.540964,-11.867786,-104.48482,-40.156315,-35.204426,-27.074621,-7.777705,-34.36476,-64.25263,-19.16268,-37.504494,-103.67097,-23.51077
0.0,0.0,0.0,-10.798010399999997,-19.83047453333333,-21.485400433333268,4.796533233333339,-42.91323776666667,-21.746854566666684,-9.256800366666665,-63.2375981,-34.0884420000001,3.8639617666666695,-85.0381543,-30.76367089999991,-10.931075899999994,-103.74887129999999,-40.997933000000046,-34.777597899999996,-26.9391544,-8.354522633333374,-33.635992099999996,-64.0499004,-19.961487700000077,-36.6081748,-103.3935485,-24.833706633333293,0.0011757759,-0.0023726167,-1.1079665e-05,-11.123554,-19.839952,-21.177929,4.010325,-42.882145,-21.939651,-10.07177,-63.087883,-33.72336,2.8656595,-84.68201,-30.95405,-11.61305,-103.12314,-40.818806,-34.932125,-26.715483,-7.8599167,-34.209694,-63.826992,-19.40264,-37.219727,-102.96377,-24.497334
0.0,0.0,0.0,-10.77517153333333,-19.8411858,-21.464470366666546,4.7772396000000015,-42.92515273333334,-21.72667833333327,-9.252312266666664,-63.24440200000001,-34.04607946666658,3.8425952999999993,-85.0243097,-30.72696123333327,-10.915120666666663,-103.71562793333335,-40.95619506666651,-34.75538803333333,-26.92861863333333,-8.336489766666602,-33.62688036666666,-64.04932276666668,-19.930783066666663,-36.59292923333334,-103.3831705,-24.80910319999998,0.001188112,-0.0022166036,6.5360175e-05,-11.751697,-20.035679,-21.61178,4.3005466,-43.282257,-22.02476,-10.550822,-64.05843,-33.94858,3.0793822,-86.18864,-30.293598,-12.485916,-105.33421,-39.784035,-35.536003,-27.226786,-7.8239584,-34.699265,-64.38898,-19.165762,-38.035534,-103.90854,-22.987244
0.0,0.0,0.0,-10.717842781249999,-19.83572053125,-21.41470821874998,4.752718375000001,-42.896905687499995,-21.70459659375001,-9.203895312499998,-63.184881624999996,-34.00836390625,3.8439453125000043,-84.90124103125,-30.747061718750047,-10.805317906249996,-103.538569,-41.00344953125,-34.6959166875,-26.8985865625,-8.310065343750011,-33.57270665625,-64.02254125,-19.917904937499998,-36.49243325,-103.32259462500001,-24.890268406250016,0.0012176995,-0.002408867,3.463831e-05,-11.271717,-19.775263,-21.409664,4.1829934,-42.872414,-22.081991,-10.143089,-63.18798,-34.063534,3.0345914,-84.95612,-31.018238,-11.804682,-103.518776,-40.89755,-35.103004,-26.795036,-8.054443,-34.31019,-63.84998,-19.68745,-37.395985,-103.03487,-24.581762
0.0,0.0,0.0,-10.689931366666668,-19.790568666666665,-21.413924099999974,4.781180866666663,-42.803751899999995,-21.770348266666645,-9.123420966666666,-63.063947,-34.093400033333296,3.9313145666666642,-84.75135353333334,-30.913660733333415,-10.650000700000001,-103.3598792,-41.22228810000007,-34.66229463333333,-26.891959299999996,-8.336717633333365,-33.50251386666667,-63.98436516666666,-20.010609933333285,-36.34658103333334,-103.25896919999998,-25.143350233333365,0.0012310195,-0.0024367527,2.4660952e-05,-11.147744,-19.79279,-21.277504,4.129393,-42.80892,-22.04888,-10.000856,-63.051376,-33.949345,3.0618489,-84.684715,-31.147118,-11.498709,-103.19309,-41.06923,-34.957783,-26.772564,-7.965164,-34.154816,-63.8423,-19.609137,-37.125614,-103.01445,-24.734016
