true_point_0_x,true_point_0_y,true_point_0_z,true_point_1_x,true_point_1_y,true_point_1_z,true_point_2_x,true_point_2_y,true_point_2_z,true_point_3_x,true_point_3_y,true_point_3_z,true_point_4_x,true_point_4_y,true_point_4_z,true_point_5_x,true_point_5_y,true_point_5_z,true_point_6_x,true_point_6_y,true_point_6_z,true_point_7_x,true_point_7_y,true_point_7_z,true_point_8_x,true_point_8_y,true_point_8_z,pred_point_0_x,pred_point_0_y,pred_point_0_z,pred_point_1_x,pred_point_1_y,pred_point_1_z,pred_point_2_x,pred_point_2_y,pred_point_2_z,pred_point_3_x,pred_point_3_y,pred_point_3_z,pred_point_4_x,pred_point_4_y,pred_point_4_z,pred_point_5_x,pred_point_5_y,pred_point_5_z,pred_point_6_x,pred_point_6_y,pred_point_6_z,pred_point_7_x,pred_point_7_y,pred_point_7_z,pred_point_8_x,pred_point_8_y,pred_point_8_z
0.0,0.0,0.0,-13.488901750000004,-18.0862116875,-21.185074062500007,-0.19373087500000707,-41.950660625,-23.71990981250002,-15.831462375000008,-60.4570393125,-35.43281937500001,-4.420474875000004,-82.68891624999999,-34.43716062499999,-20.208819250000005,-99.35109100000001,-44.491483687499965,-36.6935653125,-23.939240249999997,-6.543159562499966,-39.028006125000005,-60.512318375,-19.812971249999975,-44.67348443750001,-98.95122175,-26.732538187499983,0.0014306294,-0.002343625,-0.0001408787,-13.951918,-18.306559,-20.932236,-0.19208597,-42.2849,-23.430113,-16.49818,-61.164104,-34.772797,-4.648935,-83.614204,-33.189075,-21.263962,-100.434204,-42.61977,-36.946857,-24.189442,-6.0576515,-39.425797,-60.877575,-18.745972,-45.322422,-99.26186,-24.881363
0.0,0.0,0.0,-13.487675382352933,-18.085890205882354,-21.18466105882345,-0.19376341176469936,-41.95020679411765,-23.718276147058816,-15.831002058823529,-60.45651758823529,-35.43066844117641,-4.4190842941176385,-82.68786035294119,-34.43471479411767,-20.207730323529404,-99.34935332352943,-44.48879473529411,-36.69177311764705,-23.93749238235294,-6.542121382352946,-39.02710205882352,-60.51165002941176,-19.813692029411754,-44.67343855882352,-98.9502057647059,-26.734003441176412,0.0014250515,-0.0023451315,-0.00014094943,-13.938982,-18.294785,-20.940712,-0.1892669,-42.270763,-23.432402,-16.485235,-61.138874,-34.79497,-4.6454873,-83.58758,-33.216324,-21.250826,-100.40372,-42.669266,-36.948772,-24.171638,-6.0861607,-39.427624,-60.854748,-18.785357,-45.325657,-99.24102,-24.943144
0.0,0.0,0.0,-13.487344200000003,-18.085733966666666,-21.1835600666667,-0.1944575666666708,-41.95035216666667,-23.72004486666674,-15.832110966666662,-60.456966566666665,-35.43081353333338,-4.42068243333334,-82.68822096666666,-34.43645193333339,-20.208933733333332,-99.3506807333333,-44.488214133333315,-36.69194066666667,-23.9358911,-6.541665633333423,-39.0281361,-60.51145603333333,-19.817604366666615,-44.673871866666666,-98.95047533333333,-26.73260786666674,0.0014206426,-0.0023433021,-0.00014197537,-13.931585,-18.294449,-20.944225,-0.18330477,-42.26902,-23.426523,-16.474365,-61.135864,-34.79689,-4.6370864,-83.582344,-33.21416,-21.239372,-100.399345,-42.674793,-36.948162,-24.16831,-6.097238,-39.423965,-60.8506,-18.795132,-45.32032,-99.23707,-24.955273
0.0,0.0,0.0,-13.487287093750012,-18.085770843749998,-21.182562031249915,-0.19462953125000126,-41.95037146875,-23.720192968749927,-15.832041750000009,-60.45676921875,-35.43140703124993,-4.419954156250007,-82.68833221874999,-34.43474196874996,-20.20811559375001,-99.34946496875,-44.48594484374996,-36.691875781250005,-23.93816728125,-6.544053124999948,-39.02674318750001,-60.5115428125,-19.815486999999962,-44.673445687500006,-98.9497748125,-26.736491249999972,0.0012164677,-0.0023129804,-0.00017059811,-13.166544,-18.358208,-21.063028,0.4899049,-42.122875,-23.083042,-15.1167755,-60.969276,-34.841835,-3.407816,-83.14083,-33.17929,-19.38836,-100.06839,-43.110504,-36.579845,-24.177692,-6.842818,-38.55288,-60.85236,-19.492489,-43.955105,-99.27343,-25.967821
0.0,0.0,0.0,-13.487199764705892,-18.08596038235294,-21.182060735294044,-0.19324858823529922,-41.949984470588234,-23.718781470588283,-15.830661117647068,-60.45667188235295,-35.42639961764701,-4.418316676470589,-82.68815370588236,-34.433775970588215,-20.205178588235302,-99.34918247058823,-44.48369005882353,-36.69101064705883,-23.93761588235294,-6.536583500000006,-39.0267725882353,-60.51167132352941,-19.815439500000025,-44.671427441176476,-98.95065149999999,-26.731132764705876,0.00095459307,-0.00227162,-0.00016157472,-12.317156,-18.474367,-21.30145,1.2093222,-42.279022,-22.544947,-13.837914,-61.114517,-34.720444,-2.4358613,-83.22347,-32.431244,-17.959839,-100.157364,-42.845203,-36.32908,-24.062862,-7.9601274,-37.927315,-60.803272,-20.33661,-43.195263,-99.23281,-26.720531
0.0,0.0,0.0,-13.487040117647055,-18.08591482352941,-21.180414499999983,-0.19427729411765426,-41.95052449999999,-23.72430508823527,-15.830588882352941,-60.45740147058823,-35.429488205882365,-4.419295529411762,-82.68802238235295,-34.43726923529408,-20.206564558823523,-99.34815647058824,-44.48843023529412,-36.69123508823529,-23.93716067647059,-6.536290705882379,-39.02824964705882,-60.511984529411755,-19.81756320588238,-44.672337735294114,-98.94996764705883,-26.733926147058867,0.0010452617,-0.002253656,-0.00019698056,-12.734635,-18.43124,-21.231659,0.8837416,-42.249424,-22.715471,-14.500434,-61.10873,-34.744522,-2.9563808,-83.26296,-32.598534,-18.81347,-100.176735,-42.78518,-36.499813,-24.081112,-7.4766316,-38.309643,-60.78822,-19.920076,-43.714157,-99.16533,-26.240086
0.0,0.0,0.0,-13.486902235294117,-18.085055058823528,-21.18166202941177,-0.19254029411765572,-41.949696823529415,-23.713773764705877,-15.828463882352942,-60.45697141176471,-35.423214029411724,-4.418452882352945,-82.68720123529413,-34.43268079411763,-20.204613058823533,-99.34740264705884,-44.48059514705875,-36.69048688235294,-23.937936205882355,-6.535464941176372,-39.02487879411765,-60.51277667647059,-19.80855055882347,-44.67046217647059,-98.95040802941176,-26.72721135294114,0.0014043465,-0.0023386122,-0.00015819135,-13.8691845,-18.315165,-20.94891,-0.13286327,-42.271904,-23.348104,-16.370422,-61.140034,-34.75199,-4.5539565,-83.5521,-33.130764,-21.119627,-100.376175,-42.627712,-36.924015,-24.162468,-6.1442146,-39.36784,-60.845013,-18.80605,-45.231674,-99.21775,-24.965076
0.0,0.0,0.0,-13.4870291875,-18.085000375,-21.181183781250013,-0.19320346874999927,-41.948912500000006,-23.71586215625001,-15.829459156250003,-60.4552035,-35.426026124999964,-4.417182874999995,-82.68684028125,-34.430424718749975,-20.2041705,-99.34607109375,-44.48324587499991,-36.6900996875,-23.935358125,-6.533402281249948,-39.025269656249996,-60.51123290625,-19.808787187499945,-44.66924528125,-98.94952062499999,-26.727736406250017,0.0014334909,-0.0023478086,-0.0001405503,-13.9456005,-18.301306,-20.927393,-0.19849108,-42.274475,-23.430502,-16.493235,-61.145935,-34.77605,-4.653962,-83.59026,-33.207905,-21.25471,-100.40703,-42.647675,-36.9427,-24.180653,-6.058097,-39.42381,-60.8668,-18.753197,-45.318394,-99.251945,-24.908861
0.0,0.0,0.0,-13.487146088235292,-18.085889970588234,-21.180098705882358,-0.19261344117646928,-41.95066982352941,-23.713188764705876,-15.830351823529412,-60.45652152941176,-35.428133882352995,-4.417838499999995,-82.68723638235294,-34.430587823529436,-20.20483661764706,-99.34894720588237,-44.48249835294121,-36.689857264705886,-23.935111147058826,-6.537387735294203,-39.023599852941175,-60.51195647058823,-19.807387500000118,-44.670291147058826,-98.9499273235294,-26.728435852941175,0.0014390311,-0.0023447198,-0.00013701957,-13.964133,-18.31833,-20.921326,-0.19609259,-42.295628,-23.431833,-16.50959,-61.18557,-34.753445,-4.6519346,-83.63457,-33.172916,-21.271324,-100.45868,-42.583183,-36.942528,-24.209322,-6.0256243,-39.42088,-60.902344,-18.707222,-45.314564,-99.28636,-24.828714
0.0,0.0,0.0,-13.487296656250003,-18.08579725,-21.183856968750035,-0.1933063749999988,-41.94954534375,-23.718288468750018,-15.830185781249995,-60.4568758125,-35.42719746875002,-4.4175737500000025,-82.68716346875,-34.43371665625,-20.2044856875,-99.3457789375,-44.48802196874999,-36.69097321875,-23.937317,-6.540635062499973,-39.026246,-60.5116893125,-19.816429187500034,-44.67091446875,-98.94923750000001,-26.734090718749997,0.001431333,-0.0023407768,-0.00013690254,-13.954153,-18.321104,-20.928133,-0.1828451,-42.298855,-23.425901,-16.493492,-61.19076,-34.755295,-4.6350694,-83.63936,-33.162773,-21.253134,-100.46426,-42.579556,-36.94132,-24.210163,-6.0436325,-39.41338,-60.903877,-18.720612,-45.304882,-99.28783,-24.837858
0.0,0.0,0.0,-13.486483764705874,-18.08480526470588,-21.182013147058797,-0.19294417647058282,-41.94978482352941,-23.718343441176444,-15.828606470588234,-60.454952794117645,-35.43131029411762,-4.417863058823528,-82.68546597058824,-34.436134941176476,-20.203988676470587,-99.34573461764705,-44.488293970588245,-36.690739029411766,-23.936845852941175,-6.539574205882332,-39.025692088235296,-60.51257523529412,-19.8114894705883,-44.670525911764706,-98.94926426470589,-26.733933411764667,0.001436362,-0.0023410262,-0.00013395681,-13.966497,-18.324224,-20.924133,-0.19088958,-42.305252,-23.432035,-16.511892,-61.201496,-34.750504,-4.648867,-83.6544,-33.159664,-21.2753,-100.48148,-42.5644,-36.943806,-24.21765,-6.025535,-39.420574,-60.913734,-18.701317,-45.316906,-99.29953,-24.808924
0.0,0.0,0.0,-13.487823249999998,-18.0853400625,-21.182060281250017,-0.19397437500000336,-41.94949321875,-23.718135937499994,-15.82896790625,-60.45570996875,-35.425897718750036,-4.418286531249997,-82.685929375,-34.43526853124996,-20.20386421875,-99.34410543749999,-44.48788068749997,-36.6916943125,-23.93801828125,-6.537188624999942,-39.02523721875,-60.511139875000005,-19.814109875000042,-44.6705800625,-98.94909134374998,-26.733099062499946,0.0014366247,-0.0023407666,-0.00013288412,-13.968579,-18.323763,-20.922956,-0.19313572,-42.30499,-23.4358,-16.515242,-61.201218,-34.751686,-4.651599,-83.65469,-33.164154,-21.277674,-100.48133,-42.566944,-36.943455,-24.218668,-6.0222993,-39.421135,-60.914967,-18.699806,-45.3177,-99.30121,-24.80859
0.0,0.0,0.0,-13.485561764705885,-18.086173882352945,-21.17614385294121,-0.1929262941176617,-41.94987464705883,-23.71563897058826,-15.829463352941175,-60.45535114705882,-35.42737632352947,-4.4172364411764775,-82.68616685294117,-34.431804852941184,-20.203174882352943,-99.34613111764708,-44.4842404117648,-36.690367676470586,-23.93728220588235,-6.534631235294171,-39.02562941176471,-60.510815470588234,-19.813760235294183,-44.6690265,-98.94942082352941,-26.727389147058886,0.0014363076,-0.0023414383,-0.00013433828,-13.965439,-18.323925,-20.925077,-0.1897633,-42.305004,-23.431067,-16.510422,-61.20097,-34.75112,-4.6476574,-83.65391,-33.158806,-21.2743,-100.48078,-42.56482,-36.944122,-24.21673,-6.028063,-39.420578,-60.912563,-18.703638,-45.31703,-99.29805,-24.811283
0.0,0.0,0.0,-13.486525562499999,-18.085937125,-21.179790499999967,-0.19231581249999863,-41.949315812500004,-23.717400624999982,-15.827550468749997,-60.4546023125,-35.42779834375,-4.4168798124999995,-82.685155875,-34.43410021875002,-20.202045749999996,-99.34296115625001,-44.487214156249934,-36.690713187499995,-23.93515646875,-6.534555593749985,-39.0236016875,-60.51317140625,-19.8082819375,-44.669402,-98.94909171875001,-26.7342759375,0.00144069,-0.0023433121,-0.00013419047,-13.971525,-18.323326,-20.921598,-0.19727658,-42.305294,-23.433235,-16.52104,-61.20083,-34.7486,-4.658783,-83.65489,-33.160553,-21.287752,-100.481766,-42.562153,-36.945484,-24.216642,-6.01777,-39.42617,-60.912727,-18.694197,-45.325397,-99.2986,-24.801159
0.0,0.0,0.0,-13.486730499999993,-18.08569465625,-21.17987928125001,-0.19327753124999703,-41.949887000000004,-23.716285937499947,-15.829830000000001,-60.4553150625,-35.42784712500003,-4.417765437499995,-82.68604484375,-34.43112199999996,-20.203416625,-99.34455087500001,-44.48478618749999,-36.69104646875,-23.939763031249996,-6.53592900000001,-39.024304218750004,-60.51225396875,-19.809685937500035,-44.67003165625,-98.949039875,-26.733204156249997,0.0014398562,-0.002344009,-0.00013728418,-13.965413,-18.324806,-20.925053,-0.19039701,-42.306126,-23.42226,-16.510891,-61.201855,-34.745064,-4.650175,-83.65424,-33.14727,-21.280165,-100.48242,-42.554417,-36.94642,-24.21397,-6.0272236,-39.424164,-60.90944,-18.698578,-45.32242,-99.29395,-24.801981
0.0,0.0,0.0,-13.48707743333334,-18.084770766666665,-21.180856333333338,-0.1930685666666676,-41.94763040000001,-23.719632966666722,-15.830137300000004,-60.453015233333325,-35.43528043333339,-4.417249133333343,-82.68395966666668,-34.43688556666672,-20.202799500000005,-99.34258353333335,-44.48970546666669,-36.69103386666667,-23.936558566666662,-6.542046166666694,-39.02588826666667,-60.5106039,-19.817304533333413,-44.66950536666667,-98.9478976,-26.73729963333335,0.001436153,-0.0023421524,-0.00013649142,-13.96186,-18.324614,-20.926853,-0.18591045,-42.30492,-23.42415,-16.50424,-61.200813,-34.748775,-4.6425176,-83.65238,-33.15111,-21.269644,-100.48,-42.56057,-36.944656,-24.214869,-6.033211,-39.41936,-60.910103,-18.705948,-45.31494,-99.29454,-24.81205
0.0,0.0,0.0,-13.484993766666662,-18.085048566666668,-21.179989599999885,-0.19173276666667505,-41.9492928,-23.718653399999937,-15.82617823333333,-60.45504286666666,-35.42750639999997,-4.4155758666666785,-82.68465046666667,-34.4370350333333,-20.19967866666667,-99.3411319,-44.490395066666565,-36.689073300000004,-23.936280633333332,-6.53694756666664,-39.0217078,-60.51229266666666,-19.81266263333316,-44.66681786666667,-98.94861429999999,-26.73442583333332,0.0014353208,-0.0023427506,-0.00013560719,-13.9645,-18.316698,-20.927618,-0.1917393,-42.296497,-23.43667,-16.509792,-61.1875,-34.76286,-4.648524,-83.64041,-33.176872,-21.273237,-100.4652,-42.589108,-36.945705,-24.209404,-6.035128,-39.422947,-60.90199,-18.718664,-45.31898,-99.287254,-24.837189
0.0,0.0,0.0,-13.48546903333331,-18.085867666666665,-21.179508399999975,-0.19114006666666228,-41.949621433333334,-23.71627696666667,-15.82736423333332,-60.455023499999996,-35.42667949999992,-4.415913466666645,-82.6853055,-34.43275433333332,-20.200373299999985,-99.34333260000001,-44.48532096666668,-36.68896956666666,-23.93787976666667,-6.533078866666699,-39.02320733333332,-60.510053166666665,-19.814016733333347,-44.66728166666665,-98.94932196666667,-26.729844033333393,0.0014347382,-0.002343795,-0.00013924959,-13.956804,-18.313665,-20.92491,-0.19448398,-42.29051,-23.428862,-16.502178,-61.175186,-34.759655,-4.650038,-83.62302,-33.178936,-21.264702,-100.44533,-42.599163,-36.94297,-24.19997,-6.0393257,-39.421333,-60.89107,-18.722956,-45.315315,-99.27523,-24.852009
0.0,0.0,0.0,-13.486783906249997,-18.08521871875,-21.182403499999964,-0.1929681875,-41.94854290625,-23.71836562499999,-15.827863468750003,-60.453765812499995,-35.42909609374999,-4.416156031250004,-82.684375375,-34.43209268750002,-20.200616500000002,-99.34032859375,-44.48820975000001,-36.69016340625,-23.939062125,-6.538533156249969,-39.024066875,-60.511323437499996,-19.809253687500018,-44.667844843750004,-98.94840171874999,-26.732686968749988,0.0014331364,-0.0023438248,-0.0001395064,-13.955209,-18.31081,-20.928284,-0.19311307,-42.288467,-23.430773,-16.500761,-61.17139,-34.766125,-4.649012,-83.6206,-33.184303,-21.264254,-100.442215,-42.60839,-36.944576,-24.196482,-6.046928,-39.422916,-60.88652,-18.73294,-45.317993,-99.271095,-24.864332
0.0,0.0,0.0,-13.486053399999989,-18.085608233333332,-21.180774966666547,-0.19122086666664728,-41.948315166666674,-23.71365880000002,-15.82707589999999,-60.454003266666675,-35.42744246666655,-4.415507899999994,-82.68477186666665,-34.431149233333315,-20.20049333333332,-99.3412678333333,-44.485587599999974,-36.688802533333316,-23.9378061,-6.536843833333364,-39.02191686666665,-60.51219456666668,-19.809364799999912,-44.666832699999986,-98.94890769999999,-26.730246999999963,0.0014279055,-0.0023403743,-0.00013596816,-13.957837,-18.312086,-20.937756,-0.1834545,-42.29384,-23.43948,-16.50105,-61.18241,-34.77784,-4.6392713,-83.638115,-33.18504,-21.265095,-100.46203,-42.607426,-36.948666,-24.20332,-6.057991,-39.423126,-60.894104,-18.744858,-45.32031,-99.28044,-24.866243
0.0,0.0,0.0,-13.484831166666666,-18.0854509,-21.179950899999938,-0.19226433333333404,-41.94824583333334,-23.71593423333337,-15.82596000000001,-60.453222100000005,-35.42608939999997,-4.415076700000007,-82.68429049999999,-34.43006500000001,-20.200493633333338,-99.34118466666666,-44.487442099999896,-36.688706933333336,-23.936866666666663,-6.5333822000000055,-39.02307243333334,-60.50874246666667,-19.8158945666666,-44.6671392,-98.94853693333334,-26.73172619999997,0.0014274813,-0.0023392497,-0.0001337529,-13.959723,-18.315811,-20.93725,-0.1807928,-42.297665,-23.442177,-16.501371,-61.190205,-34.775913,-4.635333,-83.64616,-33.181694,-21.262615,-100.47079,-42.59935,-36.947136,-24.210377,-6.0542293,-39.419643,-60.90273,-18.739647,-45.315456,-99.28887,-24.85678
0.0,0.0,0.0,-13.48714756666665,-18.085455500000002,-21.181646899999862,-0.19238559999998728,-41.949078166666666,-23.7148142333333,-15.827659699999998,-60.45423323333335,-35.425129333333246,-4.416332666666655,-82.68437406666666,-34.43226829999992,-20.200048266666656,-99.34101406666667,-44.48728419999992,-36.68887163333333,-23.936306266666666,-6.536375999999905,-39.023801933333324,-60.51140373333334,-19.810859133333224,-44.66684159999999,-98.94844393333331,-26.732603899999845,0.0014268028,-0.0023393224,-0.00013319457,-13.963257,-18.311396,-20.939386,-0.18419145,-42.294624,-23.450417,-16.508013,-61.185104,-34.78535,-4.6406717,-83.64383,-33.19514,-21.27022,-100.46728,-42.613575,-36.94979,-24.207588,-6.056232,-39.424633,-60.89874,-18.7473,-45.322765,-99.285965,-24.868385
0.0,0.0,0.0,-13.48713256666666,-18.086107066666667,-21.181827766666686,-0.19331073333332682,-41.948810400000006,-23.71873986666651,-15.82703183333333,-60.453250633333326,-35.42892156666659,-4.416898466666659,-82.68413806666666,-34.43394373333325,-20.20128713333332,-99.34145836666666,-44.48781836666666,-36.69029673333332,-23.936236300000004,-6.5350789333332955,-39.024308066666656,-60.51233473333334,-19.811820399999874,-44.66788669999999,-98.94858580000002,-26.734113566666622,0.0014238487,-0.0023371838,-0.0001305339,-13.963824,-18.313007,-20.941183,-0.18062256,-42.296963,-23.45653,-16.507484,-61.19005,-34.789192,-4.635913,-83.65003,-33.198166,-21.266138,-100.47306,-42.614426,-36.948692,-24.212646,-6.0582924,-39.421524,-60.904884,-18.750334,-45.31878,-99.292435,-24.869995
0.0,0.0,0.0,-13.486375281249998,-18.08567115625,-21.180707968750028,-0.19152096874999813,-41.94878415625,-23.717628343749993,-15.826847656250003,-60.454012000000006,-35.42763315625007,-4.415532968749993,-82.68408681250001,-34.432401406249994,-20.200052,-99.34189246875,-44.48937296874999,-36.689661593749996,-23.93771259375,-6.536644000000024,-39.022627375,-60.51143171875,-19.811849312499987,-44.66643875,-98.94861834375,-26.73349653125001,0.0014240935,-0.0023370616,-0.00012968952,-13.964413,-18.313725,-20.939852,-0.18142556,-42.297455,-23.458168,-16.508474,-61.19099,-34.788364,-4.6366525,-83.6506,-33.199184,-21.265696,-100.47309,-42.61386,-36.947495,-24.214216,-6.0557723,-39.420513,-60.906986,-18.748056,-45.317375,-99.29439,-24.86833
0.0,0.0,0.0,-13.486414699999997,-18.084035933333332,-21.18398746666668,-0.19318913333331267,-41.94736183333334,-23.71991780000002,-15.82695073333334,-60.45220256666666,-35.42980650000004,-4.416659766666662,-82.68227496666668,-34.43646246666668,-20.2013202,-99.33888803333332,-44.49341316666664,-36.689989633333326,-23.938568933333332,-6.536707533333356,-39.02416116666666,-60.50891063333334,-19.81640313333338,-44.667810599999996,-98.94602936666666,-26.739193700000044,0.0014250723,-0.0023373745,-0.00012825824,-13.969526,-18.312258,-20.938614,-0.18566202,-42.296387,-23.466242,-16.516205,-61.18989,-34.79234,-4.642014,-83.65086,-33.208935,-21.272236,-100.472206,-42.620125,-36.94792,-24.215837,-6.050381,-39.422928,-60.908558,-18.746698,-45.32056,-99.29629,-24.869469
0.0,0.0,0.0,-13.485275266666669,-18.08493846666667,-21.180002800000068,-0.19250339999999966,-41.94919466666667,-23.716804866666735,-15.827237133333341,-60.45325666666667,-35.43004760000014,-4.415882600000003,-82.68444813333333,-34.43254796666673,-20.1999708,-99.33898776666668,-44.491797766666764,-36.68985746666667,-23.936820266666672,-6.538273033333496,-39.02359403333333,-60.511543833333334,-19.811514266666848,-44.66766306666667,-98.94806793333335,-26.737575266666738,0.0014235376,-0.002336487,-0.00012856793,-13.968554,-18.3122,-20.940374,-0.1836705,-42.29691,-23.465359,-16.51459,-61.190548,-34.793446,-4.6398582,-83.65228,-33.207478,-21.271114,-100.4741,-42.6199,-36.948765,-24.215395,-6.0539584,-39.423,-60.90806,-18.749619,-45.320824,-99.29626,-24.870949
0.0,0.0,0.0,-13.486371899999995,-18.085703366666667,-21.182490000000143,-0.19167486666666633,-41.949241666666666,-23.714859033333425,-15.825601433333325,-60.453549399999986,-35.4250540000001,-4.415163199999981,-82.6844088,-34.4318116,-20.199249333333334,-99.34098946666664,-44.487935366666704,-36.68841836666666,-23.938609233333334,-6.538221300000032,-39.023090633333325,-60.51094193333333,-19.81174120000003,-44.66693289999999,-98.94831363333333,-26.73441566666662,0.001422566,-0.0023357694,-0.00012763041,-13.970348,-18.311693,-20.941538,-0.18366502,-42.297245,-23.469433,-16.517101,-61.191418,-34.796867,-4.640307,-83.65464,-33.211285,-21.273212,-100.476234,-42.622696,-36.94954,-24.216516,-6.0545454,-39.42395,-60.909275,-18.751749,-45.32242,-99.29798,-24.872766
0.0,0.0,0.0,-13.486075718750001,-18.0854873125,-21.17977243749999,-0.1920839375000014,-41.94887621875,-23.71781168749999,-15.827064656250002,-60.45450675000001,-35.426524187500036,-4.416100968750001,-82.68324203125,-34.43530368749998,-20.200033562500007,-99.33935746875,-44.48929899999996,-36.689270156250004,-23.93785478125,-6.537755906250027,-39.02488453125,-60.511352468750005,-19.81599912500002,-44.66727325000001,-98.94766328125,-26.736417812500008,0.0014199356,-0.002334597,-0.0001293432,-13.967789,-18.310291,-20.944681,-0.1816654,-42.296963,-23.466007,-16.514585,-61.189617,-34.798725,-4.6390266,-83.65389,-33.208874,-21.273115,-100.47587,-42.624397,-36.951653,-24.212488,-6.062207,-39.42594,-60.90464,-18.758234,-45.325615,-99.29409,-24.878094
0.0,0.0,0.0,-13.486693766666669,-18.085499366666667,-21.18247386666667,-0.1920454333333339,-41.949395566666674,-23.71507263333325,-15.826938899999995,-60.454901033333336,-35.42429609999999,-4.415771899999996,-82.68412406666666,-34.431353799999954,-20.200096300000006,-99.33944733333334,-44.48637489999993,-36.689542100000004,-23.935938899999996,-6.534506299999919,-39.024230200000005,-60.51054563333333,-19.81582026666672,-44.66729356666667,-98.9484695,-26.735521500000004,0.0014198379,-0.0023344853,-0.00013044594,-13.96696,-18.310541,-20.944613,-0.18180321,-42.297363,-23.462648,-16.513994,-61.189545,-34.796417,-4.6396775,-83.65352,-33.204937,-21.273886,-100.47581,-42.62128,-36.952114,-24.211058,-6.062767,-39.42675,-60.9032,-18.75707,-45.3268,-99.292595,-24.87572
0.0,0.0,0.0,-13.486495266666672,-18.085667866666668,-21.183212300000093,-0.19242890000001012,-41.950027633333335,-23.717502833333413,-15.82708996666667,-60.45554913333334,-35.42582396666677,-4.4173502666666735,-82.68375436666668,-34.43668523333338,-20.201146466666668,-99.34043836666663,-44.48985900000008,-36.69019473333334,-23.935528633333334,-6.537926200000015,-39.025780733333335,-60.51163609999999,-19.81669213333339,-44.66862956666667,-98.94854013333332,-26.73745123333333,0.0014205878,-0.0023350853,-0.0001296758,-13.96814,-18.309607,-20.944233,-0.18287633,-42.296185,-23.465979,-16.515505,-61.188133,-34.798824,-4.640598,-83.6524,-33.210075,-21.274485,-100.474236,-42.625874,-36.951916,-24.211489,-6.061496,-39.42685,-60.903393,-18.758032,-45.3268,-99.29296,-24.878881
0.0,0.0,0.0,-13.485450133333337,-18.086303566666665,-21.181143200000008,-0.1924453333333389,-41.94959446666667,-23.71708483333333,-15.826215633333334,-60.454502766666664,-35.42592466666673,-4.416431000000003,-82.68431083333333,-34.43528036666669,-20.20026083333333,-99.3383503,-44.491832400000135,-36.6890699,-23.93603613333334,-6.539075666666804,-39.02296356666667,-60.5112447,-19.813784733333364,-44.6670784,-98.94794633333335,-26.73726593333339,0.0014209772,-0.002335484,-0.00012949786,-13.968705,-18.308735,-20.943945,-0.18401168,-42.29515,-23.46759,-16.51662,-61.186523,-34.800194,-4.6419005,-83.650795,-33.213264,-21.275385,-100.472176,-42.629135,-36.951893,-24.210958,-6.0609045,-39.42736,-60.902588,-18.758804,-45.327442,-99.29213,-24.881392
0.0,0.0,0.0,-13.484599666666668,-18.08611703333333,-21.176411866666626,-0.19347359999999014,-41.9485504,-23.717649266666626,-15.827017166666657,-60.4528284,-35.42825106666663,-4.416765866666665,-82.68422593333335,-34.43480726666655,-20.200471433333327,-99.33950659999999,-44.48915409999995,-36.68942443333333,-23.936818866666666,-6.538360633333241,-39.02505336666666,-60.50943693333333,-19.820501666666587,-44.6683221,-98.94885596666666,-26.73505143333324,0.0014203646,-0.002334908,-0.00012778936,-13.96902,-18.309908,-20.944382,-0.18201421,-42.296284,-23.470648,-16.51581,-61.189434,-34.801594,-4.6388807,-83.65396,-33.2145,-21.272497,-100.47536,-42.62877,-36.95085,-24.214333,-6.0607924,-39.42495,-60.906513,-18.759254,-45.32421,-99.29595,-24.88112
0.0,0.0,0.0,-13.483871968750002,-18.0848480625,-21.177382562500043,-0.1917139999999975,-41.947488218749996,-23.714722812500042,-15.826625468750002,-60.452856624999995,-35.426404875,-4.415104906250001,-82.68325746875001,-34.43250765624998,-20.198553562500003,-99.33832428125001,-44.49035175000006,-36.68865003125,-23.93654978125,-6.5346660937499905,-39.02380046875,-60.511083281249995,-19.812468562500044,-44.6662828125,-98.94770040625,-26.737381968750014,0.0014192357,-0.0023338199,-0.00012697518,-13.967934,-18.312769,-20.945066,-0.17814516,-42.299267,-23.46939,-16.51257,-61.194927,-34.79937,-4.6336617,-83.65933,-33.20861,-21.26782,-100.481544,-42.621513,-36.94988,-24.218058,-6.061715,-39.42175,-60.911263,-18.757666,-45.319824,-99.30055,-24.875687
0.0,0.0,0.0,-13.485541433333339,-18.0852661,-21.17806703333332,-0.19229990000000896,-41.94815526666666,-23.71646113333327,-15.826492033333338,-60.453203599999995,-35.42821446666659,-4.415840933333335,-82.68331179999998,-34.43381353333325,-20.199558133333337,-99.33927083333332,-44.48953046666651,-36.68936436666667,-23.93936743333333,-6.536836733333246,-39.02513946666667,-60.51085066666667,-19.81469113333327,-44.66761086666667,-98.94747766666666,-26.73835243333326,0.0014194166,-0.0023336422,-0.00012698177,-13.967739,-18.313988,-20.944738,-0.17751645,-42.30068,-23.467766,-16.51212,-61.197083,-34.797123,-4.6331167,-83.66147,-33.204876,-21.26757,-100.484116,-42.617046,-36.949684,-24.21903,-6.0610065,-39.42128,-60.912735,-18.755344,-45.31935,-99.302086,-24.871378
0.0,0.0,0.0,-13.486201906249995,-18.08615221875,-21.18123156249999,-0.19288503125000034,-41.9491983125,-23.719943999999998,-15.827406625000002,-60.45352071875,-35.432085093750004,-4.417100125000005,-82.68325421875,-34.438673093750026,-20.20027621875,-99.33823275,-44.493834406250016,-36.690115093749995,-23.9389895625,-6.539179812500038,-39.0234236875,-60.5124986875,-19.81395150000003,-44.6681089375,-98.94865434375001,-26.740084656249962,0.0014240567,-0.0023361507,-0.00012677588,-13.970511,-18.314411,-20.938906,-0.18422817,-42.29963,-23.468557,-16.517447,-61.195194,-34.791862,-4.640908,-83.6573,-33.206924,-21.272085,-100.47863,-42.615486,-36.947414,-24.219545,-6.0497937,-39.421883,-60.913654,-18.744915,-45.31975,-99.30191,-24.864569
0.0,0.0,0.0,-13.484331312500004,-18.08538384375,-21.17545506250002,-0.19216643750000628,-41.94849859375,-23.718618312499984,-15.825922312500012,-60.452552187500004,-35.42863743749996,-4.415815375000008,-82.68264415625,-34.43596743749998,-20.198646625000006,-99.3370985,-44.49164396875,-36.689466843750004,-23.9359476875,-6.533945031249971,-39.023985718750005,-60.51085534375001,-19.815370562499936,-44.666375843750004,-98.94769959375,-26.73807149999999,0.0014244762,-0.0023366532,-0.00012662412,-13.970738,-18.312832,-20.938833,-0.18593238,-42.298122,-23.470327,-16.518862,-61.19244,-34.794075,-4.6433425,-83.654785,-33.21127,-21.273792,-100.47551,-42.620686,-36.947617,-24.217846,-6.0500965,-39.423138,-60.91154,-18.747002,-45.32174,-99.30002,-24.869081
0.0,0.0,0.0,-13.485019566666665,-18.085490066666665,-21.181042566666747,-0.1914857333333302,-41.9484408,-23.71514900000011,-15.825561533333328,-60.4526756,-35.428797433333386,-4.415128766666669,-82.6828827,-34.43527123333337,-20.198457533333322,-99.33750213333335,-44.49294633333335,-36.68890719999999,-23.937631133333337,-6.538018833333297,-39.02266583333333,-60.51237396666667,-19.81521399999997,-44.66555226666666,-98.9476085,-26.73841446666671,0.001427523,-0.0023378697,-0.0001268762,-13.973031,-18.314402,-20.934864,-0.18959711,-42.299034,-23.468678,-16.522423,-61.193783,-34.788017,-4.6477675,-83.65493,-33.207844,-21.277498,-100.475655,-42.61382,-36.946568,-24.219313,-6.0416584,-39.423607,-60.91367,-18.737103,-45.32206,-99.301605,-24.858492
0.0,0.0,0.0,-13.485090156249996,-18.085481093749998,-21.179962218750006,-0.19236034374999633,-41.948388124999994,-23.716044281249992,-15.826482999999996,-60.452205750000005,-35.42942796875002,-4.415121781249994,-82.68254725000001,-34.43663687499998,-20.197844343749995,-99.336180125,-44.490549875000056,-36.68929496874999,-23.937964,-6.537499374999982,-39.02284021874999,-60.5104023125,-19.816779968749984,-44.66634090624999,-98.9480410625,-26.73865784374999,0.00143801,-0.0023430265,-0.00012988404,-13.974014,-18.317749,-20.921724,-0.20095466,-42.29841,-23.45435,-16.525572,-61.19138,-34.76562,-4.6605077,-83.64554,-33.19308,-21.283344,-100.46697,-42.594402,-36.94229,-24.217493,-6.0188484,-39.423767,-60.912495,-18.708305,-45.32097,-99.29798,-24.831001
0.0,0.0,0.0,-13.484617468750002,-18.084438093750002,-21.18145843749994,-0.19257999999999242,-41.94680209375001,-23.718372343749934,-15.825648218749997,-60.45126503125,-35.43255809374995,-4.415372624999996,-82.68100525,-34.4390850625,-20.197015968749994,-99.33408153125,-44.49483303124998,-36.689281593749996,-23.93553009375,-6.537433749999934,-39.023628187499995,-60.510480125,-19.81769559374993,-44.66520703125,-98.94712468750001,-26.740669343749914,0.0014302726,-0.0023396057,-0.0001281349,-13.973249,-18.31268,-20.931602,-0.1943662,-42.29573,-23.465633,-16.523857,-61.188156,-34.784943,-4.6532393,-83.64718,-33.208927,-21.280746,-100.46755,-42.615654,-36.946045,-24.21569,-6.036526,-39.42522,-60.908947,-18.732801,-45.32384,-99.2958,-24.857956
0.0,0.0,0.0,-13.484820366666668,-18.084767466666666,-21.181954033333398,-0.19208700000000078,-41.9488871,-23.717066633333502,-15.826428266666667,-60.453162400000004,-35.42890733333343,-4.415324266666673,-82.68279139999999,-34.435553066666785,-20.197255399999996,-99.3368345,-44.4901837000001,-36.6891108,-23.935951899999996,-6.534754533333285,-39.02199543333333,-60.511889966666665,-19.812077766666732,-44.665393566666665,-98.94807156666666,-26.73763430000008,0.0014305137,-0.00233689,-0.0001348143,-13.966852,-18.322424,-20.929499,-0.18859695,-42.305534,-23.432304,-16.513296,-61.201694,-34.756287,-4.6483536,-83.65724,-33.15953,-21.280144,-100.48525,-42.56706,-36.94759,-24.21508,-6.033706,-39.424534,-60.91036,-18.709402,-45.32343,-99.29681,-24.813435
0.0,0.0,0.0,-13.482566333333345,-18.0844994,-21.176581833333387,-0.19156363333333815,-41.948246966666666,-23.715307666666718,-15.824659800000013,-60.45198390000001,-35.425809700000116,-4.414085466666684,-82.68123756666667,-34.434341566666774,-20.196174933333346,-99.33310516666666,-44.49159450000013,-36.687587233333346,-23.9387806,-6.535996533333503,-39.02128000000001,-60.51023816666667,-19.81412970000008,-44.66406043333335,-98.94764879999998,-26.736454300000105,0.0013659372,-0.0022909252,-0.00016234526,-13.826775,-18.40257,-20.981245,-0.022751076,-42.378754,-23.272072,-16.264977,-61.32135,-34.657303,-4.4061904,-83.73833,-32.898205,-20.994864,-100.611786,-42.35282,-36.9105,-24.253008,-6.192753,-39.28923,-60.97171,-18.745716,-45.12383,-99.358604,-24.738436
0.0,0.0,0.0,-13.483329468750007,-18.08521609375,-21.175862312500044,-0.19118818750000344,-41.94769096875,-23.715679249999994,-15.82387115625,-60.452053375,-35.42415234375005,-4.414118312500008,-82.68117959375,-34.43394000000001,-20.195564968750006,-99.333183125,-44.49008465625002,-36.687740062500005,-23.93754865625,-6.533410125000046,-39.02107178125,-60.51017715625,-19.814899437500003,-44.66387068750001,-98.94689253125,-26.737470718750046,0.0013946898,-0.0022972785,-0.00013513204,-13.975471,-18.350037,-20.96955,-0.1480305,-42.358997,-23.413567,-16.517529,-61.29051,-34.746983,-4.6192794,-83.77293,-33.05965,-21.310947,-100.62717,-42.4492,-36.975597,-24.244095,-6.0757146,-39.439823,-60.951824,-18.706095,-45.358154,-99.35115,-24.707428
0.0,0.0,0.0,-13.483635843749994,-18.08494528125,-21.17771803124998,-0.19164709374999234,-41.94678143750001,-23.715611249999995,-15.824557062499998,-60.45156634375,-35.42593759375001,-4.414929374999993,-82.68103671875,-34.4336135625,-20.196089468749996,-99.33405078125,-44.48846421874998,-36.687887374999995,-23.93844396875,-6.5361670000000345,-39.0209338125,-60.51015296875,-19.812871812499964,-44.66431681249999,-98.94574221875,-26.738565250000022,0.0010951217,-0.0022467352,-0.00010559565,-12.901541,-18.683973,-21.30493,1.484135,-42.36736,-22.883003,-14.096984,-61.656036,-34.79583,-1.8105069,-83.836006,-32.531242,-17.954226,-101.14034,-42.375668,-36.400352,-24.857399,-7.188453,-37.693855,-61.593105,-19.596458,-42.59299,-100.09117,-25.486485
0.0,0.0,0.0,-13.484108333333346,-18.08465616666667,-21.180994666666606,-0.19164979999999332,-41.946197700000006,-23.717214966666518,-15.825205066666669,-60.45157690000001,-35.42839559999999,-4.414601333333344,-82.68061909999999,-34.43467909999998,-20.196110200000003,-99.33101509999999,-44.49184479999997,-36.687956400000004,-23.934965733333332,-6.537004566666553,-39.021109666666675,-60.5112304,-19.811052499999903,-44.66434333333334,-98.94611030000002,-26.739814233333277,0.0013093699,-0.002133575,-0.00012208188,-14.3159075,-18.58531,-21.310425,0.18403913,-42.871998,-23.205828,-16.82585,-62.205036,-34.60753,-4.459729,-85.08055,-31.951248,-22.061216,-102.27642,-40.992096,-37.379913,-24.585255,-6.190822,-39.76548,-61.375835,-18.406305,-45.938953,-99.88949,-23.19176
0.0,0.0,0.0,-13.4838618,-18.085009799999995,-21.18053479999992,-0.19083346666667467,-41.9480782,-23.714011566666613,-15.823839866666667,-60.451449100000005,-35.426924699999915,-4.414108300000009,-82.681478,-34.434562233333224,-20.195202166666665,-99.33240839999999,-44.49135126666664,-36.68751566666667,-23.940510566666667,-6.535936499999934,-39.021136033333335,-60.51093596666666,-19.814842633333285,-44.662707266666665,-98.94678729999998,-26.738343299999997,0.001296364,-0.002314678,-0.00010769689,-13.5696535,-18.318336,-21.104753,0.3155878,-42.200348,-23.417723,-15.719773,-61.126343,-35.015892,-3.7631073,-83.5128,-33.363323,-20.138725,-100.45475,-43.027172,-36.786022,-24.297983,-6.595783,-38.89971,-60.973198,-19.321898,-44.478916,-99.448326,-25.566668
0.0,0.0,0.0,-13.483054999999993,-18.08485928125,-21.176892250000037,-0.19185687499999915,-41.946686406249995,-23.717412812500015,-15.823593843749997,-60.451375937499996,-35.42883384375,-4.414503843749998,-82.68060490625,-34.43768112499998,-20.194972687499998,-99.33198053125,-44.493317406250014,-36.68804196875,-23.938541406249996,-6.538885906250016,-39.02000403125,-60.510837312499994,-19.813921812499984,-44.66387937499999,-98.9464408125,-26.74101724999997,0.0013542577,-0.0022999803,-0.00010849051,-13.833287,-18.331724,-21.052631,0.09239866,-42.30426,-23.457695,-16.187353,-61.256645,-34.906097,-4.193954,-83.74333,-33.203598,-20.807991,-100.657875,-42.68087,-36.914444,-24.308609,-6.3124285,-39.20215,-61.002182,-18.991924,-44.964607,-99.45548,-25.040712
0.0,0.0,0.0,-13.484457687499997,-18.08478153125,-21.182802156249977,-0.19217568750001135,-41.94693600000001,-23.719152437500043,-15.82425450000001,-60.4515638125,-35.429626375,-4.415487062500006,-82.6803776875,-34.43808637500001,-20.196012468750006,-99.3327459375,-44.495166812499974,-36.68877559375001,-23.9356580625,-6.539308468749994,-39.021734093750005,-60.51027953124999,-19.816680937499996,-44.66414700000001,-98.94611115625,-26.741830781249973,0.0011172756,-0.0016767728,-0.000160109,-15.950316,-19.109121,-21.592787,-0.5022528,-44.308975,-22.80186,-19.394695,-64.43795,-33.522213,-6.4361453,-88.3574,-28.950983,-26.384224,-106.10405,-36.47444,-38.66899,-25.00329,-5.166253,-41.793476,-62.083508,-16.26399,-49.31563,-100.74631,-17.868149
0.0,0.0,0.0,-13.56880136666667,-18.091071333333332,-21.21685173333327,-0.21693840000001074,-41.9810426,-23.74102469999997,-15.925437500000008,-60.52005456666666,-35.47128393333327,-4.479680700000003,-82.81764656666665,-34.42039693333328,-20.374787133333342,-99.55776016666668,-44.385225333333324,-36.76892903333334,-23.964869799999995,-6.514111233333324,-39.11831046666667,-60.53731319999999,-19.767210899999952,-44.82548760000001,-99.00833796666664,-26.60684513333331,0.0012204272,-0.0017820777,-0.00023445823,-16.143345,-19.016392,-21.448837,-1.002924,-44.27733,-22.62214,-19.978281,-64.218445,-33.24758,-7.273271,-88.112976,-28.75944,-27.280767,-105.711975,-36.23227,-38.824413,-24.67062,-4.887044,-42.292118,-61.71596,-15.90407,-50.054554,-100.29292,-17.51494
0.0,0.0,0.0,-14.267454406250003,-18.31445196875,-21.419076968750005,-0.3736432187500043,-42.59600859375001,-23.605599406250008,-16.918666656249997,-61.588456687500006,-35.19807540625004,-5.156393937499999,-84.60456196874999,-33.330474874999936,-22.254703187500006,-102.002615875,-42.616828,-37.51568131250001,-24.22257396875,-6.251713750000022,-40.03872028125,-60.929679,-18.962821031249973,-46.45714840625,-99.79534453125,-24.215458000000012,0.0012440284,-0.0018289087,-0.00021512703,-15.959115,-18.948545,-21.43718,-0.88840294,-44.105274,-22.738512,-19.66421,-63.965702,-33.451088,-6.992163,-87.76242,-29.198572,-26.740898,-105.29931,-36.85265,-38.66672,-24.658892,-5.027212,-42.027744,-61.670177,-16.214901,-49.625168,-100.24072,-18.217659
0.0,0.0,0.0,-15.44615375,-19.11043625,-21.603435593749964,-0.8449831250000059,-44.27728206250001,-22.948164968750007,-18.96701446875,-64.21911403125,-33.71854503124996,-6.838570749999995,-88.35121971875,-29.82357021874998,-25.9645845625,-106.61856584375002,-37.420576093750014,-38.663702375,-24.640643843750002,-5.549061749999964,-41.8029295625,-61.880409437500006,-16.738334656250004,-49.552875125,-101.1648881875,-18.396422312499965,0.0006564708,-0.0007831458,-0.00022521331,-18.863132,-20.48674,-22.26411,-1.325664,-47.7216,-21.80711,-24.000282,-69.73166,-30.743256,-9.553613,-95.65107,-21.714659,-34.08872,-114.498184,-25.58714,-41.162594,-26.02168,-3.7393992,-45.46761,-63.83352,-12.014059,-55.395477,-102.58201,-6.270164
0.0,0.0,0.0,-17.23925443750001,-20.1519324375,-22.19106468749999,-1.261987156250008,-46.58084309375,-22.258745156249972,-21.778634906250005,-67.86430999999999,-31.96191396874997,-8.77232996875,-93.35569175,-24.953259499999945,-30.887900875000003,-112.40172721874998,-30.108971468749985,-40.26809196875,-25.4259291875,-4.841175843749966,-44.085724375,-63.20827909375,-14.12569612499999,-53.386009343750004,-102.47900128124999,-10.819643874999997,0.0003303214,-0.00021860361,-0.00029567897,-20.885117,-21.740265,-22.94955,-1.3645973,-50.870373,-21.111301,-27.538927,-74.307625,-28.128437,-11.369119,-101.4509,-14.842468,-39.571495,-120.19257,-15.082671,-42.757175,-26.952843,-3.2403004,-47.80106,-65.2942,-8.879201,-59.084167,-102.86766,3.1739187
0.0,0.0,0.0,-17.990513156250003,-20.497687624999998,-22.64301768750005,-1.2860180624999984,-47.442798374999995,-22.2001561875,-22.828154812500003,-69.2677445,-31.612221625000018,-9.260743500000004,-95.23595396875001,-23.25505449999997,-32.61515671875,-114.43050334375002,-27.52524953125004,-40.91088559375,-25.82370590625,-4.767407406250015,-44.89365059375,-63.760441562500006,-13.424699781250013,-54.64228071875,-102.86029115625,-8.31096559375004,0.00035949567,-0.00031379517,-0.0002620665,-20.342932,-21.270632,-22.842476,-1.3065119,-49.844425,-21.54998,-26.506924,-72.868355,-29.272564,-10.7241335,-99.80253,-17.3454,-37.89945,-118.67692,-18.786936,-42.328518,-26.680733,-3.5088937,-47.137455,-64.86376,-10.104235,-58.034683,-102.96994,-0.053626157
0.0,0.0,0.0,-18.77579583333334,-21.09053156666667,-22.7576466666668,-1.5555755666666613,-48.69648056666666,-21.74233293333333,-24.237942433333345,-71.10592073333333,-30.283999666666716,-10.296730266666678,-97.39744106666669,-20.2979645333333,-34.90470150000001,-116.52362423333332,-23.24717616666669,-41.48905126666668,-26.13756896666667,-4.292016566666689,-45.89993593333334,-64.33576676666667,-11.876146500000061,-56.30518913333334,-102.97310286666668,-4.410623199999975,0.0003330504,-0.0002110975,-0.0003029068,-21.044111,-21.780157,-22.96222,-1.519259,-51.05739,-21.030006,-27.926357,-74.494576,-27.901289,-11.742035,-101.69311,-14.3793125,-40.14849,-120.34207,-14.395022,-42.88571,-26.893705,-3.1713574,-48.07632,-65.25321,-8.628638,-59.49942,-102.69996,3.7853174
0.0,0.0,0.0,-19.454598968750005,-21.438055000000002,-23.06010818750002,-1.6353874687500038,-49.60534796875,-21.53341859375007,-25.367396343750002,-72.43679309375,-29.607701312500012,-10.965910031250004,-99.03097434374999,-18.324907312500045,-36.705494343750004,-118.05226028125,-20.315703312500034,-42.01053778125,-26.41669259375,-4.188292531249999,-46.68832346875,-64.73294396874999,-11.065672875000018,-57.55413775,-102.98672074999999,-1.7867316562500264,0.00028619522,-0.00014690233,-0.0003466336,-21.598803,-22.109596,-23.005205,-1.7325463,-51.84592,-20.663004,-29.050413,-75.50129,-26.903282,-12.551437,-102.79695,-12.317888,-41.823357,-121.12488,-11.316003,-43.26904,-27.005955,-2.85031,-48.763245,-65.429016,-7.541309,-60.507893,-102.25686,6.3975325
0.0,0.0,0.0,-20.563304968749996,-22.05648696875,-23.39304253124999,-1.8515729062499986,-51.25454871875,-21.01779259374996,-27.5307798125,-74.69192784375,-28.09437468750002,-12.472617937499997,-101.68953368749999,-14.450037874999964,-40.139791593750004,-120.17060512500001,-14.72247784374997,-42.82588109375,-26.781825875,-3.7980174374999933,-48.11050278125,-65.25850834375001,-9.275571749999983,-59.86608575,-102.48838265625,2.975022406250048,0.00027582847,-0.00015129572,-0.0003217187,-21.360744,-21.997465,-23.043179,-1.6355195,-51.58508,-20.775126,-28.619217,-75.16072,-27.286919,-12.274631,-102.419716,-13.011324,-41.24501,-120.85641,-12.41919,-43.141506,-26.947584,-3.0668867,-48.529854,-65.35043,-8.0099325,-60.19455,-102.386215,5.410671
0.0,0.0,0.0,-21.04483665625,-22.23009715625,-23.54125512500002,-1.8105896874999985,-51.865318062499995,-20.836265562499932,-28.435743968749996,-75.60982303125,-27.586872968749958,-13.045617968749994,-102.7082880625,-12.987792999999954,-41.5388074375,-120.88496340625001,-12.664893218749967,-43.19044878125,-26.938480624999997,-3.832352593750045,-48.6818610625,-65.45048534375,-8.718306625000025,-60.79668475,-102.22536218750001,4.691134343750036,0.0002860352,-0.00015727771,-0.0003221015,-21.338192,-21.976215,-23.038269,-1.6251588,-51.540897,-20.806051,-28.570404,-75.10728,-27.352644,-12.233489,-102.36834,-13.143445,-41.16571,-120.830986,-12.603598,-43.121494,-26.943258,-3.0753267,-48.497643,-65.346054,-8.067014,-60.14902,-102.426315,5.2669764
0.0,0.0,0.0,-21.46697433333334,-22.485614366666667,-23.563575233333324,-1.922674899999997,-52.56933746666667,-20.450783166666668,-29.373773933333336,-76.47186033333332,-26.74183336666664,-13.728231766666674,-103.64154206666666,-11.172502633333295,-42.992457,-121.53481083333334,-9.992684833333328,-43.5017111,-27.031798666666667,-3.654440333333355,-49.2727545,-65.58128013333334,-7.8447660333333715,-61.7258232,-101.78338226666666,6.789546833333361,0.00021206855,-9.8829754e-05,-0.0003360418,-21.558954,-22.1393,-23.129936,-1.720809,-51.961727,-20.59803,-29.132883,-75.60093,-26.900314,-12.735837,-102.90761,-12.057879,-42.121353,-121.12765,-11.088393,-43.322937,-26.96012,-3.0546677,-48.882015,-65.38118,-7.652657,-60.779873,-102.08429,6.4386587
0.0,0.0,0.0,-22.394187156250002,-22.81783465625,-23.87350546875001,-1.888870062500004,-53.623997781250004,-20.11700346875,-31.201173937500002,-77.80858306250002,-25.874031031250013,-14.739205750000004,-105.3174295,-8.4239100625,-45.74431865625,-122.50939390625001,-6.050526593750021,-44.1515279375,-27.278737531250002,-3.384126531250047,-50.330305843750004,-65.77475646875,-6.784904562500003,-63.349974343750006,-100.92903540625,9.914788187499994,0.00020983216,-9.597035e-05,-0.00034165755,-21.617874,-22.177479,-23.12553,-1.7365174,-52.038937,-20.559486,-29.237797,-75.7,-26.783947,-12.798469,-103.00815,-11.840563,-42.264977,-121.18045,-10.754778,-43.355953,-26.98256,-3.006173,-48.935467,-65.40343,-7.527326,-60.846615,-102.02681,6.7136106
0.0,0.0,0.0,-22.567935687500004,-22.990330875,-23.832715062499915,-2.0168880000000016,-54.02542303125,-19.777262781249988,-31.674251031250005,-78.22053859375,-25.16951846874997,-15.176093875000007,-105.65923206250001,-7.262020124999935,-46.485991812500004,-122.65096934375,-4.461236999999983,-44.24784490625001,-27.27449596875,-3.2308530312499784,-50.61211065625,-65.7931566875,-6.159728156249969,-63.81277746875001,-100.565521,11.104590375000043,0.00020093043,-8.8970846e-05,-0.0003420732,-21.602804,-22.19291,-23.144272,-1.7055616,-52.05904,-20.552,-29.215466,-75.73796,-26.786942,-12.775213,-103.04464,-11.80241,-42.2609,-121.22236,-10.71706,-43.353,-26.999697,-3.0357554,-48.923996,-65.42601,-7.5430474,-60.84651,-102.03976,6.726159
0.0,0.0,0.0,-22.172450466666668,-22.6863178,-23.849559433333354,-1.730000700000005,-53.34876846666667,-20.319033666666712,-30.70159283333333,-77.45145536666666,-26.249405866666677,-14.219457566666662,-104.92981786666667,-9.245280766666667,-44.93773856666667,-122.37328009999999,-7.243505666666522,-43.95783376666667,-27.271090100000002,-3.480548933333239,-49.9768989,-65.79715666666667,-7.130616199999963,-62.80070276666667,-101.27319496666665,8.98649203333332,0.00020333537,-9.187231e-05,-0.00034172088,-21.584438,-22.19668,-23.141796,-1.6802883,-52.04516,-20.553354,-29.164785,-75.73154,-26.797983,-12.719981,-103.02717,-11.830247,-42.185684,-121.217575,-10.760496,-43.337185,-27.015148,-3.0392935,-48.886036,-65.44026,-7.557921,-60.787548,-102.06244,6.6847334
0.0,0.0,0.0,-20.743571733333347,-21.991113266666666,-23.60877069999998,-1.3136209666666758,-51.45919286666666,-21.155613199999948,-27.72119350000001,-74.99798653333333,-28.413210066666636,-11.995401166666682,-102.08268066666668,-14.363288366666552,-40.33845413333334,-120.61521983333334,-14.717966866666586,-42.868223733333345,-27.00338133333333,-3.962411599999996,-48.078295566666675,-65.48735653333333,-9.467885433333208,-59.863886166666674,-102.6610562,2.9189382333333924,0.0001969595,-8.315909e-05,-0.00034740288,-21.608065,-22.243286,-23.158228,-1.6301641,-52.11776,-20.530178,-29.190144,-75.851746,-26.736374,-12.685767,-103.15004,-11.661262,-42.23219,-121.33199,-10.512709,-43.34878,-27.069942,-3.0353963,-48.885727,-65.50477,-7.4946084,-60.792736,-102.07694,6.874589
0.0,0.0,0.0,-20.210495625000007,-21.824326031250003,-23.310576500000025,-1.3238063750000038,-50.85680446875,-21.22660537500002,-26.764730187500003,-74.1131531875,-28.73010721875005,-11.486234687500001,-100.95638443749999,-15.724238125000056,-38.8742928125,-119.71128065625,-16.809124875000066,-42.484700843750005,-26.82729371875,-4.062892843750035,-47.480304531250006,-65.26584303125,-9.970108062500003,-58.941392500000006,-102.87978321875,1.1662159062499313,0.0001861247,-7.446107e-05,-0.00034974204,-21.690367,-22.25801,-23.163662,-1.7168789,-52.205143,-20.484652,-29.397781,-75.92366,-26.619408,-12.897217,-103.2438,-11.423881,-42.54532,-121.34639,-10.168246,-43.415672,-27.032635,-3.000128,-49.031075,-65.46536,-7.3723617,-61.01129,-101.95021,7.1632376
0.0,0.0,0.0,-19.641498031250002,-21.432302312500003,-23.21067912500007,-1.135070593750008,-49.9315713125,-21.59228046875006,-25.577834468750005,-72.85235590625001,-29.78582481250004,-10.586968125000006,-99.49633890625,-18.069154718750042,-36.985832656250004,-118.54486350000002,-20.12877103125004,-42.06734031250001,-26.664877750000002,-4.265105343750065,-46.6897673125,-64.9998251875,-11.066268062500058,-57.645936687500004,-103.15125115625,-1.6802121250000255,0.0002695254,-0.00014627987,-0.00032234308,-21.362871,-21.998447,-23.054504,-1.6414261,-51.60133,-20.774275,-28.64731,-75.17158,-27.289583,-12.31382,-102.43834,-12.98794,-41.30324,-120.85799,-12.395389,-43.149693,-26.93997,-3.0838168,-48.554108,-65.34392,-8.01946,-60.24462,-102.36633,5.41716
0.0,0.0,0.0,-18.532101617647065,-20.85861420588235,-22.823941470588295,-0.9769230294117719,-48.41525302941177,-22.010885000000144,-23.605636500000006,-70.56914767647059,-31.057489852941217,-9.382647882352948,-96.72970652941179,-21.538241235294265,-33.883564794117646,-115.94777820588237,-25.303746882352982,-41.1780115882353,-26.209334794117645,-4.571676794117707,-45.34995864705883,-64.29529741176471,-12.737868382353042,-55.47458697058824,-103.15588747058823,-6.242112029411771,0.0007592422,-0.0010037627,-0.00020010321,-17.962126,-20.061548,-22.031374,-1.0219259,-46.591667,-22.138227,-22.47383,-68.052864,-31.70734,-8.479545,-93.365234,-24.153593,-31.584476,-111.95989,-29.272009,-40.35076,-25.786335,-4.0977507,-44.246387,-63.378582,-13.337739,-53.425888,-102.19813,-10.026597
0.0,0.0,0.0,-18.330822000000012,-20.7177070625,-22.776487250000002,-0.9398762500000117,-48.115777968749995,-22.073534875000007,-23.24511950000001,-70.1346386875,-31.28364562500002,-9.14624571875001,-96.18037740625,-22.22753528124997,-33.29021550000001,-115.426526,-26.25113859375,-41.03079181250001,-26.150316312499996,-4.669222781249971,-45.09478956250001,-64.17589575000001,-13.059599031250002,-55.06082468750001,-103.13864009375,-7.178652781250037,0.00059740536,-0.0006975874,-0.00022481325,-19.121607,-20.680792,-22.362713,-1.1956582,-48.12353,-21.806328,-24.303337,-70.419266,-30.482586,-9.502541,-96.516,-20.935568,-34.521633,-115.45319,-24.3025,-41.32696,-26.27902,-3.6578772,-45.61816,-64.18271,-11.630326,-55.629097,-102.852585,-5.057923
0.0,0.0,0.0,-18.186400624999997,-20.6135684375,-22.74119353125002,-0.9335027500000024,-47.906495687500005,-22.122374437500014,-22.997784656249998,-69.809944125,-31.461526750000075,-8.999994812499999,-95.77344153125,-22.70012175000005,-32.88768490625,-114.9904835,-26.993945093750085,-40.919036125,-26.091082781249998,-4.733687312500024,-44.91386259375,-64.0658975,-13.291267250000033,-54.77099065625,-103.10923825,-7.846391687500045,0.00037503205,-0.00032343945,-0.0002775109,-20.504248,-21.402092,-22.666449,-1.4877243,-50.04544,-21.337904,-26.78858,-73.129745,-28.697577,-10.98494,-99.99818,-16.636942,-38.241005,-118.80399,-17.65875,-42.380222,-26.718023,-3.1388,-47.267673,-64.93183,-9.452251,-58.159424,-102.86729,1.0366896
0.0,0.0,0.0,-18.055538588235294,-20.56018064705882,-22.636355970588227,-1.0221300000000113,-47.76240626470588,-22.184241794117668,-22.86327132352941,-69.49651861764706,-31.571411117647074,-9.01693114705882,-95.37308455882354,-23.148220235294048,-32.59266273529412,-114.58169055882354,-27.55842855882355,-40.802062,-26.00499729411765,-4.742111235294146,-44.790422500000005,-63.97160788235295,-13.37883361764699,-54.55201529411765,-103.03223170588234,-8.466009617647046,0.00035838873,-0.00026851878,-0.0002887927,-20.830177,-21.573805,-22.807392,-1.4623079,-50.504215,-21.177225,-27.357342,-73.74308,-28.300806,-11.250554,-100.75594,-15.518897,-39.11027,-119.42356,-16.028454,-42.64795,-26.839626,-3.0917299,-47.62962,-65.074,-9.007584,-58.686302,-102.707596,2.4001884
0.0,0.0,0.0,-18.0502381875,-20.53309615625,-22.63744734375001,-0.9844926562499978,-47.70358071874999,-22.270000468750084,-22.831352250000002,-69.4485686875,-31.67465315625003,-8.936146625,-95.33930215624999,-23.25554178125003,-32.534273625,-114.55196237499999,-27.71348678124997,-40.8120948125,-26.0031898125,-4.788379718750036,-44.76552453125,-63.959357125,-13.458458906249973,-54.51013484375,-103.04223215625001,-8.58660900000001,0.00022474569,-0.00010195596,-0.00034326277,-21.655401,-22.062286,-23.175446,-1.6257939,-51.8771,-20.651249,-29.215893,-75.40526,-27.050718,-12.613551,-102.73181,-12.197104,-42.10348,-120.732285,-11.30318,-43.360126,-26.982187,-3.053508,-48.859917,-65.28817,-7.76798,-60.643387,-101.856995,6.1466017
0.0,0.0,0.0,-18.536657218749994,-20.73490846875,-22.905879999999968,-0.9725081874999972,-48.264401125,-22.167777968749988,-23.522298375,-70.42367346875,-31.334297218749953,-9.291803875,-96.595306625,-21.943373624999936,-33.737065843749996,-115.84764093749999,-25.747165749999965,-41.22944853125,-26.231712031249998,-4.686132406249953,-45.31744731249999,-64.2655026875,-12.973758781250012,-55.390272062499996,-103.16591121875001,-6.708104156249988,0.00020618,-8.725692e-05,-0.00034217339,-21.716413,-22.05225,-23.198355,-1.7044392,-51.933155,-20.612684,-29.402355,-75.417015,-26.998228,-12.822989,-102.76897,-12.0421715,-42.39737,-120.68261,-11.116214,-43.42584,-26.92306,-3.0600135,-49.003014,-65.2171,-7.720795,-60.868996,-101.7188,6.288168
0.0,0.0,0.0,-20.28525011764706,-21.703925588235297,-23.66729179411766,-1.285027882352935,-50.685558382352944,-21.15096752941173,-26.7253715,-74.107206,-29.044814823529407,-11.587320029411764,-101.03967217647059,-15.62353144117651,-39.375894205882354,-120.04954579411765,-16.52662644117646,-42.78707855882353,-26.761130205882356,-4.1126395294117515,-47.71275335294118,-65.07371947058823,-10.134054735294114,-59.31197620588235,-102.58102955882353,1.4866810000000896,0.00017279011,-7.8021025e-05,-0.000294729,-21.716457,-21.906763,-23.182577,-1.9656539,-51.84595,-20.584288,-29.616879,-75.12845,-27.096687,-13.272705,-102.54129,-12.2744465,-42.74256,-120.42125,-11.612078,-43.507473,-26.650738,-3.134539,-49.261826,-64.94189,-7.8490787,-61.31227,-101.61118,5.95173
0.0,0.0,0.0,-20.973259088235288,-22.200325794117646,-23.7328122647059,-1.6099792352941193,-51.80013411764706,-20.315479882352918,-28.26713252941176,-75.60033661764706,-27.445623088235322,-12.94943288235293,-102.6246391764706,-12.233940558823576,-42.12767364705881,-121.21214020588235,-11.785629323529406,-43.40446164705882,-26.83157476470588,-3.8028439117646826,-48.810435382352935,-65.22033220588236,-8.482105117646995,-61.07627408823529,-101.75625535294118,5.519007941176483,7.674657e-05,5.877999e-06,-0.00039348265,-23.21064,-22.763556,-23.458603,-1.8927498,-53.77097,-19.846432,-32.220444,-77.7645,-24.930378,-14.460824,-105.4078,-7.1889443,-46.566578,-122.28528,-3.8674953,-44.3844,-27.324095,-2.3888032,-50.579582,-65.63602,-5.3565707,-63.138348,-100.382385,12.202775
0.0,0.0,0.0,-21.458383406250004,-22.247103906249997,-24.044888749999984,-1.5297949375000073,-52.14134965625,-20.263828374999946,-29.025174562500005,-76.18756896874999,-27.38311115624998,-13.290028468750009,-103.41214565625,-11.213731843749997,-43.50100046875001,-121.85091221875,-10.24458140624995,-43.7881141875,-26.93842990625,-3.8170835312499776,-49.3104990625,-65.2852645625,-8.226898437499983,-61.84793065625,-101.380629375,6.752278187499996,-6.773749e-05,7.0590984e-05,-0.00038228292,-25.081038,-23.519592,-24.102798,-2.1200914,-56.05512,-18.899117,-36.103798,-80.30063,-22.640884,-17.026075,-108.262146,-1.0401827,-52.58431,-122.97731,5.024928,-45.71473,-27.663694,-2.0080135,-52.80511,-65.71992,-2.9651854,-66.43284,-97.58201,18.774973
0.0,0.0,0.0,-23.055277176470586,-22.767749764705886,-24.724254911764774,-1.6740252647058824,-53.781094764705884,-19.410841147058875,-32.07098955882353,-78.36341911764706,-25.70101211764711,-15.198730794117644,-105.7970885,-6.294411294117765,-48.630588441176464,-123.19297264705884,-3.0528260000000387,-44.90210079411764,-27.147038529411763,-3.4707857352941573,-51.12687408823529,-65.40631914705882,-6.246700588235342,-64.61348849999999,-99.43488152941175,12.45021217647053,-6.267259e-05,5.8251608e-05,-0.000363144,-24.875568,-23.382904,-23.940468,-1.9878278,-55.594604,-19.042341,-35.39501,-79.872116,-23.00165,-16.2736,-107.75639,-2.1058717,-51.316196,-122.95999,3.5334427,-45.500557,-27.682064,-1.9045912,-52.327747,-65.763306,-3.2187922,-65.59202,-98.19283,17.815228
0.0,0.0,0.0,-23.61535029411764,-23.07300076470588,-24.77176167647059,-1.8850572647058783,-54.52400858823529,-18.811477705882282,-33.30458544117647,-79.18090211764707,-24.59140197058815,-16.15952438235294,-106.53509500000001,-3.9971439999999347,-50.66256897058823,-123.355976,0.19863355882358746,-45.28036247058823,-27.15743882352941,-3.1657167647058486,-51.867603558823525,-65.36913929411764,-5.172294147058778,-65.71150685294117,-98.4494549117647,15.002995117647117,-7.367092e-05,6.32901e-05,-0.0003663655,-24.72762,-23.405066,-23.996185,-1.9555936,-55.605186,-19.026806,-35.25172,-79.87303,-23.058477,-16.312283,-107.72495,-2.1223817,-51.271976,-122.90819,3.4171555,-45.451298,-27.670162,-2.0662825,-52.28383,-65.76264,-3.3851407,-65.63133,-98.159706,17.598799
0.0,0.0,0.0,-24.02912671875,-23.04017434375,-25.03327278124999,-1.7638494999999992,-54.72910681250001,-18.83569340624996,-33.95291334375,-79.4560650625,-24.678367624999964,-16.353286562500003,-106.97962509375002,-3.417065687499985,-51.7122125625,-123.49613946875,1.0953701562500555,-45.517109125,-27.234383562500003,-3.186875437500021,-52.1827524375,-65.3640134375,-5.0965205312500075,-66.17196934374999,-98.03233984375001,15.614137656250023,-6.651593e-05,5.920042e-05,-0.00036676024,-24.804657,-23.417908,-23.980904,-1.9457045,-55.63561,-19.023993,-35.331184,-79.92437,-22.999563,-16.282343,-107.785065,-2.0245442,-51.316956,-122.95126,3.6021817,-45.476723,-27.702934,-1.9940902,-52.301075,-65.78885,-3.2825282,-65.61074,-98.15342,17.78145
0.0,0.0,0.0,-24.934811029411772,-23.255225823529415,-25.431705235294146,-1.8416450882352962,-55.571374764705894,-18.342702499999973,-35.74187573529412,-80.37517952941175,-23.803496529411746,-17.44657688235295,-107.90256735294116,-0.8697941470588262,-54.553501264705886,-123.45385858823528,4.759248588235323,-46.09808511764706,-27.287004823529415,-3.0381443235294228,-53.166255382352944,-65.2499675,-4.114807147058798,-67.57462338235295,-96.56557261764706,18.284389647058845,-5.910969e-05,5.814158e-05,-0.0003825181,-26.118988,-23.941051,-24.276396,-2.4501796,-57.36094,-18.408075,-38.389927,-81.571106,-21.151434,-18.719519,-109.70569,2.3588653,-55.93752,-122.957565,10.014205,-46.39306,-27.808134,-1.6604844,-54.06618,-65.712234,-1.498917,-68.26612,-95.91096,22.409039
0.0,0.0,0.0,-25.399015676470587,-23.550191088235295,-25.31557402941172,-2.1013977647058795,-56.234263441176466,-17.615444382352848,-36.86540276470588,-80.98723297058824,-22.58495902941172,-18.367948441176466,-108.33698147058824,1.4350954705882941,-56.33917170588235,-123.14364958823529,7.835449294117723,-46.44771758823529,-27.222769764705884,-2.760817558823476,-53.82277417647059,-65.08715605882352,-3.029338176470503,-68.49154097058823,-95.42235688235294,20.652408500000035,-4.928607e-05,5.1310904e-05,-0.00038581598,-26.28325,-24.020449,-24.305729,-2.5025043,-57.589893,-18.325788,-38.76472,-81.79685,-20.891846,-19.006193,-109.956635,2.9451003,-56.496094,-122.955055,10.877299,-46.50004,-27.839613,-1.6063801,-54.270878,-65.72035,-1.2519583,-68.5702,-95.62696,23.027653
0.0,0.0,0.0,-25.681946705882353,-23.45563805882353,-25.672333588235347,-1.924511617647056,-56.25171388235294,-17.890306294117636,-37.22609467647058,-81.08372711764704,-22.984803911764743,-18.320614088235295,-108.5729428235294,1.3660331764705234,-56.89152105882353,-123.24828988235294,7.98613244117638,-46.616208764705874,-27.305670647058825,-2.923061617647079,-53.97224332352941,-65.1161505882353,-3.245519205882374,-68.66156926470588,-95.22474976470589,20.60438273529411,-5.398439e-05,4.9243776e-05,-0.00037393544,-26.647982,-24.146397,-24.368013,-2.6022196,-57.998207,-18.146284,-39.528587,-82.20779,-20.4244,-19.540302,-110.42886,4.0442824,-57.6157,-122.99889,12.472796,-46.74344,-27.87687,-1.4821602,-54.703037,-65.707504,-0.7651571,-69.191605,-95.108086,24.224888
0.0,0.0,0.0,-26.10821546875,-23.711080312500002,-25.58345703125002,-2.1602909999999937,-56.82124415625,-17.240972500000055,-38.230083625,-81.58459621875,-21.925115531250015,-19.14082865625,-108.896378125,3.3839826875000085,-58.43687909375,-122.861597625,10.732101437500035,-46.896675125,-27.23162090625,-2.67436596875001,-54.55675959375,-64.95070009375,-2.3422039375000168,-69.457082,-94.12807334375,22.54666809374993,-4.4659915e-05,4.0561703e-05,-0.0003797533,-26.74381,-24.2048,-24.384655,-2.6471038,-58.15562,-18.080084,-39.770214,-82.35167,-20.232367,-19.752354,-110.57912,4.4563212,-57.98779,-122.95932,13.066443,-46.80928,-27.893206,-1.4494239,-54.837994,-65.70458,-0.5987848,-69.396866,-94.89117,24.634468
0.0,0.0,0.0,-26.47863149999999,-23.767599941176474,-25.64484723529415,-2.1434547941176447,-57.176861352941174,-17.10692735294117,-39.043293882352934,-81.84167652941179,-21.558125205882277,-19.514774617647056,-109.22065435294118,4.247002911764753,-59.44250099999999,-122.63018497058825,11.925060470588278,-47.070321941176466,-27.270185029411763,-2.5469269999999256,-54.91660608823529,-64.91376129411765,-1.9340102647058188,-69.91768444117646,-93.57408714705882,23.388015735294175,-6.907251e-05,5.736781e-05,-0.00037050009,-26.488895,-24.07897,-24.357588,-2.5447621,-57.799183,-18.21478,-39.18406,-82.01648,-20.66623,-19.289518,-110.212654,3.5370898,-57.132904,-123.00469,11.712852,-46.647484,-27.85032,-1.5540444,-54.519962,-65.70129,-1.0054687,-68.935295,-95.34844,23.663998
0.0,0.0,0.0,-26.182414588235297,-23.597719735294117,-25.507850264705894,-1.8930345882353024,-56.797528588235295,-17.671154235294125,-38.30244535294118,-81.43196976470588,-22.38163679411764,-18.705617147058824,-109.07916591176469,2.621644764705877,-58.050947323529414,-123.00751429411766,9.560006558823488,-46.77704997058824,-27.38993741176471,-2.7200722058823885,-54.383050617647065,-65.13956285294118,-2.5880621176470413,-69.17488764705882,-94.66344770588235,21.787497147058843,-6.1861836e-05,5.312194e-05,-0.00037421403,-26.452635,-24.079971,-24.34563,-2.5281558,-57.774513,-18.229532,-39.10617,-81.997116,-20.685543,-19.228268,-110.18053,3.4668918,-57.012955,-122.99968,11.61766,-46.617107,-27.862194,-1.557149,-54.466457,-65.71869,-1.0319237,-68.856155,-95.394615,23.5864
0.0,0.0,0.0,-25.936844147058828,-23.623007911764706,-25.33444211764703,-1.9307178235294131,-56.73594420588235,-17.764503647058802,-37.89572594117647,-81.25841161764706,-22.377472794117637,-18.474688235294117,-108.932309,2.032544235294097,-57.1864755882353,-123.03213038235295,8.627938852941213,-46.53272532352942,-27.409962735294116,-2.6709529999999404,-54.08096673529412,-65.24165161764707,-2.678631029411804,-68.78799320588236,-95.21337152941175,21.236141499999917,-6.811828e-05,5.4946802e-05,-0.00037320153,-26.383564,-24.049963,-24.351501,-2.507341,-57.693348,-18.252485,-38.96983,-81.91271,-20.791267,-19.143908,-110.08502,3.2654853,-56.839386,-122.984634,11.303668,-46.58245,-27.843737,-1.6008521,-54.40119,-65.7044,-1.1445612,-68.77191,-95.469986,23.342392
0.0,0.0,0.0,-25.20269005882353,-23.569148941176472,-24.844128794117637,-1.826843794117643,-56.42505694117647,-18.639622411764663,-36.67551711764706,-80.82001767647058,-22.968365088235316,-17.6155635,-108.71519805882353,-0.18685032352948383,-54.54576379411765,-123.34234767647058,5.697272764705872,-45.84436320588235,-27.590222352941183,-2.77197988235298,-53.21610841176471,-65.67727170588235,-3.5016219705881326,-67.61761470588236,-96.92785897058823,19.017586088235362,-8.1260456e-05,6.377835e-05,-0.0003723532,-26.411486,-24.042408,-24.387463,-2.5282335,-57.72122,-18.239506,-39.06095,-81.92793,-20.800076,-19.24543,-110.121475,3.3335814,-57.01602,-122.98274,11.382613,-46.621727,-27.81757,-1.6320502,-54.477425,-65.67009,-1.1560711,-68.90393,-95.39375,23.387028
0.0,0.0,0.0,-25.07140132352941,-23.656259411764704,-24.653823911764732,-1.9107889705882357,-56.52559064705883,-18.71985235294119,-36.57841564705882,-80.8583474117647,-22.76536291176467,-17.654939941176472,-108.78163432352942,-0.1907797352940861,-54.14140238235294,-123.31932511764705,5.662114676470594,-45.71902417647059,-27.634680794117646,-2.7736547058822794,-53.114845264705885,-65.78344717647059,-3.3911079117646636,-67.51186182352942,-97.14203029411765,18.977594617647128,-7.425063e-05,5.9472957e-05,-0.00037188112,-26.489304,-24.078827,-24.382168,-2.5477257,-57.81347,-18.206072,-39.211437,-82.02566,-20.674557,-19.335602,-110.2264,3.5749412,-57.21066,-122.99499,11.750762,-46.66161,-27.840408,-1.5826436,-54.54893,-65.68607,-1.0248417,-68.995186,-95.30224,23.670681
0.0,0.0,0.0,-24.90609970588235,-23.66665823529412,-24.530575882352935,-1.8689020588235223,-56.48948532352941,-18.922964647058848,-36.31682952941176,-80.78596588235294,-22.861805647058816,-17.461887294117645,-108.79033199999998,-0.6760325000000194,-53.480576705882356,-123.39761770588234,5.077867441176522,-45.57269097058824,-27.709914558823534,-2.818385411764723,-52.90886594117647,-65.911801,-3.589251235294114,-67.24534838235294,-97.55489699999998,18.44341052941178,-7.093099e-05,5.6880937e-05,-0.00037257603,-26.45925,-24.07659,-24.37488,-2.5291433,-57.786697,-18.217436,-39.141083,-82.00632,-20.700533,-19.27464,-110.196884,3.5052276,-57.104965,-122.99914,11.651118,-46.63775,-27.849096,-1.5877148,-54.50283,-65.69956,-1.0530447,-68.92697,-95.34918,23.594936
0.0,0.0,0.0,-24.675246588235293,-23.73581105882353,-24.281351382352966,-1.9090693235294083,-56.565070029411764,-19.168634647058866,-36.08986708823529,-80.79363438235295,-22.8453422941177,-17.37540835294118,-108.90010367647061,-1.0173850588235496,-52.6609895,-123.42769655882354,4.656562441176391,-45.3370505,-27.77419155882353,-2.8689582941177036,-52.683557470588234,-66.1164362647059,-3.6697737352942,-66.9601039117647,-98.02656714705883,17.931649588235246,-5.7191282e-05,5.0281466e-05,-0.00037428166,-26.366396,-24.06966,-24.335108,-2.459536,-57.691338,-18.268082,-38.896782,-81.94149,-20.784191,-19.031778,-110.099335,3.2474341,-56.70071,-123.027214,11.301063,-46.55085,-27.890173,-1.5850712,-54.33022,-65.760475,-1.133119,-68.65526,-95.5415,23.343891
0.0,0.0,0.0,-24.594770852941174,-23.796894,-24.12181717647053,-1.9558994117646975,-56.665107294117654,-19.20555729411757,-36.10479552941176,-80.85528526470588,-22.685429323529377,-17.42627988235293,-109.00464014705882,-0.9445387647057828,-52.46618208823529,-123.40289579411764,4.69053655882351,-45.250970558823525,-27.802447147058828,-2.86960744117647,-52.64240885294117,-66.19708632352942,-3.628102970588202,-66.92618879411765,-98.14522876470589,17.931976323529454,-2.3573084e-05,3.3924844e-05,-0.00039457987,-26.532074,-24.161943,-24.303156,-2.6044412,-57.972897,-18.200052,-39.34615,-82.14657,-20.413193,-19.46323,-110.34127,3.8930469,-57.308643,-122.88453,12.282523,-46.64106,-27.901402,-1.4862987,-54.56454,-65.747696,-0.8194307,-68.99169,-95.18162,24.020447
0.0,0.0,0.0,-24.531013205882356,-23.813639705882352,-24.018542147058838,-1.9602052058823602,-56.720422470588225,-19.298460058823537,-36.07430497058824,-80.8774024117647,-22.676785676470672,-17.41335961764706,-109.09603732352942,-1.0592247058824,-52.223719205882354,-123.42912564705881,4.589277352941167,-45.15317917647059,-27.858809264705883,-2.8413893235294836,-52.56791644117647,-66.28843694117647,-3.6757695588235606,-66.84034232352941,-98.3319356764706,17.79168341176461,-1.4491496e-05,3.5657045e-05,-0.00040490465,-26.059801,-24.035456,-24.201418,-2.4769464,-57.512962,-18.412954,-38.390312,-81.67024,-20.926678,-18.811285,-109.783195,2.603231,-55.89525,-122.80376,10.395049,-46.316998,-27.875969,-1.6423956,-54.00775,-65.79223,-1.3966697,-68.19948,-95.82603,22.572311
0.0,0.0,0.0,-24.499667647058818,-23.85946488235294,-23.902154441176492,-2.0052218235294035,-56.82230794117647,-19.344161999999983,-36.14938155882352,-80.94674705882353,-22.530395470588303,-17.503710235294115,-109.21428682352942,-0.9579836176470167,-52.171888647058815,-123.4174316764706,4.770196323529433,-45.086521588235286,-27.89106682352941,-2.7512359705883114,-52.565323676470584,-66.35503944117647,-3.599186588235284,-66.85866138235293,-98.38690035294118,17.873239794117694,-2.9961157e-05,3.5480123e-05,-0.00039381676,-26.24628,-24.096315,-24.255873,-2.4880552,-57.685535,-18.29704,-38.72928,-81.8889,-20.72091,-19.00019,-110.01052,3.1562037,-56.420345,-122.89272,11.1810255,-46.44811,-27.905378,-1.5766855,-54.205036,-65.79417,-1.1495184,-68.47996,-95.5935,23.197418
0.0,0.0,0.0,-24.68181835294117,-23.98772782352941,-23.93393923529419,-2.1016835882352893,-57.14587602941177,-19.241982705882435,-36.68858694117647,-81.20021373529411,-22.156656529411862,-17.974310970588228,-109.56979273529412,-0.2279877647059152,-52.839384558823525,-123.35304614705882,5.949813911764693,-45.230540441176466,-27.916145941176467,-2.7386096764706735,-52.845713088235286,-66.33680811764705,-3.2581741470588668,-67.30934944117647,-98.0196167647059,18.657069558823537,-7.387308e-05,5.3055668e-05,-0.00037213994,-25.910479,-23.94474,-24.283262,-2.292141,-57.22148,-18.416422,-37.941437,-81.49238,-21.310204,-18.354235,-109.54317,2.0546126,-55.361584,-122.9879,9.490157,-46.26181,-27.863302,-1.7618576,-53.795353,-65.78834,-1.7059015,-67.90829,-96.14006,21.965647
0.0,0.0,0.0,-24.808358294117646,-24.03913261764706,-23.964561176470625,-2.127566352941173,-57.318132235294115,-19.16562244117648,-36.99614338235294,-81.33352011764707,-21.941138794117705,-18.220238441176477,-109.75345135294117,0.17898111764696978,-53.25248973529412,-123.3059948235294,6.538644264705852,-45.32261897058824,-27.92228561764706,-2.7199329705882747,-53.01707247058824,-66.32352223529412,-3.0894963823530475,-67.53375502941176,-97.79469829411764,19.09276791176461,-2.1739848e-05,3.0441079e-05,-0.0004023845,-26.371473,-24.203938,-24.199896,-2.6260958,-57.9456,-18.180004,-39.088688,-82.10276,-20.311182,-19.373365,-110.22135,3.8128886,-56.913757,-122.80373,12.138896,-46.51641,-27.916162,-1.4632698,-54.396275,-65.79879,-0.80127656,-68.76162,-95.30812,23.900364
0.0,0.0,0.0,-25.062516558823525,-24.14749982352941,-23.933491500000002,-2.266028294117639,-57.68058408823529,-19.03280470588237,-37.65107179411764,-81.63031935294119,-21.50418358823532,-18.75971102941176,-110.13524064705882,1.1535294117647368,-54.15103332352941,-123.16627500000001,7.840348117647125,-45.49015705882353,-27.943274529411767,-2.6003004705882518,-53.3746089117647,-66.29879882352941,-2.7032739705882136,-68.0668459117647,-97.28220120588237,20.040004941176505,1.0696531e-05,1.6720023e-05,-0.0004152603,-26.751879,-24.372847,-24.182837,-2.8167448,-58.445084,-18.012012,-39.94264,-82.54564,-19.659039,-20.037313,-110.72337,5.0626616,-58.0653,-122.720375,14.016974,-46.73642,-27.964117,-1.2587544,-54.845177,-65.80055,-0.17561756,-69.37667,-94.708305,25.286297
0.0,0.0,0.0,-26.002985558823525,-24.54887447058824,-23.85315279411759,-2.7168098235294167,-58.96243138235294,-18.381512705882358,-39.956117235294116,-82.611635,-19.7466178529412,-20.727757264705872,-111.32476194117646,4.657781499999999,-57.43099867647058,-122.51472623529412,12.92790320588233,-46.12026120588234,-28.01439985294118,-2.116055647058829,-54.65445929411764,-66.06069047058824,-1.113517294117628,-69.89043676470588,-95.22879164705881,23.570945441176548,2.1594096e-05,2.3117405e-05,-0.00042971238,-27.27114,-24.617332,-24.133818,-3.1676507,-59.20049,-17.743473,-41.226868,-83.137665,-18.63294,-21.165339,-111.395706,6.960588,-59.82329,-122.39332,16.82745,-47.043713,-27.989073,-0.98849076,-55.53007,-65.74238,0.7325922,-70.34234,-93.69141,27.28101
0.0,0.0,0.0,-26.387059176470583,-24.670657852941176,-23.94137752941174,-2.823062970588232,-59.36744202941177,-18.228242823529456,-40.80162814705882,-82.92839697058824,-19.3193010588235,-21.377169499999994,-111.71613973529412,5.812749588235363,-58.70723302941176,-122.2281429117647,14.622971529411814,-46.4163934117647,-28.04097773529412,-2.014694235294087,-55.147121999999996,-65.93958470588235,-0.734564441176417,-70.55083108823528,-94.38795614705882,24.65631458823532,2.5310626e-05,1.6282334e-05,-0.00042965167,-27.430729,-24.668121,-24.159655,-3.2209048,-59.382946,-17.65879,-41.580303,-83.27366,-18.407534,-21.431574,-111.55051,7.4684806,-60.329487,-122.261154,17.549767,-47.148964,-27.99926,-0.9417183,-55.719276,-65.70362,0.93504393,-70.60019,-93.36084,27.764538
0.0,0.0,0.0,-26.953472147058818,-24.869854617647064,-23.962292705882362,-3.091173794117644,-59.99639473529412,-17.737551441176493,-42.0237059117647,-83.36222335294116,-18.25794702941181,-22.43763726470587,-112.0763516764706,7.9062454999999545,-60.58471644117646,-121.57811408823531,17.56846458823526,-46.85792985294117,-28.007721117647062,-1.7746158823529754,-55.87605005882352,-65.68861255882352,0.2049452941176355,-71.51985199999999,-92.9626715,26.669704705882396,3.7380465e-05,-1.5845144e-06,-0.0004293757,-27.67558,-24.78275,-24.172255,-3.3085613,-59.73901,-17.52409,-42.172306,-83.520134,-17.951103,-21.898546,-111.81847,8.403556,-61.148113,-121.92679,18.887634,-47.290215,-28.044735,-0.86709756,-56.001625,-65.66333,1.2965971,-70.98463,-92.751564,28.598495
0.0,0.0,0.0,-27.36476870588235,-24.967868970588235,-24.055964823529393,-3.2055246764705885,-60.41270873529412,-17.52346276470587,-42.908201029411764,-83.66544147058822,-17.737674529411777,-23.106084323529416,-112.4008795882353,9.172820147058871,-61.92687261764706,-121.12844438235292,19.401255794117674,-47.193626558823524,-28.026112470588238,-1.722391647058771,-56.37709632352941,-65.50531008823529,0.6841520294117913,-72.15887364705883,-91.99010249999999,27.87859726470589,3.4051773e-06,1.7498969e-06,-0.0004324189,-28.109335,-24.956228,-24.17404,-3.5784063,-60.36178,-17.246534,-43.310997,-83.83951,-17.079323,-22.910065,-112.16056,10.099252,-62.701996,-121.08032,21.260384,-47.562565,-28.032555,-0.73681754,-56.584396,-65.46776,1.9462248,-71.76729,-91.4925,30.03413
0.0,0.0,0.0,-27.850064294117654,-25.1788715,-24.13036020588237,-3.4549570882352967,-60.96143573529412,-17.119030235294133,-43.92509567647059,-84.01354061764705,-16.872860147058873,-23.99344047058824,-112.67463379411764,10.900807205882359,-63.44204273529412,-120.44637276470587,21.74806238235294,-47.518317058823534,-28.00838241176471,-1.5445655882354004,-56.950315176470596,-65.2965954117647,1.3984466176469823,-72.90875897058824,-90.7606683235294,29.36920167647048,-0.00023658844,-0.0001362426,-0.00038085147,-30.883654,-25.635454,-24.664392,-4.5925026,-62.961422,-15.393105,-49.34034,-85.313194,-13.292713,-27.387075,-113.46613,18.65109,-71.09673,-117.25357,32.823524,-49.49981,-27.79805,-0.034295246,-59.95651,-64.076485,5.1439233,-76.09317,-84.82017,37.291245
0.0,0.0,0.0,-28.29185428125,-25.27654459375,-24.283108718749986,-3.6401888749999998,-61.396887687500005,-16.915035187499996,-44.803488593750004,-84.27379728125001,-16.31911953125001,-24.72955575,-112.942118,12.114893999999993,-64.73282878124999,-119.86580640625002,23.49863915625002,-47.79937040625,-28.036695156249998,-1.331932156249934,-57.43853490625,-65.1449391875,1.7716046562500765,-73.50888309375,-89.767338,30.449092843750066,-0.00026211314,-0.00012024917,-0.00038230672,-30.930569,-25.647223,-24.68889,-4.586367,-63.00594,-15.351086,-49.4288,-85.34015,-13.245834,-27.436333,-113.49203,18.805716,-71.230415,-117.19883,33.007458,-49.53923,-27.798792,-0.04312627,-60.00971,-64.05253,5.174048,-76.163284,-84.702065,37.390934
0.0,0.0,0.0,-28.649654705882355,-25.45023197058823,-24.223838323529378,-3.8502530294117605,-61.89250402941177,-16.56978638235296,-45.65747302941176,-84.58984752941177,-15.478034529411786,-25.46500132352941,-113.11433988235295,13.716841823529364,-65.97828770588235,-119.14590226470588,25.645089617647045,-48.0444049117647,-28.05939994117647,-1.059965147058847,-57.88239738235294,-64.96533964705883,2.5110760882352565,-74.05559608823529,-88.64868491176472,31.788682911764624,-0.00024767368,-0.00012429751,-0.00038269378,-30.96182,-25.643648,-24.659184,-4.653341,-63.02396,-15.350498,-49.51408,-85.33799,-13.187923,-27.539698,-113.50166,18.849466,-71.324875,-117.17537,33.101337,-49.553722,-27.77206,0.0023148814,-60.06364,-64.028206,5.239613,-76.234215,-84.66613,37.48773
0.0,0.0,0.0,-29.04831673529412,-25.584115529411765,-24.35043776470593,-4.005882029411765,-62.295155323529414,-16.392358235294125,-46.375808500000005,-84.84033194117647,-14.89091120588239,-26.045351558823526,-113.2902705,14.913055441176482,-67.0136265882353,-118.55971108823529,27.292492088235292,-48.24774205882353,-28.096063588235296,-0.898471647058841,-58.25362097058824,-64.83202564705883,2.914014970588255,-74.48102111764706,-87.74531358823529,32.76861214705883,-0.0002511513,-0.00012180468,-0.0003822584,-30.959803,-25.644596,-24.662834,-4.6476073,-63.025024,-15.349583,-49.509815,-85.34044,-13.191469,-27.533764,-113.50431,18.851202,-71.32178,-117.17865,33.099968,-49.5539,-27.773895,-0.003508254,-60.061504,-64.02987,5.2339654,-76.23251,-84.667145,37.48301
0.0,0.0,0.0,-29.385657764705876,-25.736825088235296,-24.231071911764673,-4.282237441176477,-62.73279079411765,-16.12607341176465,-47.24130638235294,-85.00273926470588,-14.20641720588236,-26.847586823529408,-113.40751073529412,16.294400499999995,-68.20727979411764,-117.7654850882353,29.132193147058842,-48.474903088235294,-28.063343352941175,-0.7282751470588096,-58.70603926470588,-64.6532953235294,3.5397544411765125,-75.02450717647059,-86.6501012647059,33.90215705882355,-0.00025220073,-0.000120816025,-0.0003820301,-30.958273,-25.645063,-24.663849,-4.645099,-63.02498,-15.350241,-49.50618,-85.34197,-13.193478,-27.52958,-113.50626,18.849356,-71.31735,-117.183105,33.09728,-49.55333,-27.77517,-0.005464717,-60.059364,-64.03185,5.2317224,-76.22982,-84.67128,37.48096
0.0,0.0,0.0,-29.703304205882358,-25.83249814705883,-24.35724402941179,-4.450438294117653,-63.093696882352944,-16.018253058823575,-47.87182561764706,-85.22445785294117,-13.661517029411755,-27.372618764705887,-113.55145629411766,17.3050735294118,-69.11375438235294,-117.14643705882354,30.592404588235297,-48.691413058823535,-28.111307941176474,-0.7113341470588352,-59.015808500000006,-64.54617902941176,3.887024058823556,-75.36612373529412,-85.80294852941178,34.74471511764705,-0.00025044268,-0.00012222005,-0.00038241767,-30.962677,-25.646412,-24.66281,-4.647741,-63.028744,-15.348319,-49.514297,-85.34527,-13.186403,-27.535498,-113.50961,18.860792,-71.32747,-117.18155,33.115223,-49.555435,-27.775612,-0.0014712056,-60.06336,-64.031586,5.2394967,-76.23426,-84.66551,37.495598
0.0,0.0,0.0,-30.059783281250006,-25.941875593750005,-24.50480546875002,-4.687024218750011,-63.4701789375,-15.708173750000014,-48.5761035,-85.34684778124999,-13.017295843750048,-28.064844312500007,-113.6224061875,18.556471875,-70.08827056250001,-116.39879459375,32.099834531249996,-48.918729687500004,-28.089716656249998,-0.5835579687500285,-59.386216968750006,-64.33149156249999,4.426725499999975,-75.79834396875,-84.84583046875,35.63122096874997,-0.00025638207,-0.00011870265,-0.0003819714,-30.965422,-25.649511,-24.669903,-4.638333,-63.034454,-15.342993,-49.51669,-85.35278,-13.185507,-27.529629,-113.51631,18.87924,-71.335495,-117.18167,33.1349,-49.55945,-27.779667,-0.008320971,-60.064404,-64.03297,5.2371755,-76.2358,-84.65583,37.502583
0.0,0.0,0.0,-30.119264676470586,-25.895971647058822,-24.6042246470588,-4.611220970588235,-63.4237315,-15.770378411764682,-48.59966338235294,-85.32797044117648,-13.222738852941177,-27.974710911764703,-113.66757926470589,18.408490323529406,-70.15249270588235,-116.45135079411764,31.89952182352937,-48.96200064705882,-28.100949352941175,-0.6319777058823206,-59.40416402941176,-64.33000629411765,4.296084235294131,-75.79640567647058,-84.87091776470588,35.48815017647064,-0.00025305102,-0.00012008962,-0.00038208044,-30.967693,-25.64861,-24.66528,-4.648046,-63.03561,-15.344088,-49.525444,-85.35172,-13.17948,-27.54305,-113.51701,18.880056,-71.344536,-117.18133,33.14068,-49.56021,-27.775438,-0.0025455197,-60.070656,-64.030174,5.244591,-76.24482,-84.65529,37.512062
0.0,0.0,0.0,-30.160052705882354,-25.88743552941176,-24.610566970588195,-4.589907205882355,-63.41668044117647,-15.665101058823552,-48.65179214705883,-85.31138155882354,-13.191573205882321,-27.974552647058825,-113.63370644117646,18.508745088235287,-70.26124705882353,-116.40130585294116,31.91800550000005,-49.005875882352946,-28.081521000000002,-0.604660794117649,-59.45074538235294,-64.28582058823528,4.3187938823529635,-75.83800305882353,-84.80030808823528,35.535947882353014,-0.0002535398,-0.000119648495,-0.00038198102,-30.965107,-25.648056,-24.665508,-4.645967,-63.033104,-15.345842,-49.519478,-85.350365,-13.183613,-27.53759,-113.5155,18.872278,-71.33634,-117.18379,33.12998,-49.55851,-27.776169,-0.003956481,-60.067036,-64.03158,5.240792,-76.23981,-84.660706,37.50433
0.0,0.0,0.0,-30.17137702941176,-25.848291500000002,-24.68832232352935,-4.5053990294117625,-63.339289382352945,-15.709981735294093,-48.60141811764706,-85.2726809117647,-13.405643382352935,-27.84077817647059,-113.61468373529411,18.214831794117686,-70.2210014117647,-116.49925191176472,31.645873823529485,-49.026908117647054,-28.08030338235294,-0.6464647352941029,-59.43458052941176,-64.29446991176471,4.208310117647045,-75.80967717647059,-84.88456229411764,35.34654847058823,-0.0002624025,-0.00011368425,-0.00038108366,-30.958874,-25.647024,-24.673565,-4.6332726,-63.028976,-15.34487,-49.505222,-85.347855,-13.198238,-27.520962,-113.5122,18.862776,-71.32275,-117.185234,33.106903,-49.557987,-27.777723,-0.017434759,-60.060257,-64.03179,5.222407,-76.23226,-84.66313,37.478203
0.0,0.0,0.0,-30.206095588235296,-25.84343894117647,-24.70415073529415,-4.504132000000006,-63.32910232352941,-15.665090176470585,-48.64430629411765,-85.2557652647059,-13.409037941176507,-27.84413197058824,-113.57019605882354,18.216893823529347,-70.32029617647059,-116.46507185294118,31.680664205882294,-49.067465088235295,-28.06410223529412,-0.6521398529411613,-59.470412470588236,-64.26157758823528,4.225004382352893,-75.84489785294117,-84.82525270588235,35.38052555882348,-0.0002974346,-8.967338e-05,-0.00037914427,-30.945524,-25.644478,-24.704506,-4.595703,-63.02348,-15.333805,-49.476837,-85.34506,-13.23983,-27.484123,-113.509155,18.855959,-71.3093,-117.19077,33.0589,-49.564617,-27.777979,-0.064183876,-60.053204,-64.02599,5.1668,-76.231735,-84.654854,37.41163
0.0,0.0,0.0,-30.22631071875,-25.818420031250003,-24.751523093749938,-4.461198343749999,-63.2785108125,-15.729209000000026,-48.63852775,-85.233250625,-13.516504468749986,-27.791099843750004,-113.56087446875,18.092976562499985,-70.3497649375,-116.4908561875,31.53735262500004,-49.08825753125,-28.057500937500002,-0.6830463750000035,-59.47857778125,-64.25202909375,4.16105271875,-75.84209103124999,-84.839818,35.281262437500004,-0.00030905823,-8.028789e-05,-0.00037811088,-30.949434,-25.647385,-24.713787,-4.5903006,-63.03322,-15.326667,-49.487564,-85.35628,-13.238064,-27.489895,-113.52331,18.881273,-71.33225,-117.19928,33.086647,-49.57283,-27.77725,-0.07486169,-60.063473,-64.02415,5.163981,-76.24967,-84.64364,37.425697
0.0,0.0,0.0,-30.18312685294118,-25.783531088235293,-24.78519573529411,-4.3866836764705965,-63.16835920588236,-15.717819294117703,-48.51230623529412,-85.1718705,-13.670162500000004,-27.616362235294122,-113.49980861764706,17.87890873529409,-70.18389491176471,-116.63189514705883,31.154281411764657,-49.079886264705884,-28.03839867647059,-0.7102214411765431,-59.42830085294118,-64.25363370588235,4.08480461764708,-75.77100961764705,-85.02017652941176,35.13753185294115,-0.000311281,-8.3445775e-05,-0.00037932175,-30.955496,-25.66033,-24.727682,-4.5634875,-63.050755,-15.312859,-49.488472,-85.38174,-13.226374,-27.468874,-113.54061,18.938417,-71.34524,-117.1972,33.153046,-49.57645,-27.797136,-0.08374421,-60.056816,-64.037315,5.1698556,-76.24077,-84.620735,37.458576
0.0,0.0,0.0,-30.08764938235294,-25.700400294117646,-24.876678411764715,-4.224892764705878,-62.948083705882354,-15.864156352941166,-48.20140732352941,-85.0643524117647,-14.163572352941173,-27.177475882352937,-113.46665617647058,17.275308970588185,-69.76998411764706,-117.02538797058821,30.37233776470589,-49.03116161764706,-28.03712117647059,-0.8375665882352905,-59.27885238235294,-64.32457282352941,3.734433352941153,-75.58030302941177,-85.46139091176471,34.579474088235315,-0.0003459573,-6.423288e-05,-0.00037772118,-30.914223,-25.671154,-24.773952,-4.47644,-63.045326,-15.302346,-49.395382,-85.40214,-13.289143,-27.360205,-113.54882,18.92785,-71.261795,-117.23545,33.081757,-49.56391,-27.828833,-0.15684573,-60.003128,-64.06666,5.0862107,-76.18528,-84.649704,37.360992
0.0,0.0,0.0,-30.03675876470588,-25.673447970588235,-24.876511441176547,-4.1618859999999955,-62.84421455882352,-15.813726882352967,-48.050050176470585,-85.02262958823529,-14.22421700000001,-27.005209264705876,-113.38863694117647,17.120929588235242,-69.61849705882352,-117.14493561764706,30.034378088235258,-49.02531885294117,-28.020550294117648,-0.8498220294118255,-59.2267009117647,-64.33178708823529,3.6457950588234667,-75.508793,-85.62274199999999,34.44917397058822,-0.00034214574,-7.620451e-05,-0.00037814525,-30.741457,-25.631393,-24.78584,-4.3732924,-62.891895,-15.378634,-49.044117,-85.283066,-13.529366,-27.091785,-113.40405,18.485594,-70.80785,-117.29813,32.411808,-49.45222,-27.847202,-0.25226942,-59.799507,-64.11564,4.8456273,-75.93123,-84.9086,36.85239
0.0,0.0,0.0,-29.982418441176467,-25.60943761764706,-24.9035653529412,-4.033435558823527,-62.681507294117644,-15.843144088235306,-47.85014744117647,-84.97719020588234,-14.400405029411786,-26.748615794117647,-113.29864782352942,16.60003832352936,-69.43109514705883,-117.38301620588236,29.542015529411742,-49.013833911764706,-28.00668161764706,-0.9204539705883121,-59.13950520588235,-64.37304444117648,3.4402474411764956,-75.39030067647059,-85.8454922352941,34.09979691176471,-0.00033912293,-7.518724e-05,-0.0003777657,-30.77874,-25.636707,-24.780016,-4.399078,-62.920273,-15.369511,-49.117195,-85.30354,-13.483282,-27.146872,-113.43365,18.561552,-70.89507,-117.289444,32.536034,-49.474915,-27.841904,-0.22871082,-59.84158,-64.105484,4.895123,-75.98089,-84.86414,36.952328
0.0,0.0,0.0,-29.875193852941173,-25.531902029411768,-24.750048411764737,-3.869028323529413,-62.48834323529412,-15.730916558823537,-47.66345317647059,-84.85947876470587,-14.778368705882372,-26.41486814705882,-113.21564979411765,16.37773658823528,-69.29151276470589,-117.54196494117646,29.002486441176472,-49.031280617647056,-27.965789147058825,-0.9818537058823722,-59.0826854117647,-64.3527544117647,3.287857117647036,-75.29365735294118,-86.03821926470587,33.78621376470585,-0.00030874572,-7.7313016e-05,-0.00035936036,-30.39816,-25.513485,-24.73464,-4.304124,-62.541656,-15.618069,-48.373665,-85.01598,-14.014452,-26.648283,-113.14829,17.384733,-69.86026,-117.581215,30.924282,-49.2328,-27.807163,-0.37080494,-59.44327,-64.194855,4.40873,-75.46918,-85.60713,35.859493
0.0,0.0,0.0,-29.88688867647059,-25.504204529411766,-24.800788470588145,-3.8354591470588275,-62.42702052941176,-15.691565235294036,-47.64290464705883,-84.81485629411765,-14.866745882352916,-26.329059970588236,-113.14524288235293,16.301821500000017,-69.31217029411765,-117.5685242352941,28.897785029411807,-49.059602235294115,-27.935523823529415,-1.0052302647058582,-59.09303105882353,-64.31782220588235,3.257387911764795,-75.29549417647058,-86.05207935294118,33.750632735294175,-0.00033171734,-7.6801836e-05,-0.00037420474,-30.657995,-25.596565,-24.765133,-4.3762956,-62.801704,-15.440178,-48.89058,-85.20669,-13.646578,-27.00793,-113.334755,18.199919,-70.587135,-117.36683,32.029396,-49.399082,-27.824696,-0.27308145,-59.723526,-64.12568,4.7438416,-75.83615,-85.083984,36.607346
0.0,0.0,0.0,-29.874880500000003,-25.45578158823529,-24.859804147058924,-3.755124441176477,-62.31481850000001,-15.765081205882382,-47.551623735294115,-84.75889323529412,-15.066339000000085,-26.153078117647055,-113.06978864705881,15.946218176470552,-69.22927282352941,-117.69303961764707,28.564483558823497,-49.063832911764706,-27.923139794117645,-1.0581602647059185,-59.05397194117647,-64.32159694117647,3.1545059705881613,-75.23947205882354,-86.18108952941176,33.5700951764706,-0.00030984296,-8.483196e-05,-0.00037158767,-30.658981,-25.583387,-24.736326,-4.420226,-62.78326,-15.467581,-48.89674,-85.18692,-13.645792,-27.03355,-113.328,18.12673,-70.56507,-117.39222,31.972012,-49.393818,-27.804768,-0.24088399,-59.7312,-64.120186,4.762732,-75.83692,-85.133255,36.60634
0.0,0.0,0.0,-30.34392726470588,-25.378513352941177,-25.379926823529445,-3.7517516764705903,-62.3295015882353,-15.247222029411716,-48.23307479411765,-84.68412135294118,-14.885402999999997,-26.421730029411766,-112.81691891176472,16.926035264705888,-70.46499220588235,-117.01516358823528,29.594407911764677,-49.44044594117647,-27.72727673529412,-0.9606754411764769,-59.51481923529411,-63.922223970588234,3.3761218823529475,-75.6787694117647,-85.1105975882353,34.22419735294113,-0.00024127608,-0.00013316711,-0.00038448325,-30.962332,-25.650942,-24.663574,-4.6333194,-63.027016,-15.348032,-49.49903,-85.34976,-13.18615,-27.508802,-113.505844,18.863443,-71.30635,-117.178085,33.119392,-49.549244,-27.790442,0.0038979808,-60.045773,-64.043724,5.243712,-76.20501,-84.668526,37.497746
0.0,0.0,0.0,-30.512044147058823,-25.299686823529413,-25.539589235294102,-3.6034764999999993,-62.2607950882353,-15.272889882352956,-48.40288747058823,-84.68616020588235,-15.155994117647083,-26.303198176470588,-112.77763691176472,16.851607500000057,-70.80969602941177,-116.94199020588235,29.630870235294083,-49.55497661764706,-27.714267470588233,-0.9971590588235131,-59.60018317647059,-63.866802705882364,3.2528679117647243,-75.73003438235294,-84.91711085294118,34.12949252941172,-0.00024729417,-0.00012733284,-0.0003836168,-30.955128,-25.64721,-24.665266,-4.6332946,-63.020878,-15.351041,-49.489613,-85.342865,-13.19846,-27.506514,-113.50125,18.843054,-71.295494,-117.183014,33.087215,-49.54775,-27.785152,-0.00422494,-60.044422,-64.04054,5.229529,-76.206345,-84.67808,37.47288
0.0,0.0,0.0,-30.807981676470586,-25.456129147058824,-25.44617341176462,-3.779858764705878,-62.549434705882355,-14.778706323529377,-49.020657,-84.84447497058824,-14.429092499999967,-26.7812354117647,-112.64570955882353,18.056014029411756,-71.76012361764705,-116.22553435294117,31.166763264705935,-49.76168144117647,-27.64957776470588,-0.8441197941176597,-59.95367861764706,-63.6319805,3.808093882352921,-76.11807123529411,-83.9749704117647,35.09048820588242,-0.00023269505,-0.0001500276,-0.00038938835,-30.931543,-25.65914,-24.67916,-4.5792933,-63.008415,-15.34835,-49.41351,-85.35916,-13.227983,-27.415691,-113.496666,18.818476,-71.21478,-117.21809,33.035812,-49.525177,-27.82329,-0.012226745,-59.98676,-64.080154,5.210856,-76.13055,-84.7237,37.4364
0.0,0.0,0.0,-32.06108344117647,-25.676194529411763,-26.05680585294124,-4.272048823529417,-63.48625329411764,-14.02048973529412,-51.19085211764706,-85.28240647058823,-12.873874529411808,-28.412111882352942,-112.65741894117647,21.428346558823478,-74.77088938235295,-113.85129579411765,35.662194617647,-50.39176947058824,-27.58374714705882,-0.16716629411763506,-61.09486591176471,-63.097522764705886,4.813982705882324,-77.21605597058824,-81.00086402941177,37.53451802941174,-0.00023993876,-0.00013035277,-0.00038428805,-30.989489,-25.649994,-24.653994,-4.6721225,-63.046017,-15.337166,-49.568504,-85.3546,-13.146027,-27.582518,-113.51905,18.919374,-71.39467,-117.16036,33.20866,-49.569225,-27.769838,0.0241998,-60.093452,-64.02068,5.2841535,-76.26975,-84.62388,37.57263
0.0,0.0,0.0,-32.49257214705882,-25.809733441176466,-26.19108749999998,-4.519686617647054,-63.87237917647059,-13.718713176470487,-52.01741547058823,-85.45500726470588,-12.204590647058808,-29.08299688235294,-112.61156511764706,22.849497205882415,-75.82149305882352,-112.82797044117648,37.5166599411765,-50.70420576470588,-27.54213182352941,-0.31474294117646195,-61.55245414705882,-62.873693970588235,5.101103088235391,-77.60909426470587,-79.82465411764706,38.565630823529375,-0.00023506672,-0.00013428906,-0.00038441332,-30.990149,-25.650503,-24.650885,-4.6718297,-63.044167,-15.339654,-49.565598,-85.35422,-13.143841,-27.576874,-113.516846,18.915545,-71.38648,-117.15829,33.20894,-49.566875,-27.772993,0.029655294,-60.088585,-64.0238,5.2886605,-76.25955,-84.62715,37.57509
0.0,0.0,0.0,-32.824444647058826,-25.865313852941178,-26.304261970588186,-4.6663334411764765,-64.15648344117648,-13.475465529411736,-52.703130794117655,-85.55954223529412,-11.940759970588147,-29.61120270588236,-112.57933614705883,23.727868500000056,-76.61752214705882,-112.02884811764706,38.88300467647059,-50.879701676470596,-27.527764882352944,-0.12090244117644033,-61.88606729411765,-62.712168000000005,5.319521882353001,-77.85845679411766,-78.91537288235295,39.4185388235295,-0.00022322129,-0.00014660438,-0.00038608073,-31.001862,-25.659128,-24.647757,-4.6650167,-63.054028,-15.335326,-49.574444,-85.36823,-13.121773,-27.567781,-113.52356,18.951315,-71.39341,-117.14671,33.2678,-49.566505,-27.788712,0.045379475,-60.082214,-64.0348,5.314343,-76.2419,-84.612144,37.618015
0.0,0.0,0.0,-32.3640595,-25.6400191875,-26.335384375000046,-4.197594312500009,-63.516582375,-13.906289937500048,-51.48048,-85.31471246875,-12.947833062500024,-28.23963059375,-112.50917053124999,21.795616343749998,-75.05694715625,-113.52368353125,36.27351859374994,-50.464925750000006,-27.58214378125,-0.20696925000004285,-61.1716439375,-63.06253496875,4.766956312499985,-77.15122809375,-80.630414625,37.87318318749999,-0.00024476534,-0.00012744899,-0.00038411762,-30.990286,-25.655895,-24.66033,-4.6584277,-63.053066,-15.334789,-49.563084,-85.36901,-13.144548,-27.566113,-113.53282,18.936026,-71.39043,-117.174065,33.230682,-49.570282,-27.780123,0.018955545,-60.087437,-64.03088,5.284552,-76.26044,-84.62777,37.586052
0.0,0.0,0.0,-30.701898718749998,-25.0127805,-26.118296687499992,-2.9590303124999977,-61.78208784374999,-15.611430249999955,-47.88161409375,-84.581889875,-16.345403593750007,-24.813786843749998,-112.62109240625,15.621461843750012,-70.21736353125,-117.72320965624999,28.092449124999973,-49.4293225625,-27.84686278125,-1.2363624999999843,-59.118988625,-64.1619788125,2.5038423750000334,-75.01161015625,-85.76524574999999,33.08360671874999,-0.00022651433,-0.00014897331,-0.00038697923,-30.950989,-25.658268,-24.662018,-4.609481,-63.02114,-15.354774,-49.46116,-85.35912,-13.193087,-27.461658,-113.50442,18.846525,-71.25622,-117.18983,33.10277,-49.532784,-27.813667,0.009183244,-60.010704,-64.069214,5.243336,-76.1537,-84.6958,37.487083
0.0,0.0,0.0,-26.13378652941177,-23.952864029411764,-24.830430029411787,-1.4857852941176546,-57.80073120588236,-18.194467705882346,-38.95594867647059,-81.8169329117647,-21.758394058823455,-18.283403294117647,-110.17238488235294,2.981833205882424,-57.10579267647059,-123.0664775,10.089900323529378,-46.484572029411765,-27.82564435294118,-2.6155826176469645,-54.34540267647059,-65.7637740882353,-2.413203441176506,-69.10509520588235,-95.4517070882353,21.517823970588324,-6.0926235e-05,6.525648e-05,-0.00037339336,-25.384415,-23.648289,-24.118647,-2.0600433,-56.35626,-18.80778,-36.576088,-80.66227,-22.270327,-17.1291,-108.64541,-0.21564925,-53.14051,-123.03869,6.2922697,-45.853203,-27.818306,-1.8458921,-52.9769,-65.82658,-2.5447123,-66.59553,-97.28985,19.723143
0.0,0.0,0.0,-24.661506656249998,-23.4079726875,-24.686645593749972,-0.9955218124999945,-56.169035781249995,-19.484884343750025,-35.75714562499999,-80.39336421875,-24.17121315625002,-15.91979109375,-108.764042875,-2.2155610000000365,-52.17282865625,-123.78180609375,2.8534983749999583,-45.454978749999995,-27.865566031249998,-3.264471843750016,-52.512471375,-66.1603269375,-4.7015618750000385,-66.54128684375,-98.41420575000001,16.179067531249984,-9.183471e-05,7.5584605e-05,-0.00037574745,-25.799006,-23.78891,-24.309078,-2.3385992,-56.965435,-18.54245,-37.742416,-81.1707,-21.693323,-18.291174,-109.2697,1.3470873,-55.09894,-122.9328,8.462657,-46.22938,-27.725048,-1.8713061,-53.752716,-65.65565,-2.054602,-67.858284,-96.31133,21.21891
0.0,0.0,0.0,-23.405254125000003,-23.223259937500004,-24.12202643750004,-1.128493812500004,-55.16607565625,-19.774313750000033,-33.41798665625,-79.253681625,-24.81701271875005,-14.836254531249999,-107.24252462499999,-5.054498593750054,-48.62512228125,-123.39163565624999,-1.4667492500000208,-44.568231,-27.65805796875,-3.2812127812500194,-51.229436937500004,-66.20070525,-5.614532375000067,-64.742412625,-100.01607709375,13.041100531249981,-6.892617e-05,6.3263884e-05,-0.00038042734,-24.803102,-23.518684,-24.10861,-1.9887896,-55.91386,-18.942976,-35.617958,-80.176094,-22.836973,-16.737358,-108.05919,-1.4410578,-51.99971,-122.91564,4.362401,-45.5481,-27.700123,-2.1719892,-52.52345,-65.78187,-3.267338,-66.10286,-97.78873,18.14996
0.0,0.0,0.0,-19.758577235294126,-21.530317794117646,-23.210947411764664,-0.6412599411764646,-50.34473585294116,-21.981829441176387,-25.691497470588242,-73.21984661764705,-29.95370670588227,-9.94589997058823,-100.06876132352942,-18.025633764705844,-36.73106164705882,-118.72589679411766,-20.28225711764702,-41.858524176470596,-26.91501744117647,-4.450927735294044,-46.487974735294124,-65.45679414705882,-11.32529402941168,-57.363372764705886,-103.57501555882352,-2.123662705882282,0.00030118428,-0.00016799734,-0.0003253912,-21.348219,-21.979391,-23.002697,-1.6327324,-51.528824,-20.804018,-28.559374,-75.10696,-27.32768,-12.210119,-102.3652,-13.161003,-41.123104,-120.86026,-12.602136,-43.110218,-26.957352,-3.0169847,-48.47832,-65.366684,-8.014885,-60.109787,-102.475914,5.3093576
0.0,0.0,0.0,-19.2407214375,-21.339360031249996,-22.981184187500048,-0.7385878125000005,-49.73855609375,-21.957672125000045,-24.814033656250004,-72.2987905625,-30.23621568750002,-9.60954234375,-98.85396321875,-19.31464968749998,-35.41160471875,-117.615848375,-22.24229062500001,-41.43799321875,-26.679810437500002,-4.430574500000034,-45.93268021875,-65.1623949375,-11.809218437500022,-56.474445343750006,-103.62013396875,-3.7689562812499844,0.00026968465,-0.00014928581,-0.00031608925,-21.317802,-21.971268,-23.05896,-1.629322,-51.539867,-20.792473,-28.55993,-75.0954,-27.366028,-12.258374,-102.352684,-13.134578,-41.18371,-120.808266,-12.627367,-43.12623,-26.922186,-3.119858,-48.50947,-65.32261,-8.106454,-60.1812,-102.39777,5.2247896
0.0,0.0,0.0,-19.319220093750005,-21.4178180625,-23.00650306250003,-0.8132409062500017,-49.88681375,-21.832507187500028,-24.985023187499998,-72.55624865625,-29.964400312500004,-9.823711749999994,-99.13580584374999,-18.833281593749973,-35.81374871875,-117.89947421874999,-21.49320990625,-41.5722488125,-26.71607103125,-4.3561020624999855,-46.11280534375,-65.19191490624999,-11.508173968749986,-56.7943433125,-103.51204753125,-3.1755629687500004,0.00026574693,-0.00014458415,-0.00031843028,-21.32394,-21.987852,-23.068567,-1.607748,-51.565716,-20.787685,-28.565964,-75.13656,-27.34922,-12.2439575,-102.39468,-13.077791,-41.1991,-120.8395,-12.543632,-43.12939,-26.943188,-3.1244576,-48.50675,-65.34469,-8.092618,-60.17945,-102.39514,5.2802258
0.0,0.0,0.0,-20.73674938235294,-22.172600147058823,-23.464094264705864,-1.1657657941176467,-51.87308649999999,-21.06453755882353,-27.850049499999997,-75.38344588235294,-28.014929441176434,-12.006895499999999,-102.62942885294116,-13.66343605882355,-40.71229517647058,-120.84386147058824,-13.831434382352938,-42.86531152941176,-27.111438500000002,-3.929174117647051,-48.17985638235294,-65.67148914705882,-9.22502591176476,-60.12067479411765,-102.64108505882353,3.535570941176445,0.00023185901,-8.302073e-05,-0.00037957728,-22.12947,-22.281666,-23.111563,-1.9153714,-52.436687,-20.432995,-30.132137,-76.17773,-26.2778,-13.301561,-103.622406,-10.797878,-43.3986,-121.578735,-9.060615,-43.644466,-27.03175,-2.6528256,-49.427216,-65.454796,-6.8071284,-61.470158,-101.74952,8.275819
0.0,0.0,0.0,-21.173336562499998,-22.493194781249997,-23.45825503125002,-1.4064119062499998,-52.5855469375,-20.61827096875004,-28.85409453125,-76.262739875,-27.00026434375002,-12.940124249999997,-103.58076462499999,-11.648078000000055,-42.3997569375,-121.45172459375,-10.962856281250026,-43.234666499999996,-27.14222246875,-3.7609825000000114,-48.8735235625,-65.73567962499999,-8.203849875000003,-61.24848378125,-102.1104590625,5.8972014062499625,0.000185518,-4.452555e-05,-0.00039598392,-22.43215,-22.408949,-23.208239,-1.9450569,-52.8193,-20.275633,-30.737877,-76.632706,-25.908857,-13.677562,-104.161415,-9.80769,-44.32257,-121.863,-7.6308928,-43.862965,-27.089334,-2.582853,-49.7854,-65.50291,-6.39947,-62.001934,-101.423096,9.400508
0.0,0.0,0.0,-21.410516406250004,-22.4663359375,-23.661167156249974,-1.3004819375000025,-52.6812415,-20.674776124999994,-29.189404781250005,-76.47137971875,-27.17404371875,-12.986430281250001,-103.9777266875,-11.362694812499967,-42.94331853125001,-121.76221971875,-10.510426499999994,-43.429900718750005,-27.22118059375,-3.846387875000005,-49.08524290625,-65.77835384375,-8.250884937499961,-61.5541403125,-101.98493943749999,6.201698375000035,0.0003117761,-0.00017265051,-0.000339718,-21.509842,-22.021416,-22.957006,-1.8169966,-51.692074,-20.725317,-28.94297,-75.239075,-27.046408,-12.596024,-102.524315,-12.722936,-41.649075,-120.859116,-11.915636,-43.213272,-26.907356,-2.870992,-48.722485,-65.31497,-7.708427,-60.45356,-102.25775,5.9049597
0.0,0.0,0.0,-21.980736937499998,-22.68877228125,-23.852172812500044,-1.4126415937499956,-53.39622403125,-20.292429000000027,-30.435934781249998,-77.3799448125,-26.35781856250003,-13.885542281249997,-105.07183290625001,-9.266815218750025,-44.975554125,-122.39873753125,-7.474215500000014,-43.8981710625,-27.29989840625,-3.5923080937500345,-49.8898504375,-65.82318084375001,-7.344037093750046,-62.78074903125,-101.29228409375,8.724730437499943,0.00023034879,-0.00010051948,-0.00034512114,-21.624687,-22.160202,-23.121428,-1.633966,-51.98078,-20.628147,-29.139404,-75.67753,-26.896269,-12.575113,-103.00478,-12.026264,-42.051872,-121.24978,-10.969465,-43.323536,-27.05303,-2.9825375,-48.826893,-65.473114,-7.580729,-60.652927,-102.16947,6.5734653
0.0,0.0,0.0,-22.347166617647055,-22.94923838235294,-23.826757088235297,-1.6037346470588218,-53.94366676470588,-19.98008558823534,-31.29441855882353,-77.988075,-25.56376202941175,-14.661764470588231,-105.69972820588234,-7.677751470588191,-46.366485705882354,-122.66046447058822,-5.176693264705875,-44.17251461764705,-27.321450441176474,-3.3800777352942077,-50.44216526470588,-65.816369,-6.555868588235285,-63.65708305882353,-100.65989591176469,10.44695955882355,0.00011992917,-8.010953e-06,-0.00038843826,-22.517399,-22.532013,-23.410694,-1.7379003,-53.092026,-20.181112,-30.94122,-76.99876,-25.813622,-13.713633,-104.54514,-9.122669,-44.809395,-122.0033,-6.7396383,-43.95938,-27.22201,-2.762555,-49.88412,-65.59993,-6.377691,-62.222885,-101.12821,9.877049
0.0,0.0,0.0,-22.573272531249994,-22.962334593750004,-23.987109218749993,-1.5276150312499936,-54.09569653125,-19.981842093750004,-31.70419865624999,-78.20503640625,-25.594558750000033,-14.818979749999997,-106.06434053125,-7.338524906250029,-46.98359249999999,-122.85829521875,-4.578756343750001,-44.33828965624999,-27.37718365625,-3.433728218749991,-50.673694999999995,-65.83728149999999,-6.514280343749988,-63.98714537499999,-100.45880896874999,10.870365062500014,-1.2508317e-05,6.226772e-05,-0.0003925964,-23.293262,-22.914288,-23.730389,-1.7851558,-54.158897,-19.685682,-32.594673,-78.23415,-24.754848,-14.823764,-105.90616,-6.230372,-47.478287,-122.465866,-2.639243,-44.54382,-27.386202,-2.6591423,-50.858143,-65.67647,-5.3163667,-63.720222,-99.91598,12.897761
0.0,0.0,0.0,-23.379227125,-23.29721971875,-24.093259812499923,-1.7344653749999992,-55.072157125000004,-19.346336312499943,-33.52506865625,-79.266254875,-24.26846303124995,-16.154274031249997,-107.2812553125,-4.373099218749985,-49.7780614375,-123.1335913125,-0.3928507499999796,-44.92246928125,-27.40124690625,-3.1294086249999395,-51.75446575,-65.7434120625,-5.193700624999963,-65.6120856875,-99.16820246875001,14.146504499999992,-1.10084075e-05,5.946819e-05,-0.00039192045,-23.364532,-22.93264,-23.738966,-1.7788892,-54.203857,-19.648409,-32.69131,-78.31022,-24.691477,-14.838769,-105.98605,-6.0694423,-47.601498,-122.54696,-2.4030788,-44.5869,-27.405373,-2.612344,-50.909927,-65.69365,-5.214728,-63.779583,-99.89445,13.1237955
0.0,0.0,0.0,-23.56619923529411,-23.332630529411766,-24.098204735294075,-1.7212463235294067,-55.2384614117647,-19.310609735294065,-33.910949411764705,-79.42980494117647,-24.16748035294114,-16.34844876470588,-107.53371179411764,-3.9594699999999534,-50.30875964705882,-123.19805814705882,0.2548972941177112,-45.058506823529406,-27.42877926470588,-3.1401189117647164,-51.9562914117647,-65.74745897058824,-5.033249735294078,-65.89313917647058,-98.93364144117646,14.615006411764739,-5.5936667e-05,6.797431e-05,-0.00038637203,-24.115196,-23.22125,-23.856297,-1.940743,-55.020943,-19.25035,-34.15269,-79.234695,-23.694029,-15.780605,-106.99991,-3.7664857,-49.756065,-122.83279,0.98272055,-45.07289,-27.530443,-2.2727468,-51.725693,-65.734604,-4.110644,-64.92388,-98.936935,15.772838
0.0,0.0,0.0,-23.524047031249992,-23.34905640625,-24.05768587500006,-1.7211345312499944,-55.2263701875,-19.259644562500057,-33.858065812499994,-79.38630996875,-24.128053531249975,-16.31034328125,-107.46639615625,-3.970399000000043,-50.21066165625,-123.158464625,0.19370643749994088,-45.010602937499996,-27.406883999999998,-3.099033406249987,-51.91882409375,-65.73460578125,-5.007456875000003,-65.84521824999999,-98.97015265625001,14.572621218749987,-3.260943e-05,7.509715e-05,-0.0003994172,-23.609285,-23.010748,-23.775518,-1.8992586,-54.481937,-19.535097,-33.23545,-78.588356,-24.37191,-15.28332,-106.32049,-5.341253,-48.426846,-122.61254,-1.3182285,-44.75643,-27.401428,-2.5132973,-51.238388,-65.667534,-4.8705993,-64.267876,-99.54022,13.967822
0.0,0.0,0.0,-21.563925750000003,-22.4946909375,-23.723129406250052,-1.1769394687500068,-52.829726031250004,-20.49164496875005,-29.572368812500002,-76.60260112499999,-27.06848531250006,-13.038899281250004,-104.17089596875,-10.89478500000007,-43.54620653125,-121.94214584375,-9.856495000000052,-43.53267734375,-27.22029009375,-3.8001795312500235,-49.267545312500005,-65.75217396875,-8.02083309375007,-61.8331264375,-101.77555878125,6.78927699999997,-8.045293e-05,8.435903e-05,-0.00038299165,-24.307695,-23.27023,-24.028692,-1.9463568,-55.293053,-19.211485,-34.65614,-79.47389,-23.590849,-16.173754,-107.326385,-3.152123,-50.608513,-122.785484,1.846494,-45.249943,-27.536343,-2.3919523,-52.03811,-65.684494,-4.0493236,-65.43279,-98.48255,16.264528
0.0,0.0,0.0,-20.87665464705882,-22.145739352941177,-23.627970058823564,-1.0027095294117672,-51.91102005882353,-20.94253900000001,-28.098356205882347,-75.43675888235295,-28.114983882352988,-11.955057911764705,-102.7812945,-13.38150467647057,-41.22116888235294,-121.05968373529412,-13.494810147058843,-42.99948338235294,-27.101381911764705,-3.934323382352943,-48.331069382352936,-65.61362691176471,-9.174128647058865,-60.35354226470588,-102.4661120882353,3.8974331470587913,-5.1076015e-05,6.846481e-05,-0.00039757538,-24.474482,-23.356478,-23.962578,-2.055479,-55.475243,-19.118034,-34.95879,-79.70014,-23.25115,-16.390951,-107.55329,-2.6371102,-50.983795,-122.92165,2.676902,-45.3252,-27.56962,-2.1890132,-52.192932,-65.73234,-3.6530344,-65.62142,-98.37315,17.0189
0.0,0.0,0.0,-19.429369,-21.43257488235294,-23.211388970588246,-0.8075459117647057,-49.98216282352941,-21.54076064705879,-25.204458264705885,-72.75742723529412,-29.874719852941155,-10.076420705882356,-99.4382048235294,-18.173436735294104,-36.652837911764706,-118.43419358823529,-20.569903176470575,-41.92633091176471,-26.696542647058823,-4.320836647058854,-46.471442205882354,-65.04914876470588,-11.260457705882288,-57.37195173529412,-103.24235802941175,-2.1562678823529495,0.00015576158,-2.4552362e-05,-0.00039153683,-22.367348,-22.421194,-23.278318,-1.9008965,-52.853603,-20.262205,-30.697035,-76.66491,-25.96217,-13.70595,-104.195244,-9.762017,-44.373837,-121.866325,-7.644273,-43.86024,-27.082846,-2.7174742,-49.79052,-65.49967,-6.519484,-62.075756,-101.380516,9.299907
0.0,0.0,0.0,-19.128527125000005,-21.290039781249998,-23.06569384375001,-0.7765053125000065,-49.55184328125,-21.70525065625003,-24.638229031250003,-72.1505816875,-30.249189281249983,-9.714486000000008,-98.68933403125,-19.14998621875003,-35.73314821875,-117.7496419375,-21.99527928125002,-41.68031740625,-26.601961468749998,-4.44622615625002,-46.0835148125,-64.90013181249999,-11.719559625000045,-56.74115925,-103.28631881250001,-3.424013000000002,0.00025406296,-0.00010226264,-0.0003796451,-22.05872,-22.266945,-23.06286,-1.8942947,-52.345985,-20.473131,-29.962055,-76.07915,-26.333,-13.166248,-103.489456,-11.025955,-43.114887,-121.496216,-9.361815,-43.573677,-27.047176,-2.6288035,-49.303223,-65.46915,-6.865703,-61.269012,-101.83484,8.037105
0.0,0.0,0.0,-18.84344188235294,-21.13173711764706,-22.958548970588197,-0.7254018529411752,-49.12350529411764,-21.829211029411738,-24.083578205882354,-71.5326354117647,-30.6399715,-9.341857676470582,-97.92628570588236,-20.19669102941174,-34.83387026470588,-117.08061411764707,-23.46032358823527,-41.43059282352941,-26.493571529411767,-4.5157587058823765,-45.71563155882353,-64.73937805882353,-12.227560558823484,-56.097955647058825,-103.35027708823532,-4.716787794117693,0.00015741703,-2.85309e-05,-0.000389353,-22.355715,-22.41803,-23.289017,-1.8529305,-52.82182,-20.268715,-30.629997,-76.6503,-25.999937,-13.603569,-104.16516,-9.810715,-44.269634,-121.86128,-7.7167807,-43.846912,-27.10555,-2.7266648,-49.737988,-65.51349,-6.5515485,-61.983097,-101.401306,9.234582
0.0,0.0,0.0,-18.451640411764693,-20.91195926470588,-22.739726205882334,-0.764749970588241,-48.56014897058823,-22.010464911764757,-23.44237711764705,-70.64624123529413,-30.996197058823554,-9.072648999999984,-96.86557758823528,-21.45570120588235,-33.76437079411764,-115.94080655882354,-25.34529932352939,-41.09892105882352,-26.285604970588235,-4.62377297058822,-45.24891149999999,-64.41916408823529,-12.807780529411787,-55.359211705882345,-103.2524405882353,-6.380494147058869,0.00026731234,-0.00014485711,-0.00032071324,-21.355204,-21.997622,-23.061487,-1.6317735,-51.595936,-20.774136,-28.62908,-75.16895,-27.2999,-12.295463,-102.43272,-12.99638,-41.281883,-120.858444,-12.4138565,-43.147594,-26.941322,-3.0966213,-48.544373,-65.34431,-8.034603,-60.229866,-102.36933,5.3972874
0.0,0.0,0.0,-18.41417909375,-20.8498204375,-22.751588000000027,-0.7292482500000048,-48.4670489375,-22.05830003125004,-23.344869718750004,-70.5285448125,-31.13358718750004,-8.968953406250002,-96.7228426875,-21.724376781250044,-33.58306721875,-115.84503559374998,-25.631300968749997,-41.077039,-26.291095750000004,-4.677714468750025,-45.175358468750005,-64.397053,-12.917313781250073,-55.230471468750004,-103.26203937499999,-6.698098281249997,0.00026888587,-0.00014389888,-0.00032403064,-21.381786,-22.014713,-23.061638,-1.6283226,-51.62966,-20.765835,-28.67068,-75.21871,-27.260818,-12.307138,-102.486786,-12.914452,-41.335953,-120.90034,-12.280719,-43.159897,-26.958723,-3.0761688,-48.561836,-65.36435,-7.9853454,-60.251743,-102.36134,5.5106916
0.0,0.0,0.0,-18.524612852941168,-20.90421638235294,-22.837743470588293,-0.7290900294117648,-48.58609826470588,-22.013032735294075,-23.522221499999993,-70.73838467647059,-31.056864088235272,-9.096203323529409,-97.01766417647059,-21.356851823529382,-33.981179941176464,-116.15071088235293,-25.15617832352939,-41.20995614705882,-26.307397970588237,-4.6219303823529,-45.357150852941174,-64.41207370588235,-12.795921823529454,-55.5222349117647,-103.22872702941177,-6.1720635882352894,0.00025115343,-0.00012862645,-0.00033030382,-21.49261,-22.069538,-23.0764,-1.6978159,-51.787212,-20.688442,-28.928556,-75.39135,-27.063692,-12.5332775,-102.681046,-12.498803,-41.732254,-120.98988,-11.677887,-43.24601,-26.953856,-3.0290039,-48.730442,-65.36287,-7.787065,-60.506798,-102.214424,5.9991283
0.0,0.0,0.0,-20.161164588235295,-21.70012667647059,-23.723823117646987,-0.9788452941176473,-50.72666076470588,-20.971859147058808,-26.594527411764698,-74.13937111764706,-29.0377887352941,-11.352996205882341,-101.23358879411764,-15.239279352941082,-39.845876852941174,-120.26416517647058,-16.179757499999994,-42.887335617647054,-26.749288411764702,-4.208348794117626,-47.78231970588235,-65.00724129411765,-10.169073588235221,-59.50590520588235,-102.36928814705881,1.8402307058823908,0.0002077948,-9.4634495e-05,-0.0003402912,-21.622568,-22.167585,-23.125303,-1.7592673,-52.037716,-20.565115,-29.265139,-75.684555,-26.790733,-12.841088,-103.00111,-11.854117,-42.30525,-121.16391,-10.775071,-43.36246,-26.963587,-3.0104659,-48.959476,-65.384636,-7.5357423,-60.886566,-102.011345,6.6975927
0.0,0.0,0.0,-21.007843156249997,-22.332143125,-23.753438125000002,-1.4837440625000013,-52.129482,-20.057405468750062,-28.512996031249997,-75.91739559375,-27.130503781250013,-13.119409031250001,-103.12480006249999,-11.343630781249999,-43.077967656249996,-121.51419896874998,-10.673298968750032,-43.54581746875,-26.84169125,-3.772738468749992,-49.0799283125,-65.22573246875001,-8.179460531250015,-61.6211925,-101.4310893125,6.422192499999994,0.00020773883,-9.484684e-05,-0.00033800397,-21.601007,-22.157799,-23.126194,-1.7559843,-52.017063,-20.574282,-29.231644,-75.65592,-26.821257,-12.826904,-102.970856,-11.913206,-42.262268,-121.14417,-10.869663,-43.351086,-26.955885,-3.0282047,-48.943058,-65.37749,-7.573728,-60.868538,-102.02557,6.615779
0.0,0.0,0.0,-21.507513705882346,-22.2295375,-24.210554294117628,-1.2440417352941182,-52.28233247058824,-20.349096823529464,-29.140046999999996,-76.30400138235294,-27.590201823529412,-13.15573105882352,-103.8156979117647,-11.04857050000004,-44.09914955882353,-122.0813278235294,-10.024452617647114,-43.878411735294115,-27.010260500000005,-3.922540911764713,-49.42437455882353,-65.33664288235295,-8.415771411764695,-62.10898226470588,-101.24789655882351,6.864320705882335,0.0002022631,-8.812627e-05,-0.00034212775,-21.622988,-22.189737,-23.135813,-1.7404966,-52.075623,-20.552612,-29.274963,-75.73955,-26.764435,-12.842979,-103.05849,-11.77559,-42.337013,-121.212875,-10.670237,-43.365974,-26.982643,-3.0225694,-48.96407,-65.4107,-7.5187516,-60.906887,-102.015274,6.769435
0.0,0.0,0.0,-22.594766500000002,-22.6141105625,-24.551871500000004,-1.4362705937500024,-53.452527125,-19.726643593749998,-31.321836937500002,-77.8190488125,-26.267838593749957,-14.699075562500006,-105.57092278125,-7.503341687499983,-47.8014531875,-122.99267171875002,-4.864569749999987,-44.6653843125,-27.11518225,-3.600427781250005,-50.775468781250005,-65.3893158125,-6.918566749999968,-64.18638275,-99.85315475000002,10.965255687500076,0.00016983616,-4.0250743e-05,-0.00039535415,-22.47126,-22.4603,-23.256382,-1.8876967,-52.90912,-20.226665,-30.802017,-76.76803,-25.831577,-13.675965,-104.28495,-9.543121,-44.46033,-121.925064,-7.268388,-43.89535,-27.139112,-2.602362,-49.812717,-65.5428,-6.335338,-62.049587,-101.33359,9.639619
0.0,0.0,0.0,-23.24066023529412,-23.039869588235295,-24.607738676470547,-1.7933740000000071,-54.412109882352944,-18.84092438235291,-32.85435814705882,-78.85338229411765,-24.71788191176472,-16.046838176470587,-106.48377,-4.458454794117586,-50.350109147058824,-123.13746632352941,-0.6522583529411463,-45.1563965,-27.076854823529413,-3.248519882352923,-51.728014264705884,-65.31285520588234,-5.432501294117571,-65.6340854117647,-98.57722897058824,14.305562735294131,5.1766227e-05,2.5089023e-05,-0.00039622321,-23.109236,-22.807976,-23.584974,-1.8125639,-53.83626,-19.815355,-32.13318,-77.88758,-24.989328,-14.475868,-105.51025,-7.0530353,-46.648857,-122.403694,-3.757466,-44.380966,-27.33906,-2.5854423,-50.57878,-65.66926,-5.50071,-63.2437,-100.33799,12.1784525
0.0,0.0,0.0,-23.604173375000006,-22.9731213125,-24.892144156250026,-1.596832437499998,-54.5060355625,-18.990797875,-33.35622946875,-79.0644935625,-25.03129762499998,-16.041846093750003,-106.87069659375,-4.2150029062499925,-51.182403625000006,-123.39490909374999,-0.1303824374999749,-45.386386593750004,-27.17977740625,-3.311721718749993,-51.96037771875,-65.33408725,-5.543647593749995,-65.93446853125,-98.30648537500001,14.635513437500038,0.00015734445,-2.6784866e-05,-0.00039025582,-22.29427,-22.413517,-23.28005,-1.8544416,-52.804676,-20.292412,-30.561022,-76.6086,-26.03737,-13.608366,-104.12249,-9.910733,-44.19367,-121.80764,-7.872897,-43.810455,-27.096592,-2.766544,-49.701447,-65.51068,-6.625941,-61.95722,-101.42199,9.071212
0.0,0.0,0.0,-25.006725843749997,-23.44038959375,-25.277222718749954,-1.8932556875000017,-55.94626,-17.87222374999999,-36.2466495625,-80.571544125,-23.15367409374994,-18.026139531249996,-108.28043450000001,0.4472075000000473,-55.80903940625,-123.19084978125001,6.483006656250041,-46.315454125,-27.19672703125,-2.8834609687500006,-53.597157375,-65.0828540625,-3.6145666874999733,-68.2634769375,-95.78723809375,19.553307656250013,-6.98168e-05,6.489414e-05,-0.00037562317,-24.584599,-23.389456,-23.976702,-2.0169792,-55.544907,-19.03491,-35.094482,-79.7962,-23.128729,-16.379927,-107.63437,-2.3398461,-51.147556,-122.932846,3.0669415,-45.39003,-27.606419,-2.134218,-52.250175,-65.74051,-3.505994,-65.663414,-98.2702,17.33261
0.0,0.0,0.0,-25.38911573529412,-23.467648058823528,-25.439706970588247,-1.8518748529411653,-56.19982314705882,-17.828768441176464,-36.950917970588236,-80.86597094117646,-23.041958794117647,-18.354987794117648,-108.62339994117649,1.23974785294115,-56.92023517647059,-123.15997605882353,7.751699205882346,-46.579929382352944,-27.223472382352945,-2.9346671470588035,-53.95504855882353,-65.03794155882353,-3.3845330588234788,-68.7671475,-95.18784076470588,20.30812435294115,-1.4075282e-05,5.140339e-05,-0.00038652142,-23.518797,-23.005793,-23.705559,-1.8214169,-54.350025,-19.536253,-32.93875,-78.50588,-24.4171,-14.963684,-106.170845,-5.590201,-47.917206,-122.65436,-1.6901367,-44.666718,-27.441732,-2.4656336,-51.035465,-65.726494,-4.8974385,-63.92544,-99.78009,13.749936
0.0,0.0,0.0,-25.784655812499995,-23.608910125000005,-25.583515281250072,-1.9589275312499979,-56.61754146875,-17.441347156250117,-37.798623375,-81.26041659375001,-22.39193343750003,-18.92265884375,-108.92597199999999,2.68866628124988,-58.232725437499994,-122.89539325,9.72196190624993,-46.8364956875,-27.2071253125,-2.822365843750049,-54.430010374999995,-64.94086153125001,-2.779634562500064,-69.38033521874999,-94.341478375,21.757162093749912,-9.466419e-05,6.420658e-05,-0.0003674042,-25.712933,-23.832277,-24.23497,-2.2608752,-56.913612,-18.504232,-37.48448,-81.18385,-21.632772,-18.030344,-109.20245,1.2941622,-54.687946,-122.998726,8.369601,-46.137547,-27.798328,-1.8031846,-53.561783,-65.75355,-1.9947027,-67.55833,-96.501785,21.198214
0.0,0.0,0.0,-26.602499875,-23.817333281249997,-25.57316962499999,-1.9370263124999951,-57.479001249999996,-17.06574246874993,-39.582973124999995,-81.87296771875,-21.556496624999966,-19.775648750000002,-109.7071218125,4.688435468750015,-60.3156725625,-122.42126412500001,12.557604875000038,-47.218390031249996,-27.336267,-2.55244725,-55.2121090625,-64.85702390624999,-1.8925170312500086,-70.3605538125,-93.16546296874999,23.710339625000074,-7.577498e-05,7.072432e-05,-0.00038186501,-24.854074,-23.50312,-24.095028,-2.0670705,-55.925407,-18.919338,-35.733227,-80.168175,-22.793,-16.862423,-108.070854,-1.387282,-52.14996,-122.928055,4.441022,-45.591045,-27.648335,-2.1324418,-52.616737,-65.73183,-3.200843,-66.23041,-97.75079,18.264448
0.0,0.0,0.0,-26.529894411764708,-23.850612735294117,-25.35119173529415,-1.9350493529411779,-57.55834623529411,-17.239811705882403,-39.55392023529412,-81.80638511764705,-21.48341111764705,-19.67383426470589,-109.79050673529413,4.4148109411764835,-59.866364852941174,-122.46357755882352,12.145804911764742,-47.065577205882356,-27.402407,-2.5283975882352934,-55.08085041176471,-64.96777564705882,-1.8392066176470507,-70.19515020588236,-93.5257354117647,23.39663329411769,-8.382777e-05,7.3481046e-05,-0.00038089036,-25.08398,-23.582987,-24.148754,-2.1428246,-56.200306,-18.810772,-36.24284,-80.432495,-22.496292,-17.24869,-108.379776,-0.662665,-52.916264,-122.92779,5.492955,-45.75094,-27.664677,-2.0714304,-52.910416,-65.71193,-2.9034817,-66.66382,-97.37542,19.03227
0.0,0.0,0.0,-26.1980604375,-23.96046865625,-24.84320150000002,-1.9313290312500015,-57.72176675,-17.824526750000018,-39.2168919375,-81.75257553125,-21.414841500000023,-19.392092999999996,-110.055884375,3.54787081249998,-58.40930946875,-122.64745862500001,10.923752968749966,-46.662303281250004,-27.588925968749997,-2.477485531250011,-54.662488843750005,-65.34316256250001,-1.9890468437500317,-69.69500903125001,-94.58061678125,22.461827406249938,-8.481159e-05,6.981308e-05,-0.00037243334,-25.236252,-23.642017,-24.153986,-2.0634727,-56.313694,-18.774529,-36.407444,-80.59916,-22.341496,-17.166742,-108.544174,-0.30791152,-53.052975,-122.976585,6.0506926,-45.806206,-27.770016,-1.9712507,-52.932922,-65.7886,-2.6983807,-66.620514,-97.28382,19.469927
0.0,0.0,0.0,-26.090873031250002,-24.007093937499995,-24.685866250000004,-1.940518187500004,-57.7848193125,-17.941840187499963,-39.10040678125,-81.77713575,-21.355553562500006,-19.334989843749995,-110.15674984375,3.3797626874999764,-57.983686937499996,-122.72215321875,10.668573406250005,-46.51818365625,-27.664850781249996,-2.3417157812500022,-54.535724125,-65.4774119375,-1.994081406250018,-69.5496911875,-94.880074375,22.279603093749984,-8.9341636e-05,6.8724155e-05,-0.00037092718,-25.410883,-23.724768,-24.208895,-2.1012516,-56.558533,-18.675373,-36.8062,-80.84736,-22.084887,-17.46705,-108.81874,0.3360666,-53.67602,-122.9848,6.972926,-45.93041,-27.802027,-1.9388252,-53.15842,-65.791725,-2.4565403,-66.96586,-96.96731,20.122656
0.0,0.0,0.0,-25.993678470588225,-24.06669014705882,-24.517633823529366,-1.9900679705882283,-57.886235294117654,-18.009490058823474,-39.0419145,-81.82885852941176,-21.191880205882285,-19.370511176470586,-110.25731517647058,3.3689225294118046,-57.61831873529411,-122.7564781764706,10.706059205882354,-46.389811617647055,-27.711397352941177,-2.2827067941176438,-54.460535617647054,-65.58455635294118,-1.9517229705882642,-69.47392529411765,-95.0916005,22.193713941176497,-9.182192e-05,6.872353e-05,-0.00035021285,-25.619463,-23.737022,-24.153093,-2.1337504,-56.62592,-18.641829,-37.06859,-80.93883,-21.919985,-17.492092,-108.94317,0.5734705,-53.88906,-123.06451,7.395934,-46.018993,-27.830885,-1.7578117,-53.265636,-65.80645,-2.1896737,-67.01806,-96.938484,20.569225
0.0,0.0,0.0,-25.694286468749997,-24.147379468750003,-24.168884343749994,-2.0884225312499964,-58.03881584375001,-18.475727156249945,-38.771863062499996,-81.92246440625,-21.113564562500017,-19.32273471875,-110.5116,2.9378737187499837,-56.5478373125,-122.90916559375,10.23756509375005,-46.05723840624999,-27.852917187500005,-2.4010554062499523,-54.18461946875,-65.8970186875,-2.1388902500000313,-69.13753503125,-95.77944443749999,21.649399687500022,-4.663499e-05,4.704491e-05,-0.0003477444,-25.310795,-23.482658,-23.905172,-2.0497918,-55.916615,-18.927954,-36.104168,-80.22787,-22.549091,-16.56272,-108.188416,-1.2109076,-52.14027,-123.06824,4.9465017,-45.713585,-27.774956,-1.625012,-52.65343,-65.810974,-2.644807,-65.945015,-97.87525,18.992193
0.0,0.0,0.0,-25.650956531250003,-24.20245340625,-24.07158093749996,-2.1811471875000024,-58.133957781250004,-18.547536968749966,-38.8006965625,-81.98257218750001,-20.94745740625001,-19.449962437499998,-110.58489328125,2.9941081874999895,-56.43484678125,-122.88459568750001,10.373278468750073,-45.998745187500006,-27.875898343750002,-2.3919010937499934,-54.16230015625,-65.96043374999999,-2.057415062499956,-69.13858396875,-95.8511266875,21.724915437500044,-7.742238e-05,6.088667e-05,-0.00037140254,-25.612211,-23.806059,-24.225899,-2.1553607,-56.794964,-18.593521,-37.219574,-81.08856,-21.80001,-17.741003,-109.089836,0.9502672,-54.249603,-123.0027,7.89762,-46.050087,-27.84262,-1.8498079,-53.37402,-65.807846,-2.1627114,-67.26194,-96.69133,20.814682
