true_point_0_x,true_point_0_y,true_point_0_z,true_point_1_x,true_point_1_y,true_point_1_z,true_point_2_x,true_point_2_y,true_point_2_z,true_point_3_x,true_point_3_y,true_point_3_z,true_point_4_x,true_point_4_y,true_point_4_z,true_point_5_x,true_point_5_y,true_point_5_z,true_point_6_x,true_point_6_y,true_point_6_z,true_point_7_x,true_point_7_y,true_point_7_z,true_point_8_x,true_point_8_y,true_point_8_z,pred_point_0_x,pred_point_0_y,pred_point_0_z,pred_point_1_x,pred_point_1_y,pred_point_1_z,pred_point_2_x,pred_point_2_y,pred_point_2_z,pred_point_3_x,pred_point_3_y,pred_point_3_z,pred_point_4_x,pred_point_4_y,pred_point_4_z,pred_point_5_x,pred_point_5_y,pred_point_5_z,pred_point_6_x,pred_point_6_y,pred_point_6_z,pred_point_7_x,pred_point_7_y,pred_point_7_z,pred_point_8_x,pred_point_8_y,pred_point_8_z
0.0,0.0,0.0,-12.031481687499998,-18.298646125000005,-21.336225312500005,1.147051312500004,-42.159076375000005,-22.46702381250003,-13.725378999999997,-60.7526975,-34.960538812499976,-2.5957748749999965,-82.921250125,-32.805806937499995,-17.702408499999997,-99.76536175,-43.588800375000005,-36.232974875,-23.657423375,-8.42169368750001,-37.9498643125,-60.46261456250001,-20.997287750000055,-43.2868713125,-99.0505075625,-27.724708312500013,0.0007883266,-0.0022975637,-0.00012683599,-11.480888,-18.58987,-21.409761,1.7064703,-42.524906,-21.99384,-12.767993,-61.236385,-34.40957,-1.8445808,-83.31755,-31.596428,-16.78296,-100.13699,-42.450195,-36.062363,-23.847157,-8.967893,-37.448105,-60.696877,-21.026728,-42.71025,-99.15072,-27.359447
0.0,0.0,0.0,-11.882419941176472,-17.926319882352946,-21.4429679705882,1.4935373235294165,-41.51968114705882,-22.88866299999995,-13.146641088235292,-59.88213870588237,-35.839998970588226,-1.7940697647058812,-81.94253655882353,-34.11776652941177,-16.65775055882353,-98.67043247058824,-45.366113088235295,-36.10170955882353,-23.638792852941176,-8.771870411764723,-37.441420735294116,-60.12942585294118,-22.01459647058823,-42.33759211764706,-98.598429,-29.627622735294096,0.0007700259,-0.0022887057,-0.00011594991,-11.500321,-18.530766,-21.435537,1.7288561,-42.44644,-22.076025,-12.750038,-61.14032,-34.549194,-1.7741915,-83.24115,-31.799511,-16.72259,-100.07565,-42.695034,-36.074738,-23.841085,-8.992291,-37.42901,-60.66222,-21.142767,-42.65427,-99.14339,-27.563744
0.0,0.0,0.0,-12.020126566666661,-18.252566466666664,-21.353686533333303,1.18360890000001,-42.078781899999996,-22.542781600000012,-13.662549133333329,-60.633393466666675,-35.094900533333316,-2.5019010666666546,-82.78545659999997,-33.01615810000004,-17.57433613333333,-99.5998463,-43.86413476666672,-36.217799299999996,-23.663111033333337,-8.461786866666671,-37.88968676666666,-60.42161916666667,-21.138993266666603,-43.16433563333333,-98.99095829999999,-27.991065400000025,0.0008037209,-0.0022999982,-0.00013132006,-11.50802,-18.610994,-21.410759,1.6794609,-42.56652,-21.972055,-12.837285,-61.292885,-34.36546,-1.9228824,-83.38287,-31.505096,-16.907913,-100.19719,-42.327686,-36.084835,-23.847628,-8.94544,-37.50494,-60.707703,-20.966034,-42.81434,-99.14753,-27.233232
0.0,0.0,0.0,-11.918409687500002,-18.0129770625,-21.410966874999986,1.4136489999999995,-41.6718210625,-22.77168087499996,-13.279589718750003,-60.088848124999984,-35.608013093749946,-1.9830515625000018,-82.17650199999999,-33.78759284374996,-16.90350625,-98.93643268749999,-44.922808499999974,-36.132068718750006,-23.64281365625,-8.678995031249997,-37.5606194375,-60.211178687499995,-21.75667481249991,-42.559652625,-98.70981396875,-29.14978412499994,0.0007661347,-0.002311563,-8.322233e-05,-11.56448,-18.367634,-21.490282,1.8245144,-42.187164,-22.351643,-12.64691,-60.84859,-34.963802,-1.4506468,-82.97,-32.46513,-16.390995,-99.8749,-43.44777,-36.066257,-23.886179,-9.007533,-37.27929,-60.619198,-21.441092,-42.29835,-99.17986,-28.1419
0.0,0.0,0.0,-11.957009666666671,-18.077012866666664,-21.396305399999903,1.3389875666666597,-41.7875508,-22.707158466666613,-13.41240320000001,-60.26130363333334,-35.457575433333375,-2.1597746000000058,-82.36398546666666,-33.55545663333328,-17.134780966666682,-99.14719553333332,-44.594972733333236,-36.160095833333344,-23.646215800000014,-8.60049749999996,-37.67439963333334,-60.27423323333332,-21.567165166666598,-42.764075233333344,-98.79596296666666,-28.78669733333328,0.0007559807,-0.0022801196,-0.00010750785,-11.5344,-18.475458,-21.451324,1.7419131,-42.364346,-22.16236,-12.75399,-61.043907,-34.680923,-1.7149018,-83.153725,-32.006374,-16.680323,-99.99725,-42.932217,-36.082317,-23.843622,-8.986221,-37.41138,-60.634613,-21.228954,-42.59546,-99.12938,-27.743908
0.0,0.0,0.0,-11.996186124999994,-18.198865624999996,-21.357477156250013,1.2322875312500088,-41.9959625625,-22.56786159375008,-13.587648906249992,-60.53570428125,-35.18167681250003,-2.407689031249994,-82.67516524999999,-33.138714656250045,-17.454887218749995,-99.4871078125,-44.03585340625,-36.201376312499995,-23.649781343749993,-8.511547156250003,-37.82963528124999,-60.37669140624998,-21.24954224999999,-43.060717,-98.93382868750001,-28.196521750000045,0.0007605605,-0.00227477,-0.000101417376,-11.612404,-18.429108,-21.45772,1.7158209,-42.28328,-22.267553,-12.826125,-60.963566,-34.804356,-1.709915,-83.07123,-32.229023,-16.719728,-99.93619,-43.152016,-36.102818,-23.862053,-8.919282,-37.428516,-60.625275,-21.249908,-42.5808,-99.1316,-27.842396
0.0,0.0,0.0,-11.896650999999999,-17.94470311764705,-21.4299109411765,1.4707779411764719,-41.55770108823529,-22.850055558823556,-13.18851329411764,-59.94341435294118,-35.757744264705934,-1.8487892647058857,-82.00317064705882,-34.01003670588233,-16.72817088235294,-98.75229232352942,-45.2184871176471,-36.10954976470588,-23.64024764705882,-8.725760117647098,-37.47679705882353,-60.15420382352941,-21.92810600000007,-42.399648117647054,-98.634999,-29.464297058823604,0.00076460594,-0.0022912424,-9.687834e-05,-11.563013,-18.442768,-21.483482,1.769571,-42.32053,-22.239267,-12.745309,-61.008224,-34.78995,-1.639525,-83.137856,-32.150276,-16.631065,-100.014915,-43.08176,-36.096977,-23.866056,-9.001712,-37.391804,-60.640736,-21.301952,-42.538345,-99.16571,-27.840626
0.0,0.0,0.0,-12.029319647058827,-18.29273588235294,-21.35085341176466,1.154882147058828,-42.13842841176469,-22.50094073529408,-13.706626000000007,-60.70787197058824,-35.01842094117643,-2.5682989705882378,-82.87675091176472,-32.896978176470554,-17.66346479411765,-99.69695373529413,-43.70702585294117,-36.22835235294118,-23.663213617647056,-8.44156335294116,-37.93250129411765,-60.45029217647061,-21.055083411764713,-43.24886867647059,-99.02700444117646,-27.83614402941174,0.000773969,-0.0022691053,-0.00011901707,-11.591093,-18.525558,-21.427036,1.6534494,-42.43961,-22.107155,-12.905168,-61.144444,-34.562668,-1.9128789,-83.25028,-31.83254,-16.946175,-100.085495,-42.69689,-36.120983,-23.840672,-8.89822,-37.533356,-60.65572,-21.063206,-42.81588,-99.12385,-27.474821
0.0,0.0,0.0,-11.883504294117643,-17.924787941176465,-21.440670264705943,1.493815764705893,-41.5144825,-22.882022647058875,-13.148557705882354,-59.881201823529395,-35.837292823529424,-1.7971643529411736,-81.9394237352941,-34.114082735294176,-16.662028352941174,-98.6704215882353,-45.3602340882353,-36.10026829411764,-23.63727673529411,-8.769200911764756,-37.443637764705876,-60.1260378235294,-22.009296117647068,-42.34106055882352,-98.5967995,-29.621440264705882,0.0007721039,-0.0022848358,-9.281641e-05,-11.671382,-18.408646,-21.505337,1.7281299,-42.27948,-22.326624,-12.880968,-60.980618,-34.894424,-1.7010123,-83.13487,-32.29078,-16.800022,-100.03625,-43.203827,-36.15497,-23.881138,-8.934057,-37.475113,-60.6352,-21.29594,-42.64491,-99.16997,-27.846052
0.0,0.0,0.0,-12.021906176470594,-18.248542352941172,-21.35251132352937,1.1910879411764626,-42.05983523529412,-22.527141852941156,-13.653807058823539,-60.62396826470588,-35.09306697058821,-2.4935872941176527,-82.77016638235294,-33.01350129411759,-17.56694620588236,-99.59320414705881,-43.864678735294035,-36.218110676470594,-23.660742029411765,-8.457752088235225,-37.88538488235295,-60.417676000000014,-21.138073999999904,-43.15686961764707,-98.98486788235294,-27.99905220588238,0.0007581422,-0.0022819317,-0.00010629064,-11.553141,-18.47944,-21.491749,1.7517842,-42.402626,-22.163815,-12.794922,-61.097,-34.696262,-1.7397836,-83.24148,-31.945154,-16.768332,-100.08955,-42.85945,-36.119797,-23.839296,-9.030619,-37.46186,-60.63504,-21.25105,-42.687542,-99.132355,-27.690277
0.0,0.0,0.0,-11.916367750000006,-18.010712593749993,-21.401817499999993,1.4081040625000014,-41.687816749999996,-22.762468406250036,-13.2939130625,-60.10696371875,-35.59086893749998,-2.0001967500000006,-82.19247562499999,-33.758326375000024,-16.923061093750004,-98.95937312499998,-44.88274478125004,-36.13310521875,-23.63855131249999,-8.672318500000017,-37.5735545,-60.21555003125,-21.73867709374997,-42.5795238125,-98.71682890624999,-29.10843946875002,0.00077829557,-0.0022887855,-8.871047e-05,-11.699524,-18.394283,-21.531378,1.7295749,-42.273808,-22.363157,-12.9146185,-60.980698,-34.94692,-1.70482,-83.15595,-32.33625,-16.84504,-100.0679,-43.24646,-36.181564,-23.883398,-8.946515,-37.503258,-60.631332,-21.327015,-42.683228,-99.17775,-27.864887
0.0,0.0,0.0,-11.962772999999999,-18.103278970588235,-21.384565588235205,1.316386941176475,-41.84252620588236,-22.680810441176448,-13.447643441176474,-60.31277585294117,-35.40070670588227,-2.211433088235289,-82.432929,-33.47324438235296,-17.19933267647059,-99.21441138235295,-44.48032347058819,-36.16726632352941,-23.648185441176473,-8.584796735294049,-37.70661611764706,-60.29650697058824,-21.502662411764618,-42.82496538235294,-98.82381179411766,-28.66680723529413,0.0007715147,-0.0022693402,-9.970677e-05,-11.689714,-18.457094,-21.520294,1.6965137,-42.378902,-22.267176,-12.973062,-61.10786,-34.799343,-1.8320583,-83.28463,-32.07645,-17.001938,-100.17278,-42.943947,-36.194256,-23.873234,-8.939884,-37.571743,-60.65429,-21.211815,-42.83939,-99.16721,-27.622187
0.0,0.0,0.0,-11.971581593750003,-18.1297283125,-21.36623468749997,1.2877089999999924,-41.89653206249999,-22.62133609374996,-13.500341468750008,-60.3985404375,-35.30111496875003,-2.2874158437500043,-82.52439034375001,-33.32548809374998,-17.296703093750004,-99.32512162500001,-44.28733734374998,-36.179381812500004,-23.63970590625,-8.554474781250065,-37.7539671875,-60.32208543750001,-21.39485265625001,-42.91539375000001,-98.8628585625,-28.468766218750034,0.0007817277,-0.0022727076,-0.000118510725,-11.629234,-18.540087,-21.473295,1.6787394,-42.49255,-22.10986,-12.957489,-61.23024,-34.57106,-1.9164649,-83.3782,-31.741207,-17.045763,-100.22625,-42.5695,-36.16427,-23.861858,-8.92627,-37.580807,-60.683167,-21.057549,-42.89752,-99.14975,-27.355253
0.0,0.0,0.0,-11.897409656249998,-17.960564125000005,-21.43144809375002,1.4615987187499968,-41.58939709375,-22.851172437499997,-13.199827562500005,-59.96966034375,-35.74168590625004,-1.8681904374999974,-82.04251762499999,-33.991940624999984,-16.7504410625,-98.78319309375001,-45.18159099999997,-36.110376187499995,-23.64460334375,-8.726853500000004,-37.487818624999996,-60.1679811875,-21.913009687499994,-42.4212559375,-98.65092103125,-29.425300656250045,0.0007705103,-0.0022681204,-0.00010021213,-11.70709,-18.439798,-21.512817,1.6775353,-42.34578,-22.29254,-12.992459,-61.065304,-34.830475,-1.8436853,-83.23273,-32.15245,-17.011026,-100.12109,-43.029163,-36.195267,-23.867905,-8.914596,-37.57768,-60.639393,-21.217346,-42.836296,-99.15299,-27.673847
0.0,0.0,0.0,-12.016772205882354,-18.240058294117652,-21.337927441176532,1.1858644705882355,-42.0830665882353,-22.505429500000105,-13.670737529411767,-60.64590564705883,-35.0560052058824,-2.522162088235305,-82.80188667647059,-32.9581290588236,-17.60327841176471,-99.63235761764705,-43.791310058823626,-36.218114382352944,-23.648656029411768,-8.44791826470589,-37.902441117647065,-60.422867117647066,-21.101223176470626,-43.19179485294118,-98.99225935294118,-27.930474735294183,0.001171143,-0.002547898,-1.9394884e-05,-11.322767,-19.183897,-21.339966,3.4157817,-42.460037,-22.2548,-10.801652,-62.106277,-34.42809,1.7448636,-83.917816,-31.785002,-12.969557,-101.76266,-42.049175,-35.277115,-25.77111,-8.292107,-35.06959,-62.653053,-20.366335,-38.553486,-101.46833,-26.204397
0.0,0.0,0.0,-11.885766156249993,-17.934985843749995,-21.439153625000017,1.4863797500000047,-41.536636625,-22.87470696874999,-13.161813625,-59.90703099999999,-35.81701934375002,-1.8157636562499988,-81.97258315625,-34.07724090624998,-16.685718781249996,-98.70421271875,-45.3069294375,-36.102603875,-23.639284156249996,-8.765757437500042,-37.45656228125,-60.13835821875,-21.98707862499998,-42.365380843749996,-98.61073296875,-29.572510593749996,0.00077658775,-0.0022603723,-0.00011488664,-11.659916,-18.516794,-21.470694,1.6438131,-42.45185,-22.16108,-13.001734,-61.18255,-34.626488,-1.9530665,-83.32391,-31.860708,-17.086954,-100.17815,-42.69653,-36.174446,-23.855654,-8.895528,-37.60424,-60.666405,-21.070581,-42.92343,-99.14172,-27.421938
0.0,0.0,0.0,-12.017283852941183,-18.24825205882353,-21.36221958823529,1.1998465588235234,-42.049299558823535,-22.54215561764704,-13.634564794117658,-60.609112852941166,-35.11664376470583,-2.468087764705892,-82.7524381764706,-33.046165176470595,-17.53568820588236,-99.56911850000002,-43.91029017647054,-36.21192738235295,-23.664021911764713,-8.467341852941104,-37.869381558823534,-60.415325323529416,-21.16665579411756,-43.12770985294118,-98.97703435294117,-28.051650323529373,0.000795956,-0.0022428217,-5.985332e-05,-11.826665,-18.499008,-21.729923,1.7468244,-42.550682,-22.429922,-13.155614,-61.45663,-34.968494,-1.8876914,-83.84061,-31.99582,-17.368053,-100.9218,-42.703716,-36.39221,-23.98649,-9.099009,-37.770813,-60.815178,-21.292744,-43.212856,-99.49521,-27.244287
0.0,0.0,0.0,-11.90793140625,-17.99605796875,-21.41139796875001,1.4279367500000006,-41.65241225,-22.791545906250008,-13.259946749999997,-60.0644054375,-35.641655031250025,-1.954304124999993,-82.14029950000001,-33.83768184374998,-16.861238625,-98.898960875,-44.98231228125002,-36.12452915625,-23.641574500000004,-8.69571781250005,-37.544477843749995,-60.198749750000005,-21.805384687500066,-42.52441515625,-98.69562646874999,-29.214853281249987,0.0008094901,-0.0023030958,-8.2970495e-05,-11.63308,-18.503021,-21.50794,1.9102006,-42.359417,-22.312647,-12.690679,-61.160694,-34.793148,-1.3522769,-83.29609,-32.123924,-16.430529,-100.24044,-42.905895,-36.066868,-24.067997,-8.905357,-37.232113,-60.84604,-21.176157,-42.217136,-99.36882,-27.56411
0.0,0.0,0.0,-11.964763323529418,-18.11461679411764,-21.392209294117606,1.3102117058823453,-41.85366917647059,-22.68438547058821,-13.452933705882362,-60.32875305882352,-35.39516308823528,-2.2188837941176445,-82.4459975882353,-33.466994352941185,-17.20660379411765,-99.22132749999999,-44.47236185294116,-36.16780388235294,-23.652918705882353,-8.581364352941193,-37.71120547058824,-60.30383388235293,-21.496350470588254,-42.8303145,-98.82977152941176,-28.65879023529402,0.0008241944,-0.0022909988,-8.1716076e-05,-11.847977,-18.412611,-21.575968,1.6564442,-42.32611,-22.437769,-13.136323,-61.10332,-34.9876,-1.8669766,-83.34277,-32.335365,-17.191507,-100.32731,-43.146095,-36.294514,-23.931492,-8.859523,-37.67415,-60.69074,-21.223526,-42.954945,-99.28467,-27.601042
0.0,0.0,0.0,-11.973185562499992,-18.153575531250002,-21.382023843750005,1.2862115625000001,-41.89738184375,-22.633317999999974,-13.487896624999998,-60.399417875,-35.316373812500046,-2.2724755624999986,-82.52687384375,-33.342653375,-17.281339593749998,-99.32148371875,-44.312232093750026,-36.1796629375,-23.653884031250005,-8.563207749999947,-37.746012625,-60.33136771874999,-21.409787281249976,-42.901883218749994,-98.866731625,-28.499270499999966,0.0011156406,-0.0025250928,-4.0034527e-05,-11.362015,-19.012909,-21.274925,3.0601542,-42.332386,-22.2991,-11.123111,-61.744865,-34.48364,1.1615387,-83.52337,-32.05626,-13.479605,-101.11734,-42.435192,-35.33987,-25.407999,-8.286841,-35.393375,-62.24902,-20.476982,-39.046803,-100.945465,-26.659147
0.0,0.0,0.0,-11.907496312500001,-17.969838531249994,-21.426469781250034,1.4520923124999996,-41.592584843750004,-22.83005809375004,-13.2170378125,-59.99034921875,-35.715734562500074,-1.8884295624999936,-82.05586240625,-33.94994925000003,-16.7768514375,-98.808404,-45.13184259374998,-36.11796565625,-23.64891296875,-8.70991618749997,-37.5044159375,-60.176047749999995,-21.882452000000058,-42.4448951875,-98.66212425,-29.376139812500014,0.00078213064,-0.0022569993,-0.00013043002,-11.64767,-18.566542,-21.440334,1.600406,-42.533974,-22.055983,-13.048895,-61.2673,-34.47576,-2.0773015,-83.40519,-31.62868,-17.217564,-100.23413,-42.43542,-36.18143,-23.833832,-8.8713665,-37.664875,-60.671112,-20.95321,-43.054913,-99.12053,-27.214243
0.0,0.0,0.0,-12.023214466666666,-18.258648600000004,-21.342981066666596,1.1768916333333408,-42.091508833333336,-22.49622803333324,-13.679460833333327,-60.6688712,-35.0376241666666,-2.5343151333333296,-82.82327029999999,-32.92855736666661,-17.622504099999997,-99.65496656666666,-43.75600796666657,-36.222612399999996,-23.65306336666666,-8.441572266666583,-37.91102793333333,-60.431354566666656,-21.082742433333408,-43.20986419999999,-99.00128006666667,-27.899289966666515,0.00082929165,-0.0023046776,-8.987512e-05,-11.807041,-18.416643,-21.523623,1.6479682,-42.29565,-22.407942,-13.080995,-61.049866,-34.93485,-1.8460838,-83.236244,-32.345577,-17.086662,-100.18731,-43.16847,-36.23517,-23.922691,-8.818681,-37.60901,-60.679333,-21.18714,-42.84494,-99.23814,-27.646982
0.0,0.0,0.0,-11.87804853333332,-17.915106633333327,-21.431691533333264,1.496740133333347,-41.52943913333333,-22.881060766666565,-13.149383099999987,-59.886809,-35.830063866666535,-1.7991145333333165,-81.9556502,-34.09782703333315,-16.660964766666655,-98.68692573333334,-45.33082899999994,-36.09763003333332,-23.634126300000002,-8.770823199999825,-37.446151133333316,-60.12902163333332,-22.001753699999995,-42.344936299999986,-98.60122603333332,-29.60630079999993,0.0007942999,-0.002304402,-9.6136675e-05,-11.512127,-18.535866,-21.456495,1.8506863,-42.4087,-22.184927,-12.623312,-61.16386,-34.636093,-1.480735,-83.26216,-31.954163,-16.417377,-100.1657,-42.778492,-36.026245,-23.97812,-8.964728,-37.24594,-60.789055,-21.15542,-42.297573,-99.30827,-27.555504
0.0,0.0,0.0,-12.018930600000004,-18.235003633333324,-21.345439766666743,1.1894783000000047,-42.07165933333333,-22.52632239999997,-13.661436399999992,-60.62986473333335,-35.080101633333356,-2.5044792333333206,-82.77905733333334,-32.99755959999993,-17.57844653333333,-99.60486759999999,-43.8375734,-36.216203633333336,-23.65412973333333,-8.446568933333424,-37.890891499999995,-60.42098623333332,-21.11713966666673,-43.16485753333333,-98.98578613333335,-27.976425300000017,0.00081117055,-0.002314066,-0.000114557624,-11.528502,-18.568005,-21.455942,1.727594,-42.506702,-22.080538,-12.802781,-61.24365,-34.51694,-1.8078271,-83.356,-31.707748,-16.814873,-100.20764,-42.5453,-36.093876,-23.877817,-8.98456,-37.463043,-60.717167,-21.085287,-42.72168,-99.19266,-27.398182
0.0,0.0,0.0,-11.908092366666672,-17.999777200000008,-21.41813650000006,1.427030633333338,-41.65915530000001,-22.800121966666723,-13.256535700000004,-60.05668023333335,-35.64885156666668,-1.9511246,-82.14498569999999,-33.84717703333331,-16.85806430000001,-98.89161660000002,-44.993016433333366,-36.12384166666667,-23.64229173333334,-8.702612266666677,-37.540719333333335,-60.19909133333333,-21.809731999999997,-42.52244876666667,-98.6919616,-29.230787066666664,0.00079288625,-0.0022473594,-8.9696e-05,-11.913203,-18.443686,-21.579048,1.5877818,-42.392403,-22.409174,-13.2773,-61.208927,-34.919964,-2.0380204,-83.482185,-32.193485,-17.46628,-100.484955,-42.932865,-36.355026,-23.930439,-8.802101,-37.800606,-60.7078,-21.105999,-43.187412,-99.30263,-27.34167
0.0,0.0,0.0,-11.968146374999996,-18.115485,-21.39557178124994,1.3041731874999982,-41.85400940625001,-22.69378768749999,-13.458767312500001,-60.32697603125,-35.398419312499925,-2.2208199374999964,-82.44207278125,-33.47377021874996,-17.2094520625,-99.22270071875,-44.47855087499994,-36.1700005,-23.65438337500001,-8.57835584374999,-37.7144916875,-60.305341062500005,-21.49391178124995,-42.8326984375,-98.82999256250001,-28.665780062499948,0.0008030422,-0.0022727486,-0.00013465404,-11.637513,-18.58772,-21.422838,1.6021361,-42.55314,-22.029535,-13.032664,-61.294647,-34.424328,-2.0696518,-83.4221,-31.572174,-17.193094,-100.25306,-42.35902,-36.165745,-23.848495,-8.84892,-37.644714,-60.694794,-20.903828,-43.023724,-99.13992,-27.142208
0.0,0.0,0.0,-11.966112033333324,-18.15437066666666,-21.38247673333342,1.2908429666666805,-41.912623800000006,-22.631820566666818,-13.482341833333326,-60.40637016666665,-35.30882973333331,-2.268836533333335,-82.53978609999997,-33.33083783333336,-17.27388173333333,-99.32635899999998,-44.29989310000008,-36.175195333333335,-23.653234500000007,-8.572025533333374,-37.74092903333333,-60.33407469999999,-21.408561133333308,-42.8997497,-98.87045706666666,-28.4939574666667,0.0008148175,-0.002322161,-8.8655885e-05,-11.622915,-18.438929,-21.507372,1.7326936,-42.321117,-22.31489,-12.834366,-61.04032,-34.848915,-1.7032634,-83.18916,-32.2288,-16.75717,-100.10227,-43.117382,-36.134346,-23.887348,-8.974144,-37.452755,-60.664955,-21.29174,-42.6343,-99.21137,-27.7905
0.0,0.0,0.0,-11.915303066666667,-17.98839259999999,-21.444857900000045,1.4306895333333287,-41.612354800000006,-22.84893803333341,-13.242860899999997,-60.00836270000001,-35.71816193333342,-1.9182770999999974,-82.07697883333333,-33.95057276666671,-16.816032466666663,-98.8174768333333,-45.125238966666814,-36.121208366666664,-23.65064686666667,-8.705189899999993,-37.52295023333333,-60.183594899999996,-21.86763913333334,-42.47461156666667,-98.66730626666669,-29.355211400000087,0.00079324434,-0.0023174176,-8.809593e-05,-11.4895935,-18.522633,-21.47177,1.9571207,-42.364857,-22.226372,-12.496315,-61.13402,-34.704502,-1.2553653,-83.22787,-32.045944,-16.165487,-100.15116,-42.879463,-35.982876,-24.039555,-8.990577,-37.107426,-60.83335,-21.22388,-42.04289,-99.36111,-27.66388
0.0,0.0,0.0,-12.022741000000003,-18.293386,-21.343246499999964,1.156384766666669,-42.14340206666667,-22.494773366666664,-13.703236600000004,-60.71480530000001,-35.00849113333339,-2.5690976666666643,-82.88173196666668,-32.88104449999997,-17.663716366666673,-99.70244693333332,-43.68860573333325,-36.225753266666665,-23.660288333333337,-8.45307303333334,-37.93001073333333,-60.45059013333332,-21.04940099999999,-43.2512339,-99.02797566666665,-27.824448666666683,0.0007831672,-0.0022682801,-0.00012587794,-11.625299,-18.5503,-21.440493,1.6341622,-42.498913,-22.07744,-12.988479,-61.222584,-34.515076,-1.9953088,-83.35037,-31.703354,-17.101095,-100.17775,-42.53204,-36.15623,-23.840721,-8.890094,-37.60657,-60.667984,-21.003716,-42.948723,-99.119316,-27.319536
0.0,0.0,0.0,-11.871385866666664,-17.881018599999997,-21.456456400000036,1.5299412666666754,-41.438724466666656,-22.934371066666642,-13.084807833333322,-59.78496743333334,-35.924713366666595,-1.702402599999985,-81.82604603333334,-34.25036723333341,-16.53782719999999,-98.54863380000003,-45.545066399999996,-36.0857373,-23.63630143333333,-8.792373800000064,-37.38364273333333,-60.09180783333333,-22.111514366666654,-42.227329266666665,-98.54730229999998,-29.82561956666666,0.0008240524,-0.002317491,-9.060236e-05,-11.681026,-18.445654,-21.497124,1.6933267,-42.323708,-22.330608,-12.919739,-61.06006,-34.841476,-1.7699345,-83.21092,-32.235695,-16.87761,-100.13519,-43.088,-36.159027,-23.90547,-8.898698,-37.502743,-60.68251,-21.21665,-42.706863,-99.227005,-27.692093
0.0,0.0,0.0,-12.03524778125,-18.31064840625,-21.337054999999964,1.1359409062500063,-42.178551562500004,-22.478752999999983,-13.739106781250001,-60.75472621875001,-34.96878040624995,-2.613773312500001,-82.93191225,-32.82154171874993,-17.72021346875,-99.75507112499999,-43.606692249999924,-36.23324975,-23.66304415625,-8.421784343749948,-37.95774840625,-60.467706468749995,-20.989490374999946,-43.30054028125,-99.05174778125,-27.729611249999948,0.0008327026,-0.0022904007,-0.00010317138,-11.673826,-18.592894,-21.431122,1.815066,-42.45585,-22.196201,-12.811618,-61.289497,-34.563316,-1.5398632,-83.38218,-31.854567,-16.643276,-100.31318,-42.54596,-36.06707,-24.092411,-8.74139,-37.309208,-60.90701,-20.89192,-42.3612,-99.38338,-27.16882
0.0,0.0,0.0,-11.876722433333335,-17.922574200000003,-21.444993033333276,1.4974769333333384,-41.51542226666666,-22.903974333333338,-13.137554333333334,-59.87410229999999,-35.85233459999995,-1.7816938666666715,-81.93104233333334,-34.14642029999999,-16.63978076666667,-98.65193786666669,-45.40238449999998,-36.0973322,-23.640261033333328,-8.7838388666666,-37.4300059,-60.12894363333335,-22.03299973333327,-42.31846253333333,-98.59309516666669,-29.66350906666662,0.0008190719,-0.002308983,-9.3772556e-05,-11.681451,-18.460985,-21.50235,1.6837049,-42.35611,-22.305962,-12.943895,-61.096615,-34.809067,-1.8110937,-83.252144,-32.162937,-16.934534,-100.16902,-43.010025,-36.170105,-23.897785,-8.908483,-37.53281,-60.683846,-21.196772,-42.768307,-99.21986,-27.634823
0.0,0.0,0.0,-12.018701900000003,-18.23802263333333,-21.368743900000084,1.2038753666666722,-42.0310343,-22.57333676666684,-13.62189876666666,-60.57293263333333,-35.155413900000156,-2.445124033333329,-82.71495086666664,-33.110971033333385,-17.496919733333336,-99.52039786666666,-43.987370700000156,-36.211900066666665,-23.668631033333327,-8.485459366666646,-37.85305193333333,-60.3993908,-21.21569633333337,-43.094974533333335,-98.96137816666669,-28.135139033333417,0.0007974694,-0.0022842821,-9.909937e-05,-11.687741,-18.484291,-21.524296,1.6823549,-42.418575,-22.263119,-12.989324,-61.16973,-34.76155,-1.8673528,-83.34804,-32.021294,-17.041302,-100.249855,-42.851944,-36.199608,-23.885672,-8.937877,-37.589096,-60.684444,-21.170645,-42.878365,-99.20624,-27.519205
0.0,0.0,0.0,-11.937838133333337,-18.076585766666657,-21.40908796666679,1.3619516999999846,-41.76382559999999,-22.726823933333378,-13.35951286666667,-60.21937496666666,-35.505673166666725,-2.0937515333333394,-82.31515019999999,-33.62112429999996,-17.046458600000005,-99.08506166666668,-44.69570716666664,-36.150404300000005,-23.649728533333327,-8.646633966666684,-37.62960773333334,-60.261106299999994,-21.629735299999936,-42.689501366666676,-98.77074153333332,-28.914760233333254,0.0007756277,-0.0022566246,-0.00012505366,-11.652775,-18.548594,-21.452492,1.6254545,-42.506466,-22.086788,-13.030604,-61.23866,-34.52869,-2.0241709,-83.38089,-31.697325,-17.171635,-100.21393,-42.517113,-36.179184,-23.842827,-8.88256,-37.641533,-60.66887,-20.996944,-43.006462,-99.121056,-27.287647
0.0,0.0,0.0,-11.9465285625,-18.0702963125,-21.420614156249997,1.3526153749999992,-41.75681174999999,-22.76252356249995,-13.375385406249997,-60.20710296875,-35.53258884374998,-2.1048147499999956,-82.30190821874999,-33.66740693749995,-17.059786906249997,-99.06128746875001,-44.74073696874996,-36.150394343749994,-23.653847937499997,-8.634034968749972,-37.637429624999996,-60.25731971874999,-21.644905906250017,-42.6953526875,-98.76524253125001,-28.940981781250002,0.0008257136,-0.0023085142,-9.1089416e-05,-11.736548,-18.441986,-21.510592,1.6716784,-42.327946,-22.351498,-12.99889,-61.075478,-34.86553,-1.8179015,-83.24369,-32.247276,-16.991516,-100.178696,-43.085155,-36.19692,-23.913511,-8.866739,-37.560463,-60.68642,-21.19216,-42.791977,-99.23486,-27.642515
0.0,0.0,0.0,-12.007782133333329,-18.252168233333332,-21.34542536666669,1.1948744000000033,-42.07803163333334,-22.517914700000006,-13.646177033333334,-60.62569060000001,-35.081807433333324,-2.4908522666666713,-82.78913819999998,-32.98920686666662,-17.560579833333335,-99.60322023333335,-43.83460600000001,-36.212236966666666,-23.652125266666662,-8.483270266666636,-37.87821713333334,-60.408907200000016,-21.143678766666596,-43.159350366666665,-98.9816057,-27.990459199999975,0.00080706575,-0.0023245967,-7.8944635e-05,-11.509064,-18.515402,-21.489199,2.003716,-42.345882,-22.275402,-12.469607,-61.14417,-34.763103,-1.1621102,-83.2539,-32.110485,-16.100813,-100.210205,-42.924107,-35.98036,-24.08863,-8.984606,-37.062263,-60.87486,-21.245794,-41.9585,-99.419106,-27.671782
0.0,0.0,0.0,-11.875071166666665,-17.900316866666664,-21.47376706666671,1.5208522333333363,-41.447307599999995,-22.95076596666678,-13.089257466666666,-59.799858666666665,-35.929152400000135,-1.708859199999992,-81.82737206666668,-34.274420200000066,-16.546619099999987,-98.54286733333332,-45.56440960000015,-36.08604343333333,-23.64753146666667,-8.79257813333345,-37.383834066666665,-60.10403203333331,-22.106974266666782,-42.22360923333333,-98.55473409999999,-29.826974500000063,0.000800362,-0.0022812705,-0.0001270924,-11.605157,-18.58442,-21.442608,1.6462476,-42.54672,-22.045448,-12.964627,-61.2924,-34.456795,-1.9881183,-83.41976,-31.602211,-17.087336,-100.26079,-42.403942,-36.150066,-23.859463,-8.902456,-37.595493,-60.705494,-20.965908,-42.944744,-99.16162,-27.212027
0.0,0.0,0.0,-12.051189233333332,-18.333985400000003,-21.305702633333283,1.1066385000000096,-42.22814679999999,-22.401246133333302,-13.80693913333333,-60.8454159,-34.85856123333326,-2.7097651333333275,-83.02560933333334,-32.650256433333254,-17.84371293333333,-99.88069700000003,-43.376037766666684,-36.24957623333333,-23.649202966666657,-8.3840862666666,-38.0151166,-60.48510583333333,-20.87694103333331,-43.415375033333326,-99.09113136666667,-27.495007300000054,0.00081080524,-0.0022694163,-6.3429296e-05,-11.728611,-18.537184,-21.6612,1.7699618,-42.538685,-22.390112,-12.995054,-61.45828,-34.86932,-1.7955729,-83.77486,-31.967314,-17.122007,-100.86558,-42.654728,-36.28575,-24.021194,-9.071302,-37.61878,-60.86843,-21.23794,-42.986824,-99.54257,-27.227905
0.0,0.0,0.0,-11.851295400000005,-17.835525033333326,-21.443736766666575,1.556139366666656,-41.400623266666656,-22.95775580000003,-13.0483543,-59.719804433333316,-35.98284320000005,-1.6593281999999903,-81.75599706666668,-34.348754033333364,-16.477876033333335,-98.47204810000002,-45.66284600000006,-36.07533383333333,-23.62261506666667,-8.823243233333358,-37.34918456666667,-60.064301966666655,-22.166022000000055,-42.16656836666667,-98.51128606666668,-29.94387009999997,0.00077447784,-0.0022792367,-0.0001115481,-11.598676,-18.516804,-21.495453,1.7110555,-42.46884,-22.135607,-12.896406,-61.194817,-34.63061,-1.8525046,-83.35419,-31.812246,-16.95473,-100.2108,-42.674404,-36.15808,-23.851202,-8.990746,-37.547096,-60.66606,-21.15199,-42.8431,-99.154594,-27.482368
0.0,0.0,0.0,-12.037765531249995,-18.299609374999996,-21.330030406250046,1.1432232500000055,-42.1590468125,-22.47565562500006,-13.734552437499993,-60.73887540625001,-34.97267831250008,-2.6052438124999924,-82.90994196874999,-32.83135525,-17.705969156249992,-99.74147021875001,-43.61031740625003,-36.23234028124999,-23.658510312500006,-8.42127425000001,-37.94939106249999,-60.45359531249999,-21.007602843750078,-43.28560784374999,-99.04455468750001,-27.73623181250008,0.0008198401,-0.0023016892,-9.529949e-05,-11.7001295,-18.477198,-21.504211,1.6661278,-42.3834,-22.29571,-12.984691,-61.137516,-34.78274,-1.857339,-83.29907,-32.11278,-17.009207,-100.22201,-42.93926,-36.186882,-23.904163,-8.890768,-37.567657,-60.6985,-21.15516,-42.831802,-99.23535,-27.54972
0.0,0.0,0.0,-11.903875233333316,-17.979322699999997,-21.42666319999995,1.4447428333333434,-41.60082496666666,-22.816668799999945,-13.22392259999998,-60.008878900000006,-35.69824119999993,-1.907414966666657,-82.07264443333332,-33.92450459999992,-16.803500799999988,-98.82298806666665,-45.100684666666666,-36.119556799999984,-23.639973233333336,-8.711804333333248,-37.50919656666665,-60.17979906666667,-21.847795633333305,-42.464040066666655,-98.66252736666667,-29.338029066666593,0.000829833,-0.0023081985,-8.402488e-05,-11.669779,-18.527376,-21.481728,1.936884,-42.35334,-22.32241,-12.678654,-61.189163,-34.764008,-1.2652291,-83.304214,-32.12437,-16.35886,-100.2721,-42.85216,-36.04338,-24.144527,-8.806181,-37.168247,-60.920338,-21.075136,-42.08196,-99.43245,-27.447054
0.0,0.0,0.0,-11.970402133333337,-18.11210816666667,-21.38485909999997,1.303336333333327,-41.844997066666664,-22.666538666666725,-13.47013926666667,-60.338403099999994,-35.37396433333328,-2.240429800000001,-82.44867029999999,-33.432701633333295,-17.234498166666675,-99.24011606666669,-44.42695926666664,-36.17280943333334,-23.645452433333322,-8.57052723333328,-37.720806700000004,-60.29990509999999,-21.46972040000003,-42.85549063333334,-98.83169116666666,-28.607263133333277,0.00079733203,-0.002266433,-0.00012002526,-11.7201605,-18.536535,-21.481588,1.6302627,-42.491558,-22.162348,-13.093629,-61.252224,-34.60518,-2.0051036,-83.41537,-31.788326,-17.227867,-100.27608,-42.571198,-36.21008,-23.881931,-8.850291,-37.663174,-60.69815,-20.995705,-43.015816,-99.16228,-27.260973
0.0,0.0,0.0,-11.980456531250006,-18.180250781250006,-21.355476374999967,1.256127718750001,-41.971008499999996,-22.586300843749996,-13.550325687500003,-60.48840259375001,-35.22336003124997,-2.3581903749999995,-82.624028125,-33.204502124999976,-17.38440628125,-99.43388171875,-44.121402750000016,-36.18875709375,-23.648368093750005,-8.534962718750023,-37.79383878125,-60.356253124999995,-21.308923625000034,-42.9992615,-98.91125065625,-28.298157781249984,0.00081983604,-0.0023053943,-9.344447e-05,-11.693031,-18.469433,-21.501444,1.681637,-42.36716,-22.301907,-12.95653,-61.11783,-34.796844,-1.8178877,-83.27793,-32.141655,-16.956694,-100.204254,-42.974953,-36.17694,-23.90969,-8.892411,-37.54036,-60.698967,-21.171148,-42.780945,-99.24002,-27.585268
0.0,0.0,0.0,-11.889266156250002,-17.9378258125,-21.445161874999997,1.479246343750006,-41.5358535625,-22.887148968749955,-13.163222343749993,-59.902424062499996,-35.80967818749997,-1.8133427187499933,-81.95211234375,-34.09769062499993,-16.678625843749998,-98.6785525,-45.32550540624999,-36.1015873125,-23.642978093750003,-8.743895718750025,-37.450429125,-60.14305828125,-21.96876628124994,-42.34513121875,-98.6091155,-29.572941031249968,0.0010212378,-0.0024116954,-7.324628e-05,-11.586526,-18.909584,-21.276255,2.5462236,-42.429127,-22.269945,-11.875425,-61.660816,-34.396744,0.11995905,-83.53004,-31.905956,-14.755743,-100.854416,-42.269695,-35.60983,-25.000053,-8.250383,-36.115894,-61.84622,-20.383791,-40.232136,-100.40532,-26.541286
0.0,0.0,0.0,-12.041961166666674,-18.32266403333334,-21.324470933333373,1.1222789666666628,-42.198486233333334,-22.452764766666633,-13.763671033333338,-60.78452640000001,-34.93028676666671,-2.6470839333333487,-82.96403750000002,-32.7696899,-17.758326166666674,-99.79530640000002,-43.5322876333334,-36.241485466666674,-23.660101000000004,-8.416972700000088,-37.97747953333334,-60.47090366666668,-20.96585699999997,-43.33765353333334,-99.06584273333334,-27.655144199999995,0.00079974195,-0.0022757307,-0.00012705103,-11.630865,-18.57946,-21.44635,1.6293408,-42.544037,-22.059776,-13.005737,-61.292248,-34.47155,-2.0206625,-83.42657,-31.62015,-17.146973,-100.27047,-42.416443,-36.166588,-23.858772,-8.885863,-37.62537,-60.702347,-20.957094,-42.99064,-99.15979,-27.199577
0.0,0.0,0.0,-11.863708531249998,-17.8784496875,-21.460260406249972,1.5371667812500078,-41.42566928125,-22.948912468749995,-13.068479875000001,-59.76778062500001,-35.96185493749999,-1.685816843749997,-81.80279084375002,-34.30377762499995,-16.515855374999994,-98.51755425000002,-45.608229625000035,-36.082505624999996,-23.637218874999995,-8.813685406249988,-37.368797625,-60.084659968749996,-22.139918281250004,-42.203190718749994,-98.53575990625001,-29.886909531250012,0.00080731744,-0.002280743,-0.00010125723,-11.748158,-18.484814,-21.510675,1.6625389,-42.405815,-22.283997,-13.057311,-61.171238,-34.76613,-1.8890136,-83.34804,-32.048264,-17.113564,-100.25595,-42.84629,-36.21397,-23.913948,-8.853851,-37.611233,-60.704464,-21.101044,-42.893604,-99.216354,-27.446577
0.0,0.0,0.0,-12.044843300000004,-18.305334266666662,-21.317888466666602,1.1292318333333355,-42.181361499999994,-22.44274993333329,-13.767128800000002,-60.78469290000001,-34.92330416666664,-2.6512289666666646,-82.95167493333334,-32.75803536666655,-17.76405496666666,-99.80058433333335,-43.51264570000001,-36.24025333333333,-23.654205733333328,-8.399427299999843,-37.978617066666665,-60.47087753333335,-20.94401229999994,-43.33890566666666,-99.06552966666666,-27.630706799999984,0.00083247374,-0.002281164,-0.00012037689,-11.720418,-18.590471,-21.439339,1.6650965,-42.51528,-22.146954,-13.026351,-61.32237,-34.513416,-1.8894135,-83.45044,-31.727545,-17.074175,-100.346565,-42.429638,-36.158375,-23.978071,-8.749815,-37.55244,-60.808865,-20.855015,-42.80955,-99.273735,-27.068497
0.0,0.0,0.0,-11.88827903125,-17.93954615625,-21.425559937499997,1.4696925624999935,-41.56352162499999,-22.85415365624999,-13.185037968750002,-59.93838428125001,-35.76224712499999,-1.851402281250003,-81.99983474999999,-34.02576825,-16.727616812500003,-98.7397444375,-45.238119125000026,-36.1072699375,-23.633910843750005,-8.74184315625007,-37.47293015625,-60.15052384375001,-21.929721718749988,-42.39479878125,-98.6253280625,-29.48476981250002,0.0011942327,-0.0024694626,-4.2975003e-05,-11.433151,-19.440994,-21.2644,3.366827,-42.759468,-22.046722,-11.002526,-62.565258,-33.983852,1.5819236,-84.33227,-31.159492,-13.27532,-102.25312,-41.191223,-35.307163,-25.978542,-7.9952087,-35.156345,-62.96609,-19.75584,-38.718155,-101.778984,-25.17483
0.0,0.0,0.0,-12.001213968750008,-18.205360499999998,-21.36208515624992,1.2236273749999995,-42.01044428125,-22.589222812499997,-13.595844843750001,-60.52683965625,-35.19424240624994,-2.4108934374999933,-82.66882496874999,-33.1673688125,-17.44872834375,-99.46553381249998,-44.06555162500001,-36.20052846875,-23.657808843750004,-8.505754499999966,-37.8302275,-60.377081781250006,-21.259661593749968,-43.05228746875,-98.93328868750001,-28.219756968749948,0.0009429542,-0.002298982,-7.501998e-05,-12.0877695,-18.652922,-21.378477,1.9645749,-42.285892,-22.61914,-12.920031,-61.403564,-34.811554,-0.9933644,-83.434685,-32.440365,-16.368559,-100.61936,-42.771233,-36.01961,-24.651773,-8.087921,-36.997433,-61.405262,-20.462185,-41.62437,-99.90811,-26.723537
0.0,0.0,0.0,-11.9493996,-18.106443299999995,-21.391715533333354,1.3308599333333362,-41.82834319999999,-22.686791000000028,-13.412773666666663,-60.2933901,-35.41998806666663,-2.171243133333334,-82.41077549999997,-33.499444600000004,-17.144476366666666,-99.18315533333333,-44.52632246666673,-36.159529733333336,-23.64852496666667,-8.609529699999996,-37.676025333333335,-60.2891031,-21.532089199999973,-42.7797352,-98.81182276666667,-28.72716886666666,0.00043851006,-0.0012790865,-0.00015896853,-15.041875,-18.938587,-22.940454,1.2112968,-44.295086,-22.78123,-17.909279,-64.545334,-35.120968,-4.524928,-88.737785,-29.058224,-25.05206,-106.486946,-37.79899,-38.878185,-24.867287,-7.9048457,-41.369217,-61.80822,-19.094646,-48.97635,-100.46834,-20.6556
0.0,0.0,0.0,-11.917792531249994,-18.0017298125,-21.433194125,1.421305531250006,-41.6330681875,-22.82109184374997,-13.258616875000001,-60.043592406249985,-35.67701065624999,-1.9450813437499974,-82.10800103125,-33.89300918750001,-16.850422156249998,-98.854170875,-45.05393321874999,-36.12523053125,-23.6496460625,-8.69229128125005,-37.53595496875,-60.19743896874999,-21.817877875000022,-42.5025979375,-98.68198225,-29.28270821875003,-0.00018924823,-0.00023304051,1.6690603e-05,-21.811394,-20.774294,-27.33605,7.998376,-48.604355,-25.50099,-23.608624,-74.91628,-39.060432,1.902402,-104.45649,-22.067436,-31.626236,-125.46391,-25.755129,-42.449646,-31.691374,-8.730955,-43.074642,-69.085884,-18.32951,-51.872242,-107.91457,-8.462506
0.0,0.0,0.0,-12.021489366666664,-18.281152499999997,-21.341341200000045,1.1678444,-42.11505236666665,-22.50202033333335,-13.686623733333331,-60.68060319999999,-35.03459379999998,-2.5450020333333327,-82.8403182,-32.929038633333334,-17.62786666666666,-99.66113873333333,-43.75073046666671,-36.22219046666667,-23.658709233333326,-8.457752600000106,-37.91241573333333,-60.433785999999984,-21.083562233333282,-43.21747056666666,-99.01204936666669,-27.88280343333338,-0.000627244,7.647033e-05,0.00023259905,-19.663183,-18.773813,-27.543549,4.6932216,-47.16337,-24.327717,-23.148273,-70.1694,-39.765965,-3.4690356,-99.304146,-25.210495,-34.528557,-119.00913,-32.645336,-43.005905,-27.506327,-10.473596,-45.20919,-64.49788,-20.840109,-55.909897,-104.07295,-14.353587
0.0,0.0,0.0,-11.863536468749999,-17.863964968750004,-21.433547750000002,1.5336082812500038,-41.44473125,-22.920147843749987,-13.088452250000003,-59.789914625,-35.90899840625002,-1.7146003437499928,-81.82980387499998,-34.233631906250025,-16.54877484375,-98.55445306249999,-45.52621065624999,-36.08405503125,-23.62678821875,-8.791774718749934,-37.385963312499996,-60.090221625000005,-22.0945910625,-42.234580875,-98.547174375,-29.799203750000004,-0.0011000192,0.00057791884,0.00023292181,-21.513128,-18.741459,-28.515692,5.171076,-48.394325,-25.42554,-26.712334,-72.06167,-40.805492,-4.9471107,-102.82635,-23.845871,-39.6544,-121.577545,-29.508123,-44.120396,-28.048988,-10.981276,-47.081505,-65.137054,-20.830698,-59.122936,-103.88173,-11.821672
0.0,0.0,0.0,-12.040253968749994,-18.303543562499996,-21.32341965624994,1.1292383125,-42.189054625,-22.461124562499947,-13.756564906249999,-60.77268828124999,-34.93968681249993,-2.63885475,-82.94960325,-32.78444774999991,-17.74622503125,-99.786335375,-43.54652506249988,-36.2388901875,-23.657235343749996,-8.411451312499935,-37.973152093749995,-60.471381500000014,-20.965012624999986,-43.326216062499995,-99.06250646875,-27.66932121874993,-0.0010223489,0.0005540189,0.00021173012,-21.254051,-18.8229,-28.197313,4.8031917,-48.299557,-25.186913,-26.38294,-71.79479,-40.2562,-5.103363,-102.20312,-23.88613,-39.099846,-120.98502,-29.604359,-43.976536,-27.868267,-10.675218,-46.964706,-64.97452,-20.448025,-58.802696,-103.79098,-11.769159
0.0,0.0,0.0,-11.874847899999999,-17.90165143333333,-21.43560803333338,1.5094423333333253,-41.48340283333333,-22.896952333333388,-13.120942166666666,-59.83716133333331,-35.86317043333338,-1.7606480999999974,-81.88626886666667,-34.17027083333352,-16.608671166666664,-98.61489746666663,-45.43599143333341,-36.0941538,-23.632829033333326,-8.779585933333408,-37.41548593333333,-60.11194393333331,-22.04259436666672,-42.289369566666664,-98.57464896666666,-29.6978983333334,-0.0011167154,0.00066106545,0.00017845056,-21.708498,-18.757652,-28.408012,4.92423,-48.459526,-25.353561,-27.081064,-72.02162,-40.482224,-5.2462792,-102.72039,-23.660736,-40.04255,-121.36319,-29.083942,-44.27297,-27.985367,-10.735753,-47.341537,-65.02934,-20.44693,-59.314247,-103.65012,-11.3086
0.0,0.0,0.0,-12.003637281249993,-18.214761125000003,-21.363923156249996,1.2172199687500012,-42.01643734375,-22.582857156249986,-13.602580656249998,-60.54259003124999,-35.17831506250002,-2.421218656250005,-82.68544746875,-33.143230437499994,-17.46603653125,-99.483169,-44.03622725000008,-36.20196778125,-23.657560531250006,-8.498202375000005,-37.837931875,-60.38385790624999,-21.23731143750001,-43.0671266875,-98.94039446875001,-28.185746281250033,-0.0012124524,0.00074274396,0.00014774551,-22.115582,-18.675686,-28.66663,5.113672,-48.59147,-25.482971,-27.694103,-72.21785,-40.802357,-5.33117,-103.21165,-23.459948,-40.943897,-121.73862,-28.711618,-44.556976,-28.094814,-10.873332,-47.68294,-65.06588,-20.560482,-59.826073,-103.50967,-11.012898
0.0,0.0,0.0,-11.92668823333333,-18.044457400000006,-21.397822000000076,1.3847793999999993,-41.72691666666668,-22.73170673333334,-13.327690466666663,-60.168151666666674,-35.529017133333355,-2.0550836999999973,-82.26546040000002,-33.6706003000001,-16.994444599999998,-99.03259143333335,-44.76493216666671,-36.14067036666667,-23.642298599999997,-8.653106700000023,-37.60296463333333,-60.24052346666667,-21.66693916666668,-42.6426582,-98.74730849999999,-28.98703310000002,-0.0013687642,0.00083614106,0.000105616535,-22.594595,-18.363655,-29.084352,5.411694,-48.425568,-25.543146,-28.246569,-71.969284,-41.55636,-5.202175,-103.27463,-23.722275,-41.857998,-121.8402,-29.247387,-44.98685,-28.09763,-11.141973,-48.078606,-64.85411,-21.017408,-60.334328,-103.24333,-11.349769
0.0,0.0,0.0,-11.933689187499994,-18.025849218749997,-21.399810906249968,1.3808704375000005,-41.71357421875,-22.75789446875001,-13.339231124999998,-60.14821909375001,-35.55538565625005,-2.057754906249997,-82.23434156250002,-33.710772656250015,-16.9945495625,-99.00089231250001,-44.80895899999996,-36.140755874999996,-23.641667812500003,-8.64031990625,-37.60758996875,-60.23297999999999,-21.680872031250033,-42.63696253125,-98.73658775000001,-29.017792781250023,-0.0014669681,0.00087305414,0.00012741963,-22.636446,-18.24858,-29.266249,5.5444074,-48.406193,-25.54635,-28.310022,-71.91554,-41.86567,-5.196048,-103.35878,-23.757326,-42.13812,-121.92433,-29.480234,-45.07849,-28.058886,-11.359932,-48.165325,-64.77757,-21.312927,-60.567326,-103.17422,-11.609794
0.0,0.0,0.0,-11.988449531249998,-18.187925093750007,-21.354045906250008,1.2381234375000005,-41.99218959375,-22.572938093749997,-13.578470218749999,-60.519633156249995,-35.18354518749999,-2.3989805312499897,-82.66048912500001,-33.15167728124999,-17.435837937499997,-99.46916696875,-44.04826271874998,-36.194184343749995,-23.64334128125,-8.514951843749998,-37.819457625,-60.367760718750006,-21.25746828125,-43.04478565625,-98.9252488125,-28.212029656249968,-0.0013657515,0.00080113835,0.0001534775,-22.356195,-18.349443,-29.065285,5.457591,-48.35716,-25.599157,-27.909266,-71.91698,-41.696533,-5.093778,-103.23458,-23.977005,-41.443367,-121.8965,-29.704687,-44.82546,-28.062614,-11.276218,-47.880867,-64.89061,-21.249363,-60.179745,-103.467255,-11.792776
0.0,0.0,0.0,-11.874531233333336,-17.902451666666668,-21.43322450000005,1.5055332333333311,-41.50417676666666,-22.900166866666666,-13.126539833333347,-59.85070233333333,-35.849173033333386,-1.7664441000000082,-81.90391756666666,-34.15582893333328,-16.61385523333335,-98.62913710000002,-45.41433503333337,-36.091574266666676,-23.637200499999988,-8.76755056666667,-37.41964706666668,-60.11998076666667,-22.033013966666715,-42.292144366666676,-98.58579909999997,-29.672684800000013,-0.0013527061,0.00081203936,0.00017637806,-22.26829,-18.498487,-28.994276,5.3693967,-48.568375,-25.627214,-27.924175,-72.20428,-41.415886,-5.293634,-103.48877,-23.639158,-41.47302,-122.01631,-29.116646,-44.725685,-28.106363,-11.240615,-47.85196,-65.02504,-21.064909,-60.229782,-103.4965,-11.4175005
0.0,0.0,0.0,-12.039039624999994,-18.32241109375,-21.34291762500004,1.1314665312500125,-42.174919531250005,-22.477126156249994,-13.741057624999996,-60.763233125000006,-34.96639546875002,-2.617315312499997,-82.93424165625001,-32.818851625000036,-17.723520843749995,-99.76112871875,-43.59703265625001,-36.234409093749996,-23.66622178125,-8.419008406249986,-37.95957237499999,-60.471514000000006,-20.9900066875,-43.30367346874999,-99.054724125,-27.722644906250025,-0.0012847238,0.0007834884,0.00020923048,-22.237411,-18.639399,-28.835798,5.313202,-48.6807,-25.83725,-27.905548,-72.44114,-41.18831,-5.2629156,-103.70587,-23.58535,-41.152733,-122.105415,-28.696875,-44.573257,-28.228258,-11.141843,-47.70169,-65.23457,-20.901917,-59.97232,-103.65664,-11.199981
0.0,0.0,0.0,-11.865128400000003,-17.87647903333333,-21.4299266000001,1.522673900000001,-41.46451453333333,-22.905812866666736,-13.10767963333334,-59.81453193333333,-35.88994146666664,-1.7420912333333334,-81.85819743333332,-34.1983714666668,-16.58247463333334,-98.58679279999997,-45.473236033333365,-36.088170266666665,-23.625511200000002,-8.786951866666755,-37.40375203333334,-60.09814343333332,-22.069754166666712,-42.267928000000005,-98.55913109999999,-29.744396033333373,-0.0011767979,0.0005561557,0.0001621769,-22.25461,-18.342016,-29.39293,6.3059225,-48.207832,-25.73239,-27.057596,-72.1453,-42.385674,-3.7591696,-103.583176,-24.072176,-40.30532,-122.642365,-30.1554,-44.594944,-28.533415,-11.621124,-47.14402,-65.322044,-21.905355,-59.230297,-103.958145,-12.470656
0.0,0.0,0.0,-12.010487531249993,-18.227867406249995,-21.34566300000006,1.1978687812500013,-42.056720874999996,-22.54860965625005,-13.640202875,-60.59437903125,-35.115220093750054,-2.4752385937499994,-82.743096125,-33.05370900000008,-17.53313853125,-99.5547239375,-43.914852937500086,-36.210246749999996,-23.65635115625,-8.470199562500056,-37.8707260625,-60.405035375,-21.16623587500004,-43.12821790625,-98.96966875000001,-28.05383393750003,-0.0013228433,0.000694604,0.00015241808,-22.29197,-18.31875,-29.336367,5.9681416,-48.321117,-25.474644,-27.443079,-72.036026,-42.066235,-4.429547,-103.42082,-23.765015,-41.0714,-122.29986,-29.827202,-44.766384,-28.264477,-11.524289,-47.551895,-65.0374,-21.629322,-59.843193,-103.57216,-12.084671
0.0,0.0,0.0,-11.912685593750005,-18.00900190625,-21.418658218750068,1.418779468749996,-41.666531625,-22.7926825937501,-13.26454559375,-60.07081234375,-35.63465965625005,-1.9629203125000032,-82.153675375,-33.82690043750006,-16.8703615625,-98.90244737500001,-44.976050375,-36.12613190625,-23.645391375000003,-8.69091131250002,-37.54674959375,-60.20688262500001,-21.78703581250005,-42.53050459375,-98.69860165625002,-29.210158218750053,-0.0012993051,0.00064349873,0.00015138686,-22.310776,-18.267872,-29.45583,6.1914253,-48.256615,-25.502136,-27.295137,-72.027245,-42.319736,-4.11019,-103.477974,-23.842573,-40.897434,-122.4566,-30.056162,-44.76345,-28.353138,-11.646551,-47.429592,-65.09246,-21.853752,-59.68629,-103.65519,-12.333791
0.0,0.0,0.0,-12.023621200000001,-18.107958900000003,-21.423411099999953,1.3100993000000045,-41.8395876,-22.7137198333333,-13.49061823333334,-60.34369826666668,-35.45534773333327,-2.227510966666671,-82.51359443333331,-33.49657089999994,-17.305989200000006,-99.33910019999999,-44.49575406666662,-36.227207033333336,-23.676432366666663,-8.577870700000005,-37.75630363333334,-60.30232556666667,-21.532510566666645,-42.9174811,-98.87040279999998,-28.638914100000022,-0.00130178,0.00076261593,0.0001575072,-22.126776,-18.48493,-28.90982,5.314278,-48.434982,-25.44691,-27.651308,-72.00305,-41.324615,-5.2029014,-103.13892,-23.747696,-41.1446,-121.81759,-29.434952,-44.670013,-28.016016,-11.155967,-47.752148,-64.922134,-21.01624,-60.042397,-103.5034,-11.5863905
0.0,0.0,0.0,-12.656308281250006,-18.369633156249996,-21.64262478125005,1.0999292812499988,-42.5359669375,-22.458330999999987,-14.500055624999995,-61.506119125000005,-35.0511170625,-3.073293906250001,-84.331228375,-32.18907178124999,-19.361191562499997,-101.73387396875,-42.632289875000026,-36.95896728125,-23.8857225625,-8.375041906250033,-38.76524465625,-60.6890675,-20.730361031250027,-44.754563624999996,-99.77118409375001,-26.18296331250002,-0.0014686256,0.0008280665,0.0001683075,-22.398523,-18.23493,-29.293144,5.6396227,-48.354816,-25.438316,-27.917965,-71.85921,-41.949768,-5.0496316,-103.270584,-23.784178,-41.787037,-121.95157,-29.792015,-44.950306,-28.020887,-11.489112,-47.966286,-64.77167,-21.511395,-60.42386,-103.27644,-11.947645
0.0,0.0,0.0,-13.722978281249993,-18.867890125,-22.046401906250026,0.7887294062500061,-43.73253165625,-22.108296406250076,-16.232771468749995,-63.488505187499996,-34.39718428125008,-4.452524843749998,-87.333585375,-29.87687112499998,-22.713627343749994,-105.54517975,-39.212886718749985,-38.104774718749994,-24.28357925,-7.978714000000025,-40.3577179375,-61.39443531250001,-19.400117843750024,-47.66457703124999,-101.04051875,-22.096672875000024,-0.001448601,0.0007827204,0.00018601368,-22.232935,-18.21858,-29.214819,5.5880785,-48.25719,-25.356388,-27.63408,-71.68574,-41.88418,-4.974295,-102.9907,-23.90506,-41.39794,-121.708755,-30.08287,-44.851727,-27.952522,-11.4703865,-47.817017,-64.70125,-21.544092,-60.19547,-103.28346,-12.200423
0.0,0.0,0.0,-14.656683499999996,-19.46519500000001,-22.3324310000001,0.39275380000000126,-45.023949833333326,-21.648719433333326,-17.86119103333333,-65.47922393333334,-33.42122713333333,-5.844619833333333,-90.02782923333334,-27.282431166666697,-25.725717766666666,-108.7262016,-35.487151133333384,-39.04150586666666,-24.64164379999999,-7.634438000000046,-41.79873216666666,-62.106195100000015,-17.92137760000014,-50.22773303333333,-101.97449753333333,-18.035503200000107,-0.0012958748,0.00072784536,0.00018095244,-22.065672,-18.404507,-28.931446,5.3824105,-48.307022,-25.501188,-27.471207,-71.84092,-41.515594,-5.026439,-102.99943,-24.023432,-40.87932,-121.7273,-29.88543,-44.621964,-28.008192,-11.230335,-47.628513,-64.89335,-21.216309,-59.8626,-103.56713,-11.972695
0.0,0.0,0.0,-15.346887718750008,-19.770624874999996,-22.77097209375006,0.45129599999999925,-45.804296750000006,-21.592730500000016,-18.782772312500008,-66.81010703125,-33.18418203125003,-6.2539290000000065,-91.8521271875,-25.772148000000016,-27.43069587500001,-110.86919146875002,-33.30791265625004,-39.71436750000001,-25.037660562499994,-7.593913000000043,-42.59585456250001,-62.6543736875,-17.31896768750005,-51.609831437500006,-102.60635143750001,-15.729451906250006,-0.0012932576,0.00077985995,0.00017263893,-22.249834,-18.55188,-28.890043,5.3018956,-48.577282,-25.666979,-27.89308,-72.23954,-41.261562,-5.284682,-103.469696,-23.638199,-41.299435,-121.96814,-28.973335,-44.664017,-28.128952,-11.1397915,-47.788815,-65.072624,-20.932522,-60.078117,-103.529495,-11.303758
0.0,0.0,0.0,-15.855191266666672,-19.849028866666668,-23.176231066666787,0.6888257000000024,-46.05360366666666,-21.77896830000003,-19.219863800000006,-67.33074253333332,-33.51631083333342,-6.053038766666674,-92.66259569999998,-25.44123943333335,-28.106736933333337,-111.88438433333332,-32.86543793333345,-40.17061323333334,-25.357616733333334,-7.666669866666723,-42.95814713333334,-62.944517399999995,-17.36278490000001,-52.11108466666667,-102.96597383333332,-15.10181073333331,-0.0012240089,0.0007629186,0.00016206883,-22.278423,-18.741907,-28.715464,5.1240573,-48.814404,-25.66236,-28.044544,-72.54201,-40.745728,-5.5108237,-103.677155,-23.158487,-41.360733,-121.97635,-28.04278,-44.60298,-28.198395,-10.911407,-47.80564,-65.20825,-20.480118,-60.048878,-103.469315,-10.587809
0.0,0.0,0.0,-16.3223440625,-19.537753156249998,-23.81719018749999,1.078580281249998,-45.79528334375,-22.48054890625002,-19.47579265625,-67.12141278125,-34.82145787500002,-5.501790968750008,-92.69197021875,-26.609252031250037,-28.32428440625,-111.97337124999999,-34.428207375,-40.579185031250006,-25.5839596875,-8.077625312499947,-43.1482711875,-62.94624371875,-18.3261461875,-52.2073663125,-103.086609125,-16.306824562500026,-0.0011812449,0.00072977203,0.00016833506,-22.104158,-18.766108,-28.605234,5.0483336,-48.738113,-25.58899,-27.77223,-72.43139,-40.628223,-5.4583406,-103.44074,-23.273333,-40.966423,-121.82292,-28.267843,-44.488655,-28.141344,-10.84991,-47.664356,-65.17973,-20.440586,-59.832787,-103.542145,-10.7464485
0.0,0.0,0.0,-16.907514999999997,-19.520209749999996,-24.20305637499996,1.3003345312500088,-45.947964656249994,-22.754555656249977,-20.045730343749995,-67.391341,-35.37836837499992,-5.2745380625,-93.158583,-26.74138740625,-28.915866468749996,-112.47678246875,-34.671627874999956,-41.01575015624999,-25.876976906249997,-8.156580031249973,-43.548947749999996,-63.172042250000004,-18.465764968750022,-52.597083562499996,-103.35263471875,-16.239575312499994,-0.0010939639,0.00065345014,0.00018854979,-21.813917,-18.80624,-28.370718,4.936708,-48.540012,-25.541271,-27.245914,-72.196594,-40.447964,-5.2322006,-102.97253,-23.620668,-40.063057,-121.50459,-28.765623,-44.250797,-28.086605,-10.710274,-47.33262,-65.164795,-20.386133,-59.26545,-103.71885,-11.120123
0.0,0.0,0.0,-17.368811133333338,-19.51135423333332,-24.599805599999968,1.4854984666666695,-46.10735553333333,-23.002117833333273,-20.53316913333333,-67.62019569999998,-35.851200233333316,-5.135669400000005,-93.5668290333333,-26.783945633333303,-29.42032796666667,-112.84399556666668,-34.87507409999995,-41.36813883333333,-26.07845916666666,-8.308382033333373,-43.88434633333333,-63.32448596666665,-18.611002533333306,-52.960598233333336,-103.52485843333332,-16.230806533333293,-0.00083638926,0.000413713,0.00020944035,-20.835068,-18.808884,-27.484901,4.269296,-47.609833,-25.180859,-25.377142,-70.850685,-39.66463,-4.5780745,-100.55177,-25.022041,-36.89257,-119.582825,-30.882654,-43.534187,-27.710201,-10.042929,-46.275227,-64.751526,-20.064215,-57.191242,-103.878494,-12.5582905
0.0,0.0,0.0,-17.788759999999996,-19.47155215625,-24.922830531249986,1.7002733437499984,-46.24026859375,-23.255759031250022,-20.965189437499994,-67.7888435625,-36.26762462499994,-4.940760937500002,-93.86581025000001,-26.980073843750006,-29.81132259375,-113.1162424375,-35.166185281249966,-41.66749415625,-26.30168053125,-8.411306437500002,-44.15041309375,-63.468478875,-18.746933781249936,-53.2010829375,-103.70225628125,-16.295478781249926,9.331104e-05,-0.0007653681,1.650343e-05,-16.831266,-18.626364,-24.614012,2.368775,-44.95852,-23.839613,-19.83777,-66.113014,-37.282227,-4.0000997,-92.165405,-28.779314,-28.262444,-110.67314,-37.010807,-40.507965,-25.749365,-8.89871,-42.819283,-62.59444,-20.148104,-51.33651,-101.792885,-19.181349
0.0,0.0,0.0,-18.101199933333326,-19.397418966666667,-25.166722666666658,1.9919925666666742,-46.27645050000001,-23.448053999999956,-21.31461023333333,-68.02574166666666,-36.705931633333364,-4.740871899999995,-94.1811631,-27.120543333333387,-30.123418866666658,-113.41295163333335,-35.40089636666664,-41.89626513333332,-26.49217709999999,-8.510979166666687,-44.33165559999999,-63.62211463333334,-18.915119466666624,-53.38313759999999,-103.86755243333334,-16.327109733333373,0.0005877947,-0.0018071353,-9.376128e-05,-13.344271,-18.45885,-22.265438,1.3669829,-43.00885,-22.757414,-15.396975,-62.35326,-35.41202,-3.2135797,-85.542946,-31.356848,-20.947607,-102.884575,-41.40842,-37.57378,-24.184998,-8.53522,-39.51531,-60.95101,-20.609016,-45.950104,-99.65529,-25.055765
0.0,0.0,0.0,-18.38805396875,-19.35466240625,-25.42372231249999,2.232096124999998,-46.38114068750001,-23.614520968749957,-21.6360550625,-68.23019325,-37.05328937500002,-4.59260053125,-94.499275125,-27.194050812499995,-30.50146846875,-113.73293406250001,-35.5295143125,-42.09348725,-26.63682359375001,-8.623331062499972,-44.523613375000004,-63.72751703125,-19.074089968750002,-53.6286390625,-103.98681934375001,-16.295106999999973,0.0006956854,-0.0021146794,-8.87365e-05,-12.364234,-18.306799,-21.776316,1.4899309,-42.36314,-22.639074,-13.909912,-61.244198,-35.30543,-2.3554828,-83.76969,-32.386646,-18.42625,-100.83854,-43.04135,-36.718304,-23.919277,-8.715296,-38.304417,-60.618454,-21.155434,-43.939213,-99.248436,-27.157614
0.0,0.0,0.0,-18.686158499999998,-19.2217229375,-25.666601125,2.4936875937500034,-46.334068718750004,-23.87751471874998,-21.925746906249998,-68.28438384375,-37.565887375000045,-4.330241093749997,-94.68217000000001,-27.49538881250004,-30.71949921875,-113.93875721875,-35.94237131250003,-42.269262375,-26.7948021875,-8.707269687500002,-44.651902375,-63.808477343749985,-19.34627234375006,-53.7085933125,-104.10902625,-16.491164218749987,0.0006821115,-0.0019440736,-0.00015667114,-13.136176,-18.383862,-21.918768,0.8973675,-42.81831,-22.60711,-15.443815,-61.846806,-35.065525,-3.8017313,-84.73401,-31.52113,-20.909985,-101.75575,-41.686783,-37.344723,-23.800135,-8.309913,-39.536266,-60.549908,-20.42086,-45.967968,-99.07393,-25.449083
0.0,0.0,0.0,-18.905993000000006,-19.179385666666665,-25.901201466666578,2.66583829999999,-46.42611386666667,-23.997400033333236,-22.229867266666666,-68.4294641,-37.86343899999997,-4.263478633333335,-94.95504919999999,-27.54230976666662,-31.07405916666667,-114.18946693333332,-36.01881830000002,-42.44149806666667,-26.8821408,-8.842959733333316,-44.83518333333334,-63.87028269999999,-19.468304566666745,-53.9605152,-104.16431403333334,-16.483924466666622,0.0007059929,-0.0019357175,-0.00017058272,-13.142484,-18.45284,-21.869894,0.9168446,-42.86571,-22.568521,-15.424956,-61.950245,-34.94754,-3.7542984,-84.80517,-31.403301,-20.859741,-101.85055,-41.486088,-37.30042,-23.887457,-8.200549,-39.47026,-60.662308,-20.245497,-45.860027,-99.16993,-25.199944
0.0,0.0,0.0,-19.1179186875,-19.104103437499994,-26.07468887500005,2.876955062500002,-46.3745030625,-24.201625750000062,-22.41265525,-68.45019721874999,-38.247560343750024,-4.006106343749998,-95.08235099999999,-27.770985562500073,-31.20393078125,-114.34538846875,-36.360715781250065,-42.55275146875,-27.013620312500002,-8.932684968750038,-44.90256778125,-63.93779903124999,-19.692361812500053,-53.963805875000006,-104.268749375,-16.674550937500044,0.0007525766,-0.002188286,-0.00015733956,-12.283682,-18.308651,-21.56495,1.0373185,-42.421265,-22.388655,-14.228987,-61.069675,-34.873627,-3.160243,-83.446686,-32.039925,-18.960688,-100.19161,-42.72214,-36.6666,-23.54859,-8.593294,-38.604576,-60.274082,-20.889715,-44.481884,-98.68678,-27.05562
0.0,0.0,0.0,-19.171451899999997,-19.142332833333327,-26.102029566666715,2.9159793666666616,-46.43857870000001,-24.2018688,-22.515416133333336,-68.54201823333332,-38.22989109999992,-4.009730266666665,-95.20164336666667,-27.672564866666676,-31.33059456666667,-114.45869466666664,-36.21139953333335,-42.57824956666667,-27.0507419,-8.923789633333342,-44.9429817,-63.992086233333346,-19.620252566666693,-54.02822703333334,-104.3092828,-16.5034445666667,0.0008077759,-0.0021336696,-0.00018658325,-12.643062,-18.400259,-21.568424,0.811126,-42.62199,-22.385012,-14.835814,-61.39981,-34.707333,-3.667425,-83.89808,-31.6896,-19.900265,-100.70217,-42.086163,-36.89244,-23.629791,-8.260075,-39.031395,-60.39454,-20.401405,-45.165092,-98.80044,-26.127947
0.0,0.0,0.0,-18.913833031249997,-19.134653187499993,-25.889702874999955,2.8446210625000035,-46.295760968749995,-24.113359468750048,-22.179803999999997,-68.30254912500001,-38.07072909375,-3.9718960312499902,-94.83310503125,-27.851424156250005,-30.855425187499996,-114.07532046875002,-36.401269062500035,-42.3626625625,-26.95072909374999,-8.855404906250044,-44.68248059375,-63.910709375,-19.58392821875003,-53.672244281249995,-104.22179334375,-16.80209071874998,-0.00104425,0.0005777548,0.0001917222,-21.303316,-18.751377,-28.227541,4.7900333,-48.209927,-25.134327,-26.416998,-71.63685,-40.33872,-5.0898943,-102.037766,-24.009775,-39.167595,-120.881966,-29.851786,-44.054283,-27.814838,-10.668818,-47.03497,-64.87022,-20.485706,-58.84919,-103.72781,-11.881215
0.0,0.0,0.0,-18.38643934375,-19.197102156249993,-25.464821687499978,2.5847665625000005,-46.127547375000006,-23.84404753125,-21.525763,-67.99015734375,-37.514247843749956,-4.077709375000005,-94.26168787499999,-27.87775131249998,-30.077819750000003,-113.4870140625,-36.35667118750001,-41.9526428125,-26.7385750625,-8.712084593749978,-44.24713540625,-63.77330375000001,-19.40376837499997,-53.132172625,-104.07382993750001,-16.98942662500002,-0.0010738181,0.00058673765,0.00023387717,-21.006182,-18.903664,-28.105778,4.6251783,-48.35193,-24.957674,-26.174528,-71.75676,-39.971985,-5.345041,-101.98378,-23.705425,-38.97592,-120.775604,-29.583109,-43.890976,-27.726288,-10.648983,-46.94988,-64.88185,-20.329905,-58.877323,-103.74552,-11.750352
0.0,0.0,0.0,-17.854129117647055,-19.27263529411764,-25.088976735294125,2.318466205882359,-46.061167000000005,-23.631665411764686,-20.93628402941176,-67.80512055882353,-36.99592582352943,-4.309835352941164,-93.9082019117647,-27.770472705882355,-29.497105794117644,-113.10408173529412,-36.11582232352947,-41.54389820588234,-26.535052235294117,-8.62270408823531,-43.87207599999999,-63.661149558823524,-19.286077205882407,-52.74513611764705,-103.91352464705882,-17.084057058823532,-0.0010759962,0.00060009444,0.0001848308,-21.301916,-18.800428,-28.255108,4.7617974,-48.338345,-25.024004,-26.512848,-71.767876,-40.216244,-5.267097,-102.17213,-23.69988,-39.438328,-120.97547,-29.503077,-44.08792,-27.79157,-10.674834,-47.131474,-64.868866,-20.389198,-59.066525,-103.65597,-11.608148
0.0,0.0,0.0,-17.437673235294113,-19.296189882352945,-24.7393602352941,2.090134617647074,-45.911475441176464,-23.47031541176466,-20.44629211764705,-67.54299305882353,-36.565935970588214,-4.426319352941171,-93.47251973529411,-27.796007999999972,-28.90753852941176,-112.65447950000001,-36.07820573529409,-41.187061764705874,-26.360784794117652,-8.463831382352907,-43.51718047058823,-63.54017464705882,-19.14878305882354,-52.299512470588226,-103.77233191176471,-17.214220029411706,-0.001127817,0.0006138979,0.00018956652,-21.016117,-18.721275,-28.204529,4.6295485,-48.145027,-24.740261,-26.09757,-71.37806,-40.16475,-5.297803,-101.57512,-23.882772,-39.07567,-120.52991,-30.15432,-44.03007,-27.55245,-10.710328,-47.052147,-64.59686,-20.501368,-58.979866,-103.54725,-12.086987
0.0,0.0,0.0,-17.0213765882353,-19.321881529411776,-24.412491764705806,1.9013429411764662,-45.84154252941176,-23.273446441176475,-20.015539411764706,-67.37177411764706,-36.18188205882353,-4.608739029411765,-93.17604879411765,-27.67602267647061,-28.49249929411765,-112.30958120588234,-35.88966188235298,-40.88092094117647,-26.176511411764707,-8.36670914705877,-43.23544473529412,-63.41025455882354,-19.033652735294083,-52.03381438235294,-103.60982220588237,-17.247122382352927,-0.0012951185,0.0006891759,0.00020964752,-20.998983,-18.573486,-28.417997,4.7968144,-48.095592,-24.542215,-26.016226,-71.21942,-40.434666,-5.240796,-101.48767,-23.765636,-39.324303,-120.4889,-30.427567,-44.142765,-27.460623,-10.952323,-47.1178,-64.41947,-20.829296,-59.204422,-103.33961,-12.408604
0.0,0.0,0.0,-16.700704406250004,-19.288919093750003,-24.1855324375,1.780750312500004,-45.647666375,-23.219017874999963,-19.594839468750003,-67.076474375,-35.99369715624999,-4.597852500000002,-92.7387100625,-27.91353612499995,-27.9469780625,-111.84334390625003,-36.15542787499999,-40.604241375,-26.03743190625,-8.325818968750013,-42.915630875000005,-63.28195100000001,-19.054124874999957,-51.6019840625,-103.46836437500001,-17.61332699999997,-0.0012582971,0.00045270874,0.00012188261,-21.395378,-18.192131,-29.406284,6.3063526,-47.890984,-24.322927,-25.377258,-71.149345,-42.005573,-3.308698,-101.91117,-23.58524,-38.896935,-121.462296,-31.52795,-44.39876,-28.015627,-11.725308,-46.617348,-64.62062,-22.153358,-58.618774,-103.47208,-13.6289
0.0,0.0,0.0,-16.434008906249996,-19.333028625,-23.98950287499997,1.6199918750000109,-45.624357062499996,-23.04037943749995,-19.358648687499997,-66.96718684375,-35.70686724999996,-4.773505093749996,-92.53053303124999,-27.81809815624996,-27.699408156249994,-111.61192109375001,-35.95110034375,-40.392896781249995,-25.8997048125,-8.28966615624995,-42.74033324999999,-63.202639000000005,-18.919649093749968,-51.443031624999996,-103.34508671875001,-17.597060281249924,-0.00097502023,0.00018685625,0.000103883096,-22.066639,-18.209742,-29.93699,7.442342,-47.959476,-25.385626,-25.822458,-72.12043,-43.270164,-2.079182,-103.635124,-23.904081,-39.07534,-123.30357,-31.035345,-44.438156,-28.943888,-12.139813,-46.30962,-65.56866,-22.817871,-58.23442,-104.27683,-13.513324
0.0,0.0,0.0,-16.224524705882345,-19.367900735294114,-23.792171588235362,1.452942117647062,-45.553851117647056,-22.942323617647105,-19.165119970588236,-66.80989194117647,-35.444700294117695,-4.897087647058818,-92.2474824117647,-27.81076223529419,-27.430840794117643,-111.31645567647061,-35.88116900000006,-40.211616529411764,-25.786371735294125,-8.198646058823556,-42.58863558823529,-63.126609735294124,-18.76597411764709,-51.23743479411765,-103.2379415882353,-17.619084823529477,-0.0006426831,-0.00011720686,0.00020317877,-20.002531,-19.012115,-28.725058,6.8211465,-47.836716,-24.007706,-22.627014,-71.79901,-40.876972,-1.4350263,-101.62204,-23.189825,-34.710213,-121.894775,-30.988934,-43.10832,-28.68667,-11.35333,-44.576015,-65.61898,-21.685911,-55.691284,-104.781715,-13.609626
0.0,0.0,0.0,-16.020586852941175,-19.414937882352945,-23.58991552941177,1.3416493823529478,-45.543843823529414,-22.7538085294118,-18.995870176470586,-66.74970497058823,-35.09878185294116,-5.017870764705883,-92.09496038235295,-27.620699852941186,-27.257987,-111.12676826470587,-35.64622238235296,-40.04285894117647,-25.678901294117644,-8.1009601470588,-42.47051138235294,-63.062422411764715,-18.575751941176463,-51.121007588235294,-103.1378471764706,-17.491242352941185,-0.0007264904,-0.00010382754,0.00012875654,-21.446266,-18.567144,-29.828098,7.94575,-48.060966,-25.138935,-24.524195,-72.59888,-42.936275,-1.1011144,-103.83906,-23.359024,-37.402912,-123.825325,-30.563164,-43.883038,-29.32481,-12.174186,-45.3563,-66.08597,-22.806787,-57.05545,-104.83198,-13.481364
0.0,0.0,0.0,-15.864298294117653,-19.411246029411767,-23.39908464705877,1.2315483823529334,-45.49971155882352,-22.589340117647055,-18.869794970588238,-66.62286155882353,-34.83623002941175,-5.125377117647069,-91.88626867647058,-27.518346441176504,-27.122906205882355,-110.8853235882353,-35.534820558823526,-39.925174558823535,-25.55536020588234,-8.028181941176456,-42.40005947058824,-62.961617941176456,-18.460089205882355,-51.04240270588236,-103.01347885294119,-17.467254500000024,-0.00054133683,-0.00022093992,0.00012135987,-20.154202,-19.246506,-28.97535,7.568293,-48.101963,-23.638254,-22.31333,-72.40741,-40.869564,-0.5140384,-102.24139,-22.18343,-34.465237,-122.82233,-30.081463,-43.08719,-29.247936,-11.31303,-44.20844,-66.13392,-21.516531,-55.247627,-105.07009,-12.898984
0.0,0.0,0.0,-15.764997812500003,-19.445299625000004,-23.274207187499997,1.1574330312499939,-45.448507625000005,-22.46515759374995,-18.770606656250003,-66.5105496875,-34.64610481249997,-5.172650562500003,-91.67995428125,-27.515315218750004,-26.973330875000006,-110.66602546875002,-35.518941062500005,-39.840780625,-25.49201203125,-7.932066937500053,-42.32256840625,-62.907933656249995,-18.29754081249996,-50.91473603125,-102.93782521875,-17.457795250000004,-0.0009844173,5.335681e-05,0.00015099016,-20.547,-18.24761,-29.621082,7.117211,-47.770473,-23.947615,-23.547552,-71.20052,-42.3085,-1.9343814,-101.81028,-23.353792,-36.876,-121.876,-32.18672,-43.87182,-28.206963,-12.305877,-45.51388,-64.84669,-22.984846,-57.391376,-103.91804,-14.762257
0.0,0.0,0.0,-15.653938843750002,-19.445570437500006,-23.19826403124995,1.1223442187499941,-45.4549454375,-22.35586640624996,-18.676480750000003,-66.47868140625,-34.52904228125004,-5.241346093750003,-91.63297518750001,-27.394005687499998,-26.926856343750003,-110.60775174999999,-35.40275749999995,-39.774557343750004,-25.4234378125,-7.913702937499977,-42.298964187500005,-62.83433731250001,-18.322398062499985,-50.93685334375,-102.864018,-17.431059749999974,-0.0009966929,5.5812765e-05,0.000113389964,-20.849218,-18.12186,-29.84793,7.3071384,-47.76311,-24.127724,-23.899841,-71.25663,-42.73382,-1.8574563,-102.11185,-23.44832,-37.39479,-122.16834,-32.263134,-44.053413,-28.304752,-12.435351,-45.683224,-64.881714,-23.198446,-57.651234,-103.89738,-14.784455
0.0,0.0,0.0,-15.608985588235292,-19.436296088235295,-23.153422647058846,1.103925647058837,-45.38348958823529,-22.35715002941174,-18.60099797058823,-66.36901567647058,-34.51419261764704,-5.204982205882352,-91.4900399117647,-27.48589188235286,-26.80154402941176,-110.47314688235295,-35.538930617647054,-39.75670276470588,-25.40317602941176,-7.900098911764644,-42.24634329411764,-62.80386155882353,-18.278550264705814,-50.82581805882353,-102.83158597058822,-17.532567676470535,-0.00048468422,-0.00029535088,-3.057646e-05,-21.920364,-19.008244,-30.118063,9.007056,-48.513153,-24.575798,-24.323149,-73.62749,-42.728485,0.26860875,-104.81829,-21.674099,-37.20991,-125.26117,-28.784586,-43.900185,-30.311167,-11.779969,-44.864445,-66.97433,-22.140352,-56.326553,-105.24553,-11.865926
0.0,0.0,0.0,-15.600014794117637,-19.462072176470585,-23.169896588235417,1.090232617647061,-45.425774352941175,-22.30075338235298,-18.613591117647054,-66.40503058823529,-34.47308423529421,-5.261701382352932,-91.52832138235294,-27.38860550000004,-26.86881476470588,-110.4972104117647,-35.436404000000095,-39.75808279411764,-25.38619920588235,-7.894636323529426,-42.28141711764705,-62.782564617647054,-18.279152264705942,-50.90945461764705,-102.80978938235296,-17.453055794117688,-0.0007935206,-4.9488997e-05,1.3306744e-06,-22.227125,-18.50527,-30.434635,8.475351,-48.50584,-24.882723,-25.521091,-73.1408,-43.354767,-1.1649727,-104.84011,-22.199844,-39.285564,-124.72597,-29.447554,-44.425144,-29.63027,-12.313522,-45.928913,-66.2293,-22.76595,-58.07032,-104.48266,-12.467992
0.0,0.0,0.0,-15.941955000000007,-19.327830617647056,-23.618180323529486,1.3337280588235245,-45.410398852941185,-22.524970588235306,-18.884837264705887,-66.54987647058825,-35.05693508823532,-5.057962235294127,-91.90724970588236,-27.492295235294137,-27.40534023529412,-111.04390982352942,-35.6466037647059,-40.204329882352944,-25.537598,-8.075707000000023,-42.62714467647059,-62.797432617647075,-18.57334191176477,-51.367734500000005,-102.93461894117647,-17.383590705882455,-0.0002844559,-0.0004557223,-0.00019974177,-22.542416,-19.128922,-30.529104,9.977274,-48.638027,-24.416777,-24.371037,-74.177795,-43.128258,1.5422379,-105.51062,-20.923487,-37.240543,-126.32459,-28.058138,-44.051308,-31.13005,-11.611185,-44.545,-67.59559,-21.979723,-55.753246,-105.50622,-11.076351
0.0,0.0,0.0,-16.6636756875,-19.272445500000003,-24.366446375000066,1.7109377812499957,-45.6712270625,-22.851846718749982,-19.61191221875,-67.17581571875,-35.82716078125003,-4.881925093749999,-92.96749868750001,-27.243840156249973,-28.60199471875,-112.347595875,-35.391838218750024,-40.9220165625,-25.905122750000004,-8.316984187500054,-43.29378359375,-63.04684840625001,-18.87823962500005,-52.31006865625,-103.30463028125,-16.752240187500036,-0.0001369384,-0.00056865625,-0.00030904968,-22.771135,-19.292038,-30.629147,10.522769,-48.658386,-24.239103,-24.121351,-74.457924,-43.164574,2.4894135,-105.68535,-20.525904,-36.692215,-126.83721,-27.728834,-44.027325,-31.631296,-11.403479,-44.18355,-68.00558,-21.77346,-55.078033,-105.791695,-10.6858835
0.0,0.0,0.0,-17.378704852941173,-19.448120676470584,-24.83835105882349,1.858379499999998,-46.16318388235294,-22.852598382352937,-20.498066823529413,-68.02413102941176,-35.92793911764704,-4.992888000000001,-94.08813747058824,-26.334653117647008,-29.83046023529412,-113.65436485294119,-34.21593791176474,-41.53642194117647,-26.249137264705883,-8.337175323529436,-43.9559114117647,-63.439643970588236,-18.474957705882332,-53.20383326470588,-103.70098626470586,-15.289997794117596,-0.00013573798,-0.0005459682,-0.00029584608,-22.712164,-19.342947,-30.479033,10.32854,-48.65163,-24.267859,-24.143648,-74.43651,-42.953667,2.3174703,-105.5725,-20.603916,-36.60258,-126.690765,-27.66381,-43.97999,-31.562841,-11.281364,-44.20856,-67.98377,-21.601976,-55.056576,-105.81154,-10.588015
0.0,0.0,0.0,-17.90577670588235,-19.35359638235294,-25.27791011764708,2.133064294117652,-46.18168305882353,-23.067322588235243,-20.97488644117647,-68.16912708823529,-36.51347791176465,-4.719832205882355,-94.40900961764704,-26.499125764705866,-30.382858029411764,-114.0790421764706,-34.55226044117643,-41.9592689117647,-26.452703882352942,-8.441385588235278,-44.29931564705882,-63.540389382352956,-18.683210441176413,-53.5447559117647,-103.84187564705881,-15.327161794117671,-0.00020098033,-0.00048044618,-0.00032504374,-22.916819,-19.270056,-30.587183,10.342821,-48.669075,-24.181273,-24.391703,-74.377396,-43.03985,2.2506907,-105.57121,-20.476826,-37.018425,-126.682205,-27.632181,-44.14541,-31.55233,-11.255051,-44.394463,-67.89758,-21.574839,-55.289104,-105.637,-10.464328
0.0,0.0,0.0,-18.34036111764706,-19.25947502941176,-25.68455041176469,2.388199,-46.26241976470588,-23.23754532352939,-21.469003000000004,-68.35007273529412,-37.06679758823526,-4.555536441176471,-94.80759391176471,-26.52067649999998,-31.037132705882353,-114.52544202941175,-34.73587929411764,-42.30212167647059,-26.609864617647055,-8.584352411764712,-44.636242205882354,-63.62020623529412,-18.886290558823532,-53.959799852941174,-103.92640241176471,-15.236187176470537,-0.00010271279,-0.0005987508,-0.00023275842,-22.123596,-19.378864,-30.270184,10.093659,-48.552044,-23.905106,-23.353981,-74.10464,-42.55135,2.2785566,-104.89771,-20.635637,-35.71455,-126.11406,-28.130398,-43.724003,-31.289412,-11.288226,-43.904324,-67.763916,-21.596014,-54.67755,-105.802895,-11.027192
0.0,0.0,0.0,-18.743556794117648,-19.094624941176466,-26.115385058823506,2.69815255882353,-46.15701005882353,-23.594021058823557,-21.791060117647064,-68.30866679411764,-37.81388041176467,-4.190796999999996,-94.96756644117647,-27.03778076470587,-31.375824088235298,-114.76964452941178,-35.48137797058814,-42.566607852941175,-26.788988470588233,-8.839662294117659,-44.805621676470594,-63.67155229411766,-19.367301323529375,-54.068851323529415,-104.03480564705883,-15.650470323529362,-0.00012533003,-0.0005767385,-0.00028063398,-22.582018,-19.303028,-30.52813,10.37557,-48.62199,-24.138376,-23.90627,-74.33298,-42.988014,2.396415,-105.43167,-20.569132,-36.43955,-126.597244,-27.869066,-43.948956,-31.510096,-11.370181,-44.120476,-67.91104,-21.723503,-54.98713,-105.77437,-10.794537
0.0,0.0,0.0,-19.062548,-18.88981975,-26.509406093750044,2.9838282812499983,-46.0585934375,-23.886131250000062,-22.12368565625,-68.2539779375,-38.56923006250008,-3.9643804374999974,-95.14411037500001,-27.444353218749995,-31.8725343125,-114.98132909375002,-36.07951162500001,-42.80049075,-26.88311759375,-9.076656312500006,-44.9864535,-63.65347196875,-19.804079125000044,-54.32214725,-104.03786521875,-15.988372750000053,-5.3133946e-05,-0.000635023,-0.00024024463,-22.334656,-19.414057,-30.317675,10.238928,-48.59214,-24.272097,-23.65954,-74.37767,-42.776466,2.3755147,-105.36027,-20.785501,-35.908005,-126.50917,-27.88577,-43.73976,-31.487663,-11.321807,-43.92936,-67.995926,-21.653896,-54.69974,-105.98198,-10.886191
0.0,0.0,0.0,-19.38255161764706,-18.653672470588237,-26.8938706764705,3.3618877352941183,-45.88083052941175,-24.220814558823463,-22.313163735294115,-68.13445658823531,-39.39521161764702,-3.5178329117646996,-95.34628570588235,-27.957622000000015,-32.14580294117647,-115.28973185294117,-36.78567767647053,-42.98095432352941,-27.042659764705892,-9.342231411764658,-45.01812235294118,-63.686883588235304,-20.31999920588231,-54.330873499999996,-104.12913802941178,-16.38597023529411,-5.6699137e-05,-0.0006220187,-0.00022248768,-22.163284,-19.427471,-30.193413,10.055508,-48.539146,-24.151068,-23.462732,-74.20685,-42.563705,2.2686594,-105.02936,-20.850388,-35.64202,-126.19366,-28.059626,-43.671734,-31.360493,-11.240861,-43.88075,-67.88062,-21.556425,-54.59191,-105.936554,-10.984261
0.0,0.0,0.0,-19.702298764705883,-18.527570029411763,-27.22760894117647,3.659239176470585,-45.811535705882356,-24.36164494117645,-22.556020264705886,-68.10436788235293,-39.92549220588239,-3.21337247058824,-95.6268620882353,-28.15210226470589,-32.52896735294117,-115.72257650000002,-37.00650994117649,-43.17848455882353,-27.170461558823526,-9.504750676470621,-45.11579652941177,-63.73822247058824,-20.607788882352963,-54.45310967647059,-104.21349555882354,-16.458104705882363,-4.6384594e-05,-0.0005794605,-0.00019802326,-21.897114,-19.462025,-29.876278,9.673346,-48.354794,-24.092968,-23.158827,-73.89621,-42.176857,2.124368,-104.40509,-21.216473,-35.044083,-125.6387,-28.416452,-43.514442,-31.174492,-10.992874,-43.761337,-67.73656,-21.298222,-54.262367,-105.96672,-11.109605
0.0,0.0,0.0,-19.936893264705876,-18.293463705882353,-27.66083288235302,4.20201467647059,-45.478496176470586,-24.825014735294133,-22.370030617647057,-67.99611961764707,-40.89634158823537,-2.3196387058823476,-95.79853223529412,-28.85696044117651,-32.233384588235296,-116.35079305882353,-37.71099758823533,-43.21549935294117,-27.504188117647068,-9.826545147058823,-44.804636970588234,-63.95737582352942,-21.301215558823515,-53.911294088235294,-104.5068165,-17.01356044117648,3.9926075e-05,-0.00063197943,-9.384687e-05,-20.691387,-19.888622,-28.93229,8.802965,-48.22151,-23.62107,-21.75321,-73.44791,-40.674473,1.8382641,-102.97612,-21.470919,-32.72821,-124.2844,-28.798597,-42.786327,-30.749344,-10.480704,-43.0775,-67.56581,-20.579695,-53.102985,-106.23329,-11.428831
0.0,0.0,0.0,-20.22706223529412,-18.185200117647053,-27.924499558823527,4.485340499999992,-45.44240514705882,-24.8810703235294,-22.538019264705884,-67.96023861764705,-41.32256544117655,-1.9770108529411772,-96.04449561764704,-28.837427529411684,-32.54261905882353,-116.76325341176471,-37.819048823529386,-43.374043441176475,-27.62772564705882,-9.92387676470588,-44.85532520588236,-64.00207105882352,-21.5091670294118,-53.97141644117647,-104.56056255882352,-17.003098588235275,6.738382e-05,-0.0006962981,-0.00010618087,-21.044012,-19.795664,-29.29675,9.355061,-48.244072,-23.938469,-22.011797,-73.739914,-41.36545,2.3366535,-103.648094,-21.510912,-33.080402,-124.99927,-28.752735,-42.92134,-31.0775,-10.772023,-43.06201,-67.82935,-21.012821,-53.156883,-106.396255,-11.526291
0.0,0.0,0.0,-20.437333250000002,-17.916124250000003,-28.232991187500033,4.720841593749995,-45.39294525,-25.133020375,-22.809543468750004,-67.89624121875,-41.941224999999974,-1.8913031250000074,-96.29429959375,-29.120886812500032,-33.114490375,-117.05101478124999,-38.163032531249996,-43.503979687500006,-27.650213750000006,-10.173475218750013,-44.98102862500001,-63.94912203125,-21.913512187500032,-54.24523531250001,-104.49516175,-17.19262896875,4.8639908e-05,-0.00069205044,-0.00010425066,-21.016651,-19.78024,-29.341028,9.388293,-48.263397,-23.856504,-21.964027,-73.72783,-41.384583,2.3415277,-103.647156,-21.417463,-33.10991,-125.019875,-28.77543,-42.937206,-31.053545,-10.825151,-43.06963,-67.79769,-21.064207,-53.213158,-106.36913,-11.564299
0.0,0.0,0.0,-20.696171558823533,-17.723282352941172,-28.507319735294118,4.967274411764706,-45.38822158823528,-25.254997735294126,-23.015214764705885,-67.84045670588236,-42.433659382352914,-1.6704870882352907,-96.52194585294117,-29.271150470588225,-33.493429029411764,-117.39412388235294,-38.394549205882356,-43.637480147058824,-27.727675617647062,-10.35799538235284,-45.05577726470588,-63.96007491176469,-22.18560714705876,-54.37013720588236,-104.49862582352941,-17.306263764705875,6.113916e-05,-0.0006891771,-8.951964e-05,-20.559036,-19.834017,-29.046867,9.086545,-48.10109,-23.552422,-21.314306,-73.34431,-40.92024,2.3264554,-102.86297,-21.577463,-32.20794,-124.34473,-29.240364,-42.705326,-30.833961,-10.652282,-42.79567,-67.601,-20.8846,-52.73865,-106.34877,-11.875978
0.0,0.0,0.0,-20.91288629411765,-17.545427617647057,-28.775955147058824,5.137074676470583,-45.42583335294117,-25.39225955882347,-23.282316911764706,-67.85256070588237,-42.84086970588237,-1.618207176470591,-96.8217177647059,-29.278745705882386,-34.062025000000006,-117.75103170588235,-38.428667852941146,-43.78046485294118,-27.759212147058825,-10.524055058823535,-45.20966305882354,-63.94096670588235,-22.4457047352941,-54.65676552941177,-104.4512850882353,-17.28913702941179,9.702152e-05,-0.00070965453,-8.1351085e-05,-20.380053,-19.876656,-28.861195,8.935913,-47.990597,-23.540424,-21.043781,-73.175835,-40.715298,2.375954,-102.50476,-21.804754,-31.6707,-124.00828,-29.476957,-42.565998,-30.7794,-10.526098,-42.625237,-67.56293,-20.780468,-52.38808,-106.39287,-12.046538
0.0,0.0,0.0,-21.169364264705884,-17.30516494117647,-28.993653323529372,5.3990899705882285,-45.301630264705885,-25.579189647058797,-23.433897029411767,-67.72663482352941,-43.38208097058816,-1.3155851764705915,-96.94253935294117,-29.5822772352941,-34.2983265,-118.01291755882355,-38.764743588235206,-43.893170705882355,-27.84118288235294,-10.71026344117638,-45.22124676470588,-63.944405558823526,-22.76269988235282,-54.65378444117647,-104.46230070588236,-17.49642955882348,8.933668e-05,-0.00070514425,-6.386291e-05,-20.297184,-19.940292,-28.792788,8.882388,-48.026222,-23.53405,-20.988022,-73.22551,-40.587173,2.324705,-102.50129,-21.774153,-31.55549,-123.987915,-29.37876,-42.5105,-30.772726,-10.4982,-42.589794,-67.59534,-20.708866,-52.341984,-106.44589,-11.98959
0.0,0.0,0.0,-21.60894314705883,-17.131640294117645,-29.237866617647057,5.709725794117645,-45.44679714705882,-25.63002455882355,-23.969987617647064,-68.03306017647058,-43.74829458823535,-1.24608094117648,-97.66282602941176,-29.146758088235288,-35.21972176470589,-118.81873455882354,-38.12914767647055,-44.148231941176476,-27.958848352941168,-10.816914294117623,-45.48237320588236,-64.05160691176472,-22.82643926470587,-55.16166044117648,-104.44202079411765,-16.892695705882375,0.00019601939,-0.000802494,-9.779788e-05,-21.122387,-19.775436,-29.193295,9.4065,-47.98269,-24.39559,-21.996824,-73.63283,-41.638405,2.7074249,-103.56006,-22.303072,-32.48711,-124.97433,-29.318474,-42.820797,-31.20906,-10.75994,-42.87518,-67.965614,-21.182966,-52.670815,-106.69107,-11.989548
0.0,0.0,0.0,-21.9020881875,-16.83118540625,-29.475115843750018,5.981177468750005,-45.33388496875,-25.743205187500052,-24.223756906250003,-67.95677937500001,-44.23983578125001,-1.0298321874999985,-97.879985875,-29.227122406250032,-35.66219346875,-119.14919256249999,-38.21945868750004,-44.30014240625,-27.988302906249995,-10.975254218750024,-45.56788703125,-64.01614634375,-23.08192650000001,-55.3219231875,-104.37142018750001,-16.915206000000012,0.0003607356,-0.0009188714,-6.870607e-05,-21.014246,-19.800547,-28.871456,9.25284,-47.58247,-24.83485,-21.735876,-73.30511,-41.656174,3.083166,-103.01693,-23.367622,-31.346146,-124.51782,-30.132061,-42.584408,-31.276495,-10.591836,-42.52926,-68.04263,-21.201952,-51.816128,-107.01227,-12.576944
0.0,0.0,0.0,-22.305655882352937,-16.571007323529415,-29.742355411764663,6.330185852941177,-45.28266361764706,-25.843870264705913,-24.618376794117644,-68.0224336470588,-44.756946411764716,-0.7747105588235357,-98.29609747058824,-29.17781161764708,-36.236102558823525,-119.65572202941176,-38.116339294117665,-44.5120324117647,-28.084830235294117,-11.131756029411747,-45.711739117647056,-64.0581543235294,-23.328407735294206,-55.556875588235286,-104.32305749999999,-16.79926791176473,0.0004328854,-0.0010016625,-0.0001439261,-22.773447,-18.778337,-29.90615,10.540083,-46.529026,-26.652634,-23.237623,-72.72113,-44.88259,4.7802777,-103.74223,-26.008095,-32.323875,-125.508644,-32.725513,-43.338898,-31.97344,-11.401146,-42.82446,-68.20175,-23.156828,-51.744106,-107.23342,-14.572883
0.0,0.0,0.0,-22.708752735294123,-16.29460479411765,-30.015890852941084,6.705595352941181,-45.16958114705882,-26.04445617647059,-25.01113223529412,-68.00102747058824,-45.39666752941173,-0.4217820000000003,-98.60216732352943,-29.366429029411734,-36.683986823529416,-120.06164897058827,-38.314613735294074,-44.72273029411765,-28.212476088235288,-11.338762294117657,-45.82669091176471,-64.08982888235295,-23.713689647058743,-55.69502217647059,-104.3147063235294,-16.936888676470574,0.00041899944,-0.0009793894,-0.00012930148,-22.547897,-19.118595,-29.878283,10.409747,-47.207012,-26.410696,-23.471195,-73.63602,-44.175045,3.9302309,-104.723854,-24.605444,-33.335724,-126.145706,-30.681969,-43.249622,-31.953857,-11.427713,-43.035378,-68.42752,-22.658623,-52.546482,-107.10914,-13.162477
0.0,0.0,0.0,-23.11668102941176,-16.15039111764706,-30.28688120588231,7.077959911764715,-45.22287188235294,-26.10472550000003,-25.47388911764705,-68.19396944117648,-45.805384029411755,-0.21811720588235062,-99.16028223529412,-29.15528947058823,-37.35423685294118,-120.66205688235293,-37.94553047058821,-44.93279985294117,-28.350304970588233,-11.505628558823503,-46.00276882352941,-64.177583,-23.879459058823613,-56.01084105882353,-104.26407985294118,-16.697926176470617,0.00034399118,-0.0009411097,-0.00015399847,-21.58979,-19.790766,-29.472311,9.966809,-48.010384,-24.938854,-22.483799,-74.13818,-42.29484,3.228474,-104.453514,-22.461327,-32.86258,-125.9066,-28.971323,-42.926567,-31.676388,-10.971848,-42.869503,-68.41576,-21.479124,-52.665203,-107.013626,-11.811923
0.0,0.0,0.0,-23.577915529411772,-16.110861294117644,-30.499497441176516,7.413193176470578,-45.23653435294118,-26.183616294117712,-25.879572852941184,-68.35721947058823,-46.131789323529404,0.2882792941176433,-99.47146652941177,-28.958486323529485,-37.50688464705883,-121.25172658823526,-37.707218058823514,-45.156089235294125,-28.574931882352942,-11.524683352941167,-46.12406138235295,-64.38250776470588,-23.954804411764712,-55.992052852941185,-104.45836455882353,-16.518202823529464,0.0003583758,-0.0009262181,-0.00010276558,-21.939419,-19.71707,-29.493408,10.024422,-47.943684,-25.678822,-23.07149,-74.335075,-42.725277,3.2238882,-104.98064,-23.030962,-33.183445,-126.21965,-28.89186,-42.96192,-31.85556,-11.08427,-42.973446,-68.629105,-21.701698,-52.7399,-107.18101,-11.8588915
0.0,0.0,0.0,-24.041758218749997,-16.00327328125,-30.731820968749958,7.9125148124999996,-44.95333649999999,-26.426786281249917,-25.97584246875,-68.4362213125,-46.69648346874993,1.2577267187499999,-99.63231875,-29.15338596875,-37.051557,-121.9437008125,-37.70114021875003,-45.286567687499996,-28.937080937499996,-11.648029281249933,-45.935093843749996,-64.7075265,-24.215820187499958,-55.4357714375,-104.84061050000001,-16.6251381875,0.00027263022,-0.00083095615,1.6930233e-05,-21.824379,-20.021881,-29.112473,9.754129,-48.206657,-26.072542,-23.280722,-74.81281,-42.16358,2.898054,-105.41485,-22.937067,-32.914173,-126.317116,-27.923035,-42.728306,-31.948158,-10.931368,-42.906643,-68.94943,-21.327091,-52.5945,-107.48077,-11.316542
0.0,0.0,0.0,-24.430966264705884,-15.769432500000002,-30.93496970588228,8.23398729411764,-44.876532911764706,-26.57840770588234,-26.402413470588233,-68.42031138235293,-47.22186641176461,1.4654248823529414,-100.003757,-29.195316117647053,-37.67723014705882,-122.29643479411764,-37.67460358823524,-45.49919523529412,-29.014516705882354,-11.827452647058749,-46.11787838235294,-64.68317308823529,-24.527893147058762,-55.745248147058824,-104.68154120588237,-16.66668426470585,0.00026061994,-0.00084631855,1.7321287e-05,-21.566843,-20.188097,-29.006227,9.768093,-48.31245,-25.791092,-22.892118,-74.901085,-41.825325,3.0074956,-105.30525,-22.61851,-32.441948,-126.315155,-27.749956,-42.59009,-31.96979,-10.850542,-42.71378,-69.02801,-21.145819,-52.358845,-107.61125,-11.194998
0.0,0.0,0.0,-24.81034170588234,-15.586427529411763,-31.134125882353032,8.473168852941185,-44.848105911764705,-26.712502911764716,-26.814327235294108,-68.34344911764707,-47.70775385294121,1.6227931176470705,-100.27830002941177,-29.299405411764724,-38.20667764705881,-122.55245355882353,-37.81334382352941,-45.72659611764705,-29.091463647058827,-11.963512823529413,-46.32400685294117,-64.66120802941177,-24.810903411764684,-56.02482552941176,-104.58219779411765,-16.83159241176469,0.00027425142,-0.0008600189,9.916295e-05,-21.525183,-20.052736,-28.762978,9.504498,-47.982296,-26.299734,-22.888838,-74.518654,-41.973408,3.0025342,-104.92393,-23.612827,-31.876904,-125.81642,-28.512499,-42.43942,-31.875256,-10.815745,-42.57212,-68.9501,-21.316093,-51.943726,-107.72256,-11.814855
0.0,0.0,0.0,-25.18677300000001,-15.464977382352938,-31.415712470588232,8.759140029411753,-44.72544082352941,-27.002531352941105,-27.06438741176472,-68.36151023529412,-48.24810717647057,2.0159815294117536,-100.54627835294119,-29.539452176470604,-38.35099676470589,-122.98684379411765,-37.894580647058774,-45.89522111764707,-29.291652470588236,-12.149110882352886,-46.350350323529426,-64.78609005882353,-25.114557794117673,-55.979703235294124,-104.64992879411766,-16.97118329411768,0.00023393179,-0.0008578849,0.0001102932,-21.118898,-20.594154,-28.381378,9.508605,-48.437073,-25.953693,-22.35082,-75.10993,-40.996746,3.2022507,-105.16577,-22.725927,-30.84221,-126.117065,-27.38809,-42.088215,-32.1132,-10.508456,-42.159298,-69.413284,-20.660933,-51.37038,-108.21592,-11.037618
0.0,0.0,0.0,-25.46546435294118,-15.392073352941177,-31.567733764705906,8.88005923529412,-44.75682261764706,-27.141407735294194,-27.400305764705887,-68.40884364705883,-48.552568411764696,2.04703305882353,-100.84883364705881,-29.566992441176524,-38.79298,-123.23606514705881,-37.83748858823532,-46.0551490882353,-29.37661511764706,-12.244975441176507,-46.515567352941176,-64.81753902941176,-25.258021617647103,-56.23096741176471,-104.59747735294118,-16.954116941176494,0.00025249043,-0.00083943957,5.400405e-05,-21.578873,-20.495327,-28.690096,9.726499,-48.548878,-26.204187,-23.03912,-75.41137,-41.426273,3.0802977,-105.81507,-22.546352,-31.937109,-126.61869,-26.897146,-42.36135,-32.247547,-10.6804085,-42.512245,-69.48525,-20.823372,-51.960983,-108.04063,-10.698625
0.0,0.0,0.0,-25.490153531249998,-15.4038804375,-31.457769499999927,8.916735968749997,-44.618975718749994,-27.27100946874998,-27.37751421875,-68.233021,-48.61330131249997,2.257423968750004,-100.65376503124999,-29.95017249999995,-38.4383195,-122.97409371875,-38.33603584374998,-45.9818455,-29.423389,-12.215802281249978,-46.388876499999995,-64.83611496875001,-25.32450393749997,-55.93125384375,-104.68742321875,-17.362905562499975,0.0002537228,-0.0008473507,5.5011424e-05,-21.62716,-20.539038,-28.70596,9.798707,-48.603832,-26.31789,-23.120445,-75.56035,-41.462753,3.1229398,-106.01919,-22.508219,-31.970478,-126.773155,-26.706537,-42.346363,-32.336815,-10.717473,-42.494728,-69.59492,-20.845528,-51.95465,-108.105156,-10.622181
0.0,0.0,0.0,-25.304315970588238,-15.476085617647058,-31.130017499999894,8.896061500000009,-44.328241941176465,-27.390496558823486,-27.073221794117647,-67.8034625,-48.505833264705814,2.650626352941174,-99.96031202941175,-30.79001838235297,-37.348441617647055,-122.09840258823529,-39.60675505882347,-45.712712411764706,-29.430200176470592,-12.088427294117594,-46.0219149117647,-64.81651276470588,-25.385862411764663,-55.178772529411766,-104.89208135294116,-18.35819464705878,0.00024264582,-0.00080649124,5.422463e-05,-21.766008,-20.382608,-28.772417,9.662739,-48.521847,-26.41328,-23.396393,-75.38863,-41.628906,2.8522723,-105.950356,-22.698053,-32.455593,-126.60087,-26.87896,-42.47274,-32.204647,-10.741671,-42.7109,-69.40875,-20.925177,-52.25441,-107.871346,-10.695515
0.0,0.0,0.0,-25.089648382352944,-15.53144738235294,-30.779198117647013,8.86535379411766,-43.970562,-27.603786823529447,-26.686041000000003,-67.34478332352941,-48.43991008823525,3.0882961764705925,-99.22119264705881,-31.68388288235292,-36.167507323529414,-121.2200635,-40.90894902941176,-45.42799614705883,-29.446221441176473,-11.974042000000054,-45.61643617647059,-64.79513132352942,-25.53132267647061,-54.34103476470588,-105.08849105882352,-19.43216738235293,0.00022226723,-0.00075383496,5.353898e-05,-21.933619,-20.248318,-28.80722,9.479627,-48.478336,-26.477575,-23.73508,-75.23749,-41.714622,2.5187738,-105.895096,-22.816698,-32.991444,-126.42783,-26.963232,-42.62032,-32.05675,-10.713591,-42.979446,-69.21655,-20.925505,-52.612286,-107.629456,-10.684053
0.0,0.0,0.0,-24.87447505882353,-15.693224617647058,-30.496296558823587,8.763088852941173,-43.841137970588235,-27.697534970588265,-26.438803911764712,-67.26815597058824,-48.2154342941177,3.202613676470584,-98.85934552941177,-32.09053399999999,-35.37810958823529,-120.68325982352941,-41.380676323529485,-45.194228470588236,-29.471200970588235,-11.84523552941181,-45.35151329411765,-64.85732929411763,-25.48314267647055,-53.817594029411765,-105.25231552941175,-19.896139676470625,0.00018989792,-0.0007058743,6.458942e-05,-22.06619,-19.99017,-28.940643,9.3116865,-48.32788,-26.542612,-24.021818,-74.90464,-42.024376,2.1526,-105.71012,-23.128107,-33.637707,-126.13419,-27.439037,-42.8043,-31.815847,-10.817821,-43.280846,-68.8859,-21.153984,-53.073143,-107.27398,-11.004483
0.0,0.0,0.0,-24.647197,-15.96176432352941,-30.285282735294174,8.591383794117661,-43.847599588235305,-27.8216220294118,-26.25336944117647,-67.40508517647059,-47.908107058823475,3.1769026470588315,-98.70975385294118,-32.24542235294115,-34.74158361764705,-120.35773302941175,-41.47821400000004,-44.99483573529411,-29.529058382352943,-11.743064352941246,-45.1706914117647,-64.98008311764706,-25.35192597058824,-53.44827226470588,-105.43096182352942,-20.08508114705893,0.00017654645,-0.0006988314,0.00010253533,-22.12293,-19.734768,-28.914913,9.132552,-48.00756,-26.820688,-24.129353,-74.43632,-42.37513,2.0402677,-105.33572,-23.909193,-33.634525,-125.696724,-28.326021,-42.84226,-31.619043,-10.8970785,-43.36379,-68.625374,-21.465174,-53.097,-107.13971,-11.690896
0.0,0.0,0.0,-24.398322656249995,-16.217895031250002,-30.09778778125002,8.466066375000004,-43.83011103125,-27.957297343750042,-26.020258343749994,-67.51252975,-47.631478281250054,3.222309531250005,-98.58189603125,-32.42434028125001,-34.009153687499996,-120.13796765624998,-41.556124656250006,-44.778931343749996,-29.5888006875,-11.662273374999984,-44.95726181249999,-65.11695084374999,-25.228805531249975,-52.9971051875,-105.62225578124999,-20.328579906250013,-8.539984e-05,-0.00050211826,0.0002649346,-22.60852,-18.531857,-29.085173,8.249429,-46.934174,-28.186962,-25.325161,-72.57773,-44.135437,0.8722531,-104.17051,-27.107946,-34.908863,-123.98747,-31.880732,-43.341797,-30.642271,-11.48302,-44.300068,-67.37753,-22.998013,-54.18496,-106.329666,-14.471202
0.0,0.0,0.0,-24.07687164705882,-16.46453582352941,-29.877230470588245,8.297617147058823,-43.899439441176476,-28.023688852941234,-25.804545441176465,-67.62492920588235,-47.31329435294117,3.1205890000000096,-98.53336308823529,-32.456796,-33.46528105882353,-119.98552302941175,-41.42070367647062,-44.5514234117647,-29.59324782352941,-11.637110117647069,-44.80402017647059,-65.21579799999999,-25.03338811764712,-52.734321617647055,-105.7878920882353,-20.364754147058818,-0.0002811232,-0.0004183088,0.000364855,-23.045284,-17.434795,-29.49206,8.151298,-45.63652,-29.264845,-25.626448,-70.66485,-46.285114,1.2690192,-102.65404,-30.44858,-34.71953,-122.71187,-36.276093,-43.79261,-30.164066,-12.109583,-44.613007,-66.49206,-24.791185,-54.136494,-106.13335,-17.791489
0.0,0.0,0.0,-23.782622235294117,-16.591150705882356,-29.642050294117553,8.198696500000004,-43.87298023529411,-28.121398823529375,-25.451982058823525,-67.6753335882353,-47.055383852941134,3.1517127647058913,-98.43153823529413,-32.64436511764694,-32.78751373529411,-119.85540085294117,-41.38719344117635,-44.32781526470588,-29.628884617647056,-11.566251764705783,-44.55739158823529,-65.33108135294118,-24.975870352941115,-52.344287529411766,-105.96765785294117,-20.507617558823483,-0.00032696646,-0.0003630534,0.00035974017,-22.985909,-17.509157,-29.50478,8.072553,-45.84927,-29.092712,-25.70605,-70.85406,-46.0488,0.9638373,-102.85686,-29.98347,-35.08015,-122.808266,-35.757988,-43.8214,-30.096169,-12.116329,-44.742825,-66.47455,-24.631552,-54.455433,-106.034805,-17.400852
0.0,0.0,0.0,-23.47900297058823,-16.760355176470586,-29.42777673529406,8.081248235294119,-43.985076500000005,-28.16322255882352,-25.181402647058814,-67.80812773529412,-46.75107179411759,3.036634029411772,-98.44502761764706,-32.628763617646996,-32.32221870588235,-119.76835323529411,-41.19167120588236,-44.13127714705882,-29.623291647058824,-11.512449588235256,-44.40097649999999,-65.43883652941176,-24.850792558823514,-52.151936941176466,-106.09725085294119,-20.531709735294044,-0.00031503092,-0.00038785252,0.00038132397,-23.220634,-17.197107,-29.551493,8.130258,-45.3011,-29.538826,-25.738155,-70.20583,-46.776783,1.4430801,-102.24736,-31.295912,-34.602367,-122.40986,-37.34837,-43.902184,-30.111977,-12.157972,-44.670856,-66.33293,-25.130571,-54.0273,-106.13861,-18.535578
0.0,0.0,0.0,-23.205135647058828,-16.86669961764706,-29.22007126470595,7.985288088235286,-43.96485970588235,-28.297958499999993,-24.861700941176473,-67.83598658823529,-46.56652202941183,3.045815999999988,-98.3372447352941,-32.81966885294122,-31.705064176470593,-119.61772505882352,-41.21312499999999,-43.930372088235295,-29.63501838235294,-11.473499117647066,-44.17572985294118,-65.52372052941176,-24.83525902941176,-51.80491317647059,-106.21994235294117,-20.746348764705886,-0.00032384862,-0.00037972248,0.0003716583,-23.241705,-17.162968,-29.591656,8.155284,-45.269405,-29.480644,-25.727432,-70.14402,-46.828815,1.4792267,-102.18522,-31.306782,-34.6453,-122.3961,-37.455418,-43.943035,-30.099697,-12.163723,-44.693462,-66.29381,-25.153862,-54.048542,-106.11236,-18.573425
0.0,0.0,0.0,-22.935166647058825,-17.015978470588237,-29.035694852941106,7.889041294117639,-44.04843673529412,-28.339714499999957,-24.58418138235294,-67.95429182352942,-46.238838735294166,2.9708392352941146,-98.32729073529411,-32.82808014705881,-31.219566382352944,-119.55375920588236,-40.998071205882354,-43.74750314705882,-29.652241294117648,-11.383770323529404,-43.99990852941177,-65.63035338235292,-24.706222588235278,-51.573301529411765,-106.35564900000001,-20.717172941176443,-0.0002880105,-0.00040947497,0.00032937963,-23.157658,-17.37797,-29.545673,8.265835,-45.501545,-29.140125,-25.534853,-70.4662,-46.416153,1.6032811,-102.401344,-30.593843,-34.501568,-122.66112,-36.707207,-43.875862,-30.226093,-12.026393,-44.57228,-66.46786,-24.80536,-53.922382,-106.19034,-17.97774
0.0,0.0,0.0,-22.67936971875,-17.128788062499996,-28.850036593749962,7.798526750000001,-44.06293215625001,-28.350483812499988,-24.3274773125,-67.98527559374999,-45.99138537499999,2.941883656249999,-98.23475084374999,-32.889021000000014,-30.709348406249998,-119.392145375,-40.95958512499999,-43.57977178125,-29.64480825,-11.31438353125003,-43.82398509375,-65.69841059374998,-24.620253437500025,-51.31334446875,-106.4649658125,-20.81563862500002,-0.0004843265,-0.0001730861,0.0003088305,-22.774158,-17.792023,-29.511518,7.8381124,-46.52055,-28.401941,-25.884977,-71.42571,-45.204975,0.07907503,-103.38734,-28.426388,-36.077145,-123.10365,-34.150208,-43.909225,-29.89025,-12.08156,-45.136974,-66.42052,-24.04438,-55.400116,-105.74932,-16.145105
0.0,0.0,0.0,-22.463252058823528,-17.2365785,-28.65391632352936,7.709737205882355,-44.07610214705882,-28.375068117647004,-24.101209294117645,-68.01909611764705,-45.79594961764701,2.930507735294114,-98.17652573529412,-32.91609188235293,-30.26658008823529,-119.29099297058823,-40.85133002941183,-43.42252470588235,-29.648569029411764,-11.257668029411775,-43.65651138235294,-65.7786990882353,-24.545060970588224,-51.063387235294115,-106.56630817647059,-20.883370735294136,-0.00029146395,-0.00039635942,0.00036439294,-23.09745,-17.48874,-29.491535,8.176696,-45.740585,-29.318111,-25.738487,-70.83363,-46.228874,1.23302,-102.87964,-30.294796,-34.83457,-122.861855,-35.958157,-43.79526,-30.224787,-12.107997,-44.639084,-66.57982,-24.728966,-54.193085,-106.160515,-17.584644
0.0,0.0,0.0,-22.258503617647058,-17.33702952941177,-28.45491491176466,7.595305352941168,-44.13966002941177,-28.35817502941177,-23.951827529411762,-68.03955126470589,-45.595410529411765,2.795837794117652,-98.12595264705882,-32.90127838235293,-29.995742970588232,-119.12943973529413,-40.76033920588236,-43.29884411764706,-29.598263647058822,-11.210267147058858,-43.5673719117647,-65.80269582352942,-24.475123705882424,-50.96128017647058,-106.59960205882352,-20.934909588235257,-0.00029880408,-0.00032594663,0.00029645403,-22.62994,-18.22574,-29.261862,8.004126,-46.854553,-28.339766,-25.646423,-72.191605,-44.534927,0.30605286,-104.004524,-27.564041,-35.62508,-123.65005,-32.60133,-43.569748,-30.268951,-11.801147,-44.722744,-66.96262,-23.449745,-54.900005,-106.03561,-15.064534
0.0,0.0,0.0,-22.083717000000004,-17.39846220588235,-28.340250411764714,7.538978823529405,-44.10282055882353,-28.444765970588264,-23.740328529411766,-68.02040479411765,-45.48531644117651,2.817882882352933,-98.01095738235294,-33.09853220588241,-29.558596764705886,-119.00292491176472,-40.81870767647058,-43.154083500000006,-29.601440647058826,-11.190904500000045,-43.39392876470588,-65.85229935294117,-24.493009617647033,-50.68647279411765,-106.67929538235293,-21.128648647058867,-0.0005118252,-0.00011150683,0.00028303592,-22.362545,-18.42329,-29.378756,7.7230883,-47.504536,-27.791965,-25.900337,-72.719406,-43.931107,-0.7961958,-104.56242,-26.20444,-36.866688,-123.93783,-31.259142,-43.683693,-29.955397,-11.987394,-45.224518,-66.813484,-23.14815,-56.140953,-105.68205,-14.116563
0.0,0.0,0.0,-21.94074976470588,-17.48568144117647,-28.2077538235294,7.438514088235294,-44.178877794117646,-28.405776117647008,-23.635958470588236,-68.07539888235294,-45.255345911764664,2.677583941176465,-97.9950735,-33.039392705882335,-29.3818975,-118.9095201764706,-40.6489382058823,-43.04327255882353,-29.56265944117647,-11.149843058823478,-43.337855911764706,-65.87353435294116,-24.420651705882335,-50.64060767647059,-106.71501194117646,-21.086326088235296,-0.00050600636,-0.00013959523,0.00029721388,-22.326736,-18.27896,-29.44493,7.7431726,-47.33056,-27.927711,-25.831537,-72.48543,-44.231842,-0.73599106,-104.3879,-26.624998,-36.782524,-123.78309,-31.828176,-43.68904,-29.878845,-12.143898,-45.200695,-66.69571,-23.455833,-56.10772,-105.64994,-14.609251
0.0,0.0,0.0,-21.819560062500003,-17.512814156250002,-28.126086406249954,7.384934843749988,-44.130515749999994,-28.497904656249943,-23.48034959375,-68.00225603125,-45.232147218750015,2.693363968749999,-97.85428912499998,-33.23563093749999,-29.053062656250003,-118.73133299999999,-40.82570653124998,-42.935841656250005,-29.5474695,-11.140970156249978,-43.20617359375,-65.88110631249998,-24.483019781249936,-50.444261781250006,-106.74515349999999,-21.304654093749946,-3.387184e-05,-0.00048032872,0.00018963737,-22.315205,-19.374918,-28.867708,8.394234,-47.96319,-27.320393,-25.071632,-74.05194,-42.57417,0.6790139,-105.30696,-24.52849,-35.050663,-125.0688,-28.636236,-43.080566,-31.061172,-11.018546,-44.10263,-68.08261,-21.668009,-54.265476,-106.54868,-11.9681225
0.0,0.0,0.0,-21.758813382352933,-17.523851617647058,-28.08201047058816,7.365181058823538,-44.12399382352942,-28.517280911764715,-23.43651629411764,-67.98218841176471,-45.203877852941105,2.6748130882352967,-97.82028473529412,-33.28915749999993,-28.95355467647058,-118.66603320588234,-40.863413970588226,-42.8889404117647,-29.530789176470588,-11.126481764705773,-43.17295014705881,-65.87336085294118,-24.495034588235228,-50.40166049999999,-106.74238420588236,-21.379241823529355,8.396804e-06,-0.0006457706,0.00034126252,-23.123241,-17.962238,-29.260647,8.63288,-45.934917,-29.351423,-25.445723,-71.69481,-45.72879,2.0191476,-103.60822,-29.546064,-34.021847,-123.70984,-34.397972,-43.402058,-30.886791,-11.746847,-43.98432,-67.355896,-24.109486,-53.210228,-106.65481,-16.4081
0.0,0.0,0.0,-21.89454535294118,-17.528118852941176,-28.11719199999999,7.408952764705873,-44.2152570882353,-28.61976900000002,-23.657990794117644,-68.21402511764707,-45.265757823529384,2.569440500000006,-98.25742814705882,-33.125854470588195,-29.29298682352941,-119.06543491176471,-40.46042591176473,-42.962135294117644,-29.600385294117647,-11.153642499999933,-43.28643935294117,-65.96260914705881,-24.48809108823525,-50.63913741176471,-106.7939719117647,-21.120564147058815,-7.528873e-05,-0.0006094236,0.00034267953,-23.402035,-17.30087,-29.72277,8.786256,-45.35658,-29.899136,-25.73351,-70.87206,-47.126957,2.1537268,-103.20481,-31.026243,-34.532913,-123.42405,-36.437473,-43.738396,-30.64321,-12.326761,-44.274807,-66.887566,-25.267342,-53.58905,-106.43655,-17.99571
0.0,0.0,0.0,-22.07215741176471,-17.539067852941177,-28.175676205882382,7.4593358823529385,-44.31233185294117,-28.730166264705872,-23.90630173529412,-68.48049517647058,-45.331682941176496,2.490165294117638,-98.7290899117647,-32.93352458823529,-29.650701588235293,-119.54586670588235,-39.991482941176514,-43.085752588235295,-29.71210491176471,-11.176797235294146,-43.414582470588236,-66.0826494117647,-24.450878323529423,-50.88605761764706,-106.87125114705883,-20.775852764705974,0.00015109635,-0.00077610917,0.0003286585,-23.32231,-17.967953,-29.424585,9.379856,-45.56477,-29.417162,-24.942778,-71.6587,-46.256866,3.5020697,-103.490746,-29.919228,-32.84469,-124.15906,-34.98265,-43.325645,-31.430683,-11.742878,-43.384525,-67.737946,-24.368029,-52.049477,-107.13581,-16.782701
0.0,0.0,0.0,-22.223967411764704,-17.493852147058828,-28.23092647058826,7.499273676470594,-44.35000717647059,-28.8306838823529,-24.122428794117646,-68.55861188235295,-45.459766147058815,2.3995218529411773,-98.97659352941177,-32.92212088235294,-30.01819220588235,-119.76788288235294,-39.86392117647057,-43.1954765,-29.749361411764706,-11.215221441176482,-43.56779405882353,-66.08319255882353,-24.51535214705882,-51.15447164705882,-106.84879473529412,-20.67536920588236,0.00025512555,-0.000903627,0.00032606535,-23.008196,-18.458231,-29.25833,10.128277,-45.555218,-29.03428,-23.812172,-71.99115,-45.893658,5.120189,-103.27674,-29.57196,-30.66368,-124.461426,-34.86211,-42.861786,-32.120537,-11.509978,-42.328476,-68.435555,-24.074236,-50.266365,-107.91691,-16.726915
0.0,0.0,0.0,-22.428640531250004,-17.388677843749996,-28.39652059375004,7.608459281249999,-44.26239865625,-29.060870312500015,-24.309610218750002,-68.5699456875,-45.78950593749994,2.482440531249999,-99.1854265625,-33.136173312500034,-30.251853906250002,-120.00846403125,-40.00295446874998,-43.32955834375,-29.839582875,-11.311732218750024,-43.65947115625,-66.08078659375,-24.718754812500038,-51.27470040625,-106.84915434375,-20.76511293750002,0.00030341017,-0.00095628144,0.00034708378,-22.762814,-18.795475,-29.040281,10.094924,-45.843082,-28.82767,-23.5689,-72.367775,-45.293,5.1089845,-103.4339,-29.018988,-30.209969,-124.562,-34.12587,-42.657913,-32.230106,-11.348709,-42.13378,-68.684555,-23.674036,-50.021873,-108.1395,-16.260221
0.0,0.0,0.0,-22.71517632352942,-17.333945411764702,-28.610703294117684,7.6822878529411724,-44.36159032352941,-29.13549620588236,-24.723674911764714,-68.75431082352941,-46.05410211764706,2.310674529411756,-99.63471876470587,-32.977056088235315,-30.97025429411765,-120.44633305882353,-39.70185032352936,-43.58050247058824,-29.89692532352941,-11.436275588235333,-43.97849679411765,-66.0790088235294,-24.796578647058823,-51.78825261764707,-106.78356338235295,-20.518267294117663,0.00021009814,-0.0008359001,0.0003286451,-23.14702,-18.343882,-29.255493,9.868609,-45.561516,-29.09709,-24.177,-71.86708,-45.906483,4.6650004,-103.26839,-29.659472,-31.246956,-124.3205,-34.89292,-43.026047,-31.927177,-11.4765,-42.66637,-68.230835,-24.049112,-50.74796,-107.70499,-16.687847
0.0,0.0,0.0,-22.99020479411765,-17.242826294117652,-28.76534944117651,7.783875705882352,-44.33669461764706,-29.29401273529413,-25.014578999999998,-68.81358588235294,-46.377207088235366,2.324242323529411,-99.94529770588237,-33.019337382353,-31.426110235294114,-120.78818111764706,-39.635493529411804,-43.766439235294115,-29.996272147058825,-11.505298382352976,-44.16279961764705,-66.0865647647059,-24.95583576470591,-52.07029858823529,-106.76352252941176,-20.406128823529514,0.00013383722,-0.000850023,0.00041276822,-22.432001,-18.597862,-28.614275,9.96585,-45.07451,-28.857847,-22.669563,-71.160446,-45.40332,5.9599166,-101.732445,-30.607744,-28.116693,-123.20564,-36.38578,-42.31971,-32.159306,-11.019425,-41.424747,-68.44841,-23.835669,-48.420296,-108.33638,-17.775032
0.0,0.0,0.0,-23.229290029411764,-17.194278647058823,-28.901664176470547,7.866344941176479,-44.40867964705883,-29.420087029411775,-25.329681558823527,-68.98597579411765,-46.55974349999997,2.2295407352941154,-100.36248879411764,-32.88560735294118,-31.989255411764706,-121.17488985294118,-39.361415058823525,-43.93458382352941,-30.07636467647059,-11.564070735294194,-44.3735525,-66.11469411764705,-25.034749705882348,-52.439259647058826,-106.71556329411763,-20.17982476470587,0.00017260975,-0.00083626923,0.00031698687,-22.537703,-18.242107,-28.921547,9.685783,-44.966076,-28.61188,-22.951817,-70.74831,-45.692196,5.2852283,-101.47038,-30.581045,-29.332378,-122.94107,-36.798275,-42.70991,-31.6901,-11.194147,-42.02465,-67.838646,-24.076519,-49.44292,-107.68876,-17.947512
0.0,0.0,0.0,-23.445515617647054,-17.14999873529412,-29.012934029411838,7.9483061470588225,-44.435201088235296,-29.54055155882355,-25.601866705882344,-69.10825394117647,-46.741231617647145,2.1801055588235414,-100.70592838235292,-32.80306370588238,-32.45962838235294,-121.5144295882353,-39.1388637941177,-44.07505570588235,-30.151696588235296,-11.609908058823521,-44.53863223529411,-66.13764273529411,-25.118397441176512,-52.725222499999994,-106.67678288235294,-20.004079441176543,-0.0003548256,-0.00030507054,0.00027676142,-23.573713,-17.039038,-29.896305,8.48296,-45.31831,-29.299093,-26.076317,-70.30269,-47.135,1.5872055,-102.618324,-30.900898,-35.555786,-122.95092,-37.056095,-44.22074,-30.209572,-12.242926,-44.93228,-66.30139,-25.161057,-54.476418,-105.98034,-18.034039
0.0,0.0,0.0,-23.66889315625,-17.1102428125,-29.132648312499953,8.019807749999998,-44.459329874999995,-29.624918906249945,-25.850087218750005,-69.2159325625,-46.905632874999924,2.141218531249997,-101.01455790625,-32.732900562499935,-32.88030796875,-121.82440040624999,-38.9302986875,-44.207825375,-30.226248625,-11.641835093749933,-44.68070778125001,-66.16430584375,-25.180726875000005,-52.978897,-106.65840484374999,-19.808875906249966,0.000119110045,-0.00072411215,4.690415e-05,-23.591751,-17.567022,-29.906544,9.678887,-45.19167,-28.411425,-24.585173,-70.70422,-46.780033,4.1416106,-102.34966,-29.932045,-33.01819,-123.75631,-36.689503,-43.864605,-31.252333,-11.649274,-43.632298,-67.152,-24.55624,-52.175106,-106.73928,-17.479166
0.0,0.0,0.0,-23.857528294117657,-17.08222455882353,-29.244642411764687,8.055541588235293,-44.50472617647058,-29.719835235294113,-26.110279705882363,-69.31805873529412,-47.05538685294118,2.0404677647058733,-101.28896055882353,-32.68962282352942,-33.30412885294118,-122.06899779411766,-38.77920367647056,-44.34678238235295,-30.2754494117647,-11.703235529411756,-44.85090432352942,-66.18631755882353,-25.228859470588247,-53.2496721764706,-106.6230373235294,-19.689341029411707,-0.00023025733,-0.0004692437,0.0002326752,-23.154854,-17.224667,-29.772171,8.710912,-45.15916,-28.649755,-24.926922,-70.079414,-46.74709,2.5004046,-101.83712,-30.635246,-33.925587,-122.69318,-37.506992,-43.94286,-30.338854,-12.007547,-44.27205,-66.379326,-24.958086,-53.3653,-106.22718,-18.30133
0.0,0.0,0.0,-24.05881770588235,-17.055701558823532,-29.347997411764766,8.128468500000004,-44.48234305882353,-29.85391502941178,-26.28176435294117,-69.41427770588234,-47.236710470588264,2.0761715882352973,-101.5502708235294,-32.69683485294115,-33.561708499999995,-122.37337923529411,-38.57006835294118,-44.44101682352941,-30.374346499999998,-11.747326029411795,-44.91440447058823,-66.2477106764706,-25.285185970588202,-53.35157497058823,-106.63398502941178,-19.55696108823531,-0.000254009,-0.0004556656,0.00027927457,-22.995975,-17.189518,-29.702818,8.51618,-45.155304,-28.73022,-24.927,-70.01556,-46.679203,2.1679556,-101.78124,-30.749582,-34.026363,-122.50369,-37.517963,-43.888756,-30.167711,-12.084638,-44.328022,-66.25692,-25.019857,-53.530632,-106.126236,-18.39587
0.0,0.0,0.0,-24.236734764705883,-17.04090338235294,-29.4420597058824,8.139360617647064,-44.55221067647059,-29.930075294117728,-26.519073735294114,-69.53247205882353,-47.31908020588236,1.9457014411764746,-101.82387076470589,-32.59694988235293,-33.98550802941176,-122.5978337647059,-38.36233702941183,-44.563871088235295,-30.420756735294116,-11.774732647058784,-45.073301529411765,-66.27383447058824,-25.293963264705894,-53.61956605882353,-106.59444670588236,-19.347684941176567,-0.00019795873,-0.00049868366,0.0002536241,-23.068918,-17.122837,-29.711134,8.659002,-44.94853,-28.778244,-24.798908,-69.834366,-46.87287,2.5611684,-101.56171,-31.061367,-33.673775,-122.44355,-37.927174,-43.87804,-30.263132,-12.038687,-44.17688,-66.26888,-25.113634,-53.17262,-106.1779,-18.648924
0.0,0.0,0.0,-24.33261902941176,-17.066907029411766,-29.432909823529485,8.13642111764706,-44.50267288235295,-29.87672600000002,-26.557031058823522,-69.48248297058824,-47.28903300000002,2.1026197941176576,-101.69226438235295,-32.60824773529413,-33.818880176470586,-122.57758532352942,-38.44464302941179,-44.613627764705875,-30.456581647058826,-11.70749897058829,-45.086223441176465,-66.29442188235292,-25.19965061764708,-53.48579767647058,-106.66669647058824,-19.36008505882353,3.081502e-05,-0.00066855375,4.1433243e-05,-23.27875,-17.579674,-29.818527,9.472633,-45.16171,-27.897203,-24.123863,-70.34063,-46.45015,4.0449862,-101.67758,-29.796148,-32.607533,-123.23671,-37.176167,-43.83292,-31.010836,-11.534739,-43.58777,-66.88803,-24.416967,-52.096687,-106.64155,-17.729813
0.0,0.0,0.0,-24.312793999999997,-17.0901064375,-29.434558843749983,8.184044218749996,-44.44313075,-29.666293156249992,-26.3612808125,-69.29923328125,-47.29454321874999,2.409208687500005,-101.3712620625,-32.68256846874999,-33.30211025,-122.32899884374999,-38.9619864375,-44.61886753125,-30.466537593749997,-11.668481812499977,-45.000858718749996,-66.27104721875,-25.23257343749998,-53.20932425,-106.7415898125,-19.8071784375,-7.427574e-06,-0.00066678715,3.715324e-05,-23.014269,-17.32416,-29.82262,9.261596,-44.85946,-27.71653,-23.744759,-69.63884,-46.61171,3.950853,-100.81543,-30.347754,-32.29639,-122.47715,-38.366302,-43.841644,-30.657528,-11.627558,-43.573616,-66.43536,-24.720982,-52.03592,-106.39464,-18.596169
0.0,0.0,0.0,-23.93622755882353,-16.55278017647059,-29.50575444117652,8.715494823529411,-43.54034594117647,-29.749889588235362,-25.225433529411767,-68.00249411764706,-48.395682823529455,3.610716882352939,-100.0618071764706,-34.23879123529417,-31.69815726470588,-121.11435585294117,-41.914752852941206,-44.37900044117647,-30.333517676470592,-12.105539764705952,-44.279107352941175,-65.75421726470589,-26.55114673529414,-52.13441926470588,-106.41993844117648,-22.547096794117635,-0.0003656555,-0.00039015777,0.00019096163,-23.03523,-16.662756,-30.0361,8.571824,-44.699974,-28.42001,-24.744942,-69.03086,-47.423645,2.3061063,-100.85633,-31.442293,-34.229305,-121.87637,-39.3508,-44.209427,-29.783543,-12.351874,-44.550827,-65.600746,-25.680357,-53.802135,-105.716446,-19.62635
0.0,0.0,0.0,-23.764549323529415,-16.481240147058823,-29.457030411764663,8.730544352941187,-43.47414414705882,-29.517260441176404,-24.988268647058824,-67.74982129411765,-48.34955461764696,3.691895558823532,-99.70335952941176,-34.214380588235144,-31.477128323529413,-120.73240041176471,-42.287164088235215,-44.33258126470588,-30.183653882352942,-12.077589235294056,-44.21318305882353,-65.56899382352941,-26.583614705882326,-52.04474914705882,-106.26175202941177,-22.866000029411794,5.5744298e-05,-0.00067951565,5.731398e-05,-21.504969,-17.964085,-28.825068,8.477214,-44.975693,-26.340754,-21.719666,-69.197395,-44.38735,3.7881563,-98.96756,-29.418991,-29.64149,-120.708595,-38.053432,-42.987656,-30.249273,-10.850903,-42.613354,-66.18978,-23.52342,-50.541992,-106.24264,-18.429607
0.0,0.0,0.0,-23.638261205882348,-16.32168061764706,-29.429743147058787,8.760746764705893,-43.19402544117648,-29.46866658823518,-24.73428635294117,-67.24337470588236,-48.561822441176446,3.9399200588235317,-99.03381258823529,-34.76947485294113,-31.030465941176466,-120.11445647058824,-43.26247729411756,-44.28589535294117,-30.06292897058824,-12.139355882352902,-44.0835289117647,-65.35035455882353,-26.846116205882367,-51.73827894117647,-106.12163176470588,-23.624619617647,-0.00035179884,-0.00042188299,0.0001787459,-22.088036,-16.811913,-29.471941,8.1154995,-44.439808,-27.594841,-23.286272,-68.237656,-46.413944,2.4565623,-99.16569,-31.445517,-32.260555,-120.36832,-40.136894,-43.71812,-29.382925,-11.95346,-43.89256,-65.1722,-25.308771,-52.669094,-105.46438,-20.314222
0.0,0.0,0.0,-23.52658267647058,-16.229967735294117,-29.424318205882287,8.770698294117658,-43.03392505882353,-29.364212941176447,-24.539570205882345,-66.9185269117647,-48.63698714705873,4.095198117647065,-98.5850190882353,-35.00815188235288,-30.736767999999998,-119.68341155882352,-43.82543758823522,-44.24614952941176,-29.96520532352941,-12.161843647058731,-43.99604964705882,-65.19731794117646,-26.969570411764664,-51.54072217647058,-106.01928561764706,-24.03113973529406,-0.00040519048,-0.00037909942,0.00015249445,-22.483713,-16.611862,-29.862593,8.40115,-44.499634,-27.75221,-23.808317,-68.40906,-47.022125,2.4473164,-99.77239,-31.370745,-33.269154,-121.006424,-40.075497,-44.02913,-29.457668,-12.240775,-44.234734,-65.19179,-25.640564,-53.313564,-105.43831,-20.195837
0.0,0.0,0.0,-23.42517571875,-16.127205500000002,-29.42192184375,8.810636812499993,-42.77344853125,-29.317718593750044,-24.27007915625,-66.5076726875,-48.732423812499974,4.428059062499997,-97.991790625,-35.418446468750005,-30.213653968750002,-119.16434456249999,-44.62449453124998,-44.190831375,-29.909398187500003,-12.199002281249989,-43.83791734375,-65.06639334375001,-27.159549718749986,-51.143135343750004,-105.9491968125,-24.66311837500001,-0.00046784044,-0.00032704664,0.00015448238,-22.522377,-16.52651,-29.958767,8.426666,-44.509323,-27.740343,-23.908045,-68.39429,-47.149117,2.3430383,-99.86626,-31.318483,-33.59963,-121.08592,-40.061333,-44.10861,-29.400063,-12.341737,-44.34703,-65.11651,-25.744385,-53.556725,-105.34535,-20.175339
0.0,0.0,0.0,-23.330632294117645,-16.02835761764706,-29.420904735294073,8.843945794117651,-42.55596191176471,-29.288199970588266,-24.039260970588234,-66.15191073529412,-48.83080691176474,4.656962764705888,-97.47267164705883,-35.80602929411765,-29.813648294117645,-118.70432735294116,-45.31455282352937,-44.14420682352941,-29.84643017647059,-12.238356558823511,-43.71658141176471,-64.9359855882353,-27.31498085294112,-50.8389745,-105.8730394117647,-25.1717609411765,-2.7379283e-05,-0.00063797575,0.00010181485,-21.400251,-17.737612,-28.931404,8.323076,-44.909115,-26.4486,-21.813519,-68.99368,-44.624374,3.3613155,-98.9197,-29.627832,-30.146784,-120.51249,-38.30341,-43.055153,-29.958797,-11.11931,-42.81039,-65.89344,-23.859324,-50.993614,-105.95896,-18.737143
0.0,0.0,0.0,-23.23947755882353,-15.946865970588233,-29.41678838235299,8.877841205882348,-42.34449338235294,-29.247454411764807,-23.815933470588238,-65.81204799999999,-48.932688941176536,4.9022962352941235,-96.98439785294117,-36.168203882353,-29.398911441176466,-118.27284576470588,-45.94216470588242,-44.092863882352944,-29.803022882352938,-12.271163764705989,-43.57355285294118,-64.82590873529412,-27.44240252941188,-50.51016638235294,-105.80785505882352,-25.667086441176593,-0.00029801636,-0.00045147885,0.0001318874,-22.239622,-17.031652,-29.720228,8.497749,-44.862514,-27.253492,-23.368681,-68.97327,-46.240124,2.6144164,-100.027245,-30.273813,-32.837433,-121.35114,-38.837666,-43.806126,-29.69614,-11.959316,-43.917698,-65.54012,-24.98831,-52.949562,-105.61754,-19.183178
0.0,0.0,0.0,-23.157291647058823,-15.876632970588233,-29.410763970588164,8.90139541176471,-42.14033,-29.217344382352906,-23.631927500000003,-65.51195217647059,-49.07030085294116,5.149441999999993,-96.51538102941174,-36.494430499999964,-28.990820264705885,-117.87253470588234,-46.511637029411816,-44.04372952941177,-29.770399970588233,-12.300931058823494,-43.42774126470589,-64.72781252941176,-27.56651750000003,-50.18892085294118,-105.76380217647058,-26.08538814705878,-0.00051810034,-0.00030058494,0.00010738098,-22.758972,-16.417751,-30.190159,8.672316,-44.513363,-27.707603,-24.074598,-68.40357,-47.485874,2.5458462,-100.04799,-31.226732,-33.946407,-121.34484,-40.15959,-44.27967,-29.49149,-12.453242,-44.44881,-65.12376,-25.922995,-53.72535,-105.302795,-20.210299
0.0,0.0,0.0,-23.091370531250007,-15.808710218749999,-29.41763387499998,8.92597381249999,-41.942643,-29.199878468749944,-23.457358187500006,-65.2082831875,-49.19081590624995,5.39072340624999,-96.07010081249999,-36.80275806249995,-28.619750625000005,-117.48029465625001,-47.108799749999946,-44.002152093750006,-29.74041053125,-12.33155443749996,-43.297308687500006,-64.63874978125,-27.682014281249963,-49.87457334375001,-105.71368946875,-26.511388749999924,-0.00033504912,-0.0004166587,0.00010373678,-22.443428,-16.947285,-29.842262,8.605714,-44.839287,-27.279264,-23.56429,-68.93359,-46.47464,2.7049868,-100.10942,-30.326931,-33.09233,-121.479935,-39.00533,-43.943443,-29.738674,-11.996609,-44.03887,-65.529045,-25.089542,-53.095097,-105.6073,-19.253466
0.0,0.0,0.0,-23.044273117647062,-15.730873588235294,-29.45612294117649,8.94110829411764,-41.822120235294115,-29.1377966764706,-23.352881088235293,-64.95825414705882,-49.28896199999997,5.496202088235293,-95.73814770588237,-36.97998229411769,-28.47461282352942,-117.17105294117648,-47.522187235294155,-44.002817588235295,-29.672172205882354,-12.356948911764789,-43.26118202941177,-64.51391585294118,-27.77896750000002,-49.76998255882353,-105.6110291764706,-26.788816588235363,4.065942e-05,-0.00068688137,-1.839795e-06,-21.809689,-17.949175,-29.251411,8.985102,-45.207542,-26.170498,-21.919216,-69.65509,-44.7394,4.102487,-99.72077,-28.714163,-30.350204,-121.640045,-37.476532,-43.217014,-30.497763,-11.068523,-42.7439,-66.40158,-23.645786,-50.94152,-106.32333,-17.917572
0.0,0.0,0.0,-23.020320124999998,-15.657496,-29.48320396874999,8.974373187500007,-41.659272781249996,-29.091487062499993,-23.236002906249993,-64.70331446875,-49.420681875000014,5.679117000000012,-95.35850415625,-37.23295221874997,-28.234853124999994,-116.84618309375,-47.987575531249945,-43.998792187499994,-29.645198125,-12.37800518749998,-43.188809156249995,-64.42140559375,-27.876586999999972,-49.55612771874999,-105.53965459375,-27.12547496875004,8.6350236e-05,-0.0007201594,-4.0664e-05,-21.981272,-18.005363,-29.391823,9.264616,-45.3103,-26.107988,-21.995186,-69.91728,-44.84044,4.3800282,-100.07908,-28.385452,-30.502192,-122.10164,-37.129593,-43.28269,-30.70697,-11.081782,-42.724518,-66.593376,-23.60969,-50.949753,-106.43573,-17.604746
0.0,0.0,0.0,-23.01638515625,-15.59897971875,-29.50298118750004,9.002891218749994,-41.5390889375,-29.056057093749985,-23.16798640625,-64.52405384375001,-49.51158540625005,5.818650500000004,-95.08719703125001,-37.401582687500024,-28.07521671875,-116.62266484375,-48.31512071875005,-44.00455353125,-29.627417531249996,-12.387503812500029,-43.1445458125,-64.35648809375,-27.94019621875003,-49.40500478125,-105.489411625,-27.375743906249966,-0.00023075764,-0.0005053546,3.559681e-05,-22.44412,-17.061098,-29.81416,8.93417,-44.731697,-27.004944,-23.058758,-68.86443,-46.40508,3.5308945,-99.79601,-30.223373,-32.153835,-121.49626,-39.24588,-43.83605,-30.028116,-11.784489,-43.618042,-65.720436,-24.953178,-52.287785,-105.81039,-19.345272
0.0,0.0,0.0,-23.049185588235293,-15.549202823529411,-29.522989588235305,9.022172999999995,-41.5101655,-29.032954352941204,-23.192517382352943,-64.46254976470588,-49.5653855882353,5.842935529411768,-95.03352338235293,-37.423808352941194,-28.148862411764703,-116.57350138235294,-48.43791276470586,-44.037828794117644,-29.60954164705882,-12.396264382352967,-43.170887176470586,-64.31449764705881,-27.96802020588234,-49.436686529411766,-105.44437479411764,-27.422643147058807,-0.00054669904,-0.00024498836,6.79763e-05,-21.876947,-17.999832,-30.062904,8.410247,-47.164528,-25.58188,-24.247757,-71.639,-44.14311,0.21325797,-102.99691,-24.99389,-36.553604,-123.49061,-32.728466,-44.020203,-29.537153,-12.194173,-44.987522,-65.94635,-23.498163,-56.022987,-104.95888,-14.818199
0.0,0.0,0.0,-23.091606687499997,-15.51772728125,-29.537657718749983,9.04443225,-41.487577468750004,-29.02011868750003,-23.220238781249996,-64.42809584375,-49.61064799999997,5.886355468750004,-95.0026379375,-37.43197721874998,-28.19076940625,-116.56663474999999,-48.50804228124997,-44.06685340625,-29.61247034375,-12.397471406249963,-43.18723128125,-64.29966103125,-27.983211562500003,-49.4423668125,-105.43275334375001,-27.433387812499973,-0.00085965765,-5.6914214e-05,2.358051e-05,-23.657183,-16.090252,-30.880949,9.03676,-44.769775,-27.675655,-25.342047,-68.5559,-48.316154,2.2611005,-100.86413,-30.743368,-36.14163,-122.03302,-39.93307,-45.03358,-29.537039,-12.795021,-45.344955,-64.97852,-26.267693,-55.14439,-104.9126,-19.873089
0.0,0.0,0.0,-23.137217411764706,-15.47696411764706,-29.55423602941181,9.067221470588237,-41.457745735294125,-29.014208676470673,-23.25377967647059,-64.38089502941176,-49.66766097058826,5.929615294117646,-94.97070261764706,-37.44489258823529,-28.237838911764705,-116.54938805882354,-48.59492061764712,-44.09701352941176,-29.612714411764706,-12.400505647058822,-43.20732444117647,-64.28126661764706,-28.006081235294175,-49.45304382352941,-105.41345070588235,-27.462649323529433,-0.0009049175,-4.3162792e-05,-3.2405042e-06,-23.933588,-16.028687,-31.195005,9.312635,-44.94053,-27.784288,-25.776354,-68.90843,-48.65541,2.199218,-101.54383,-30.36952,-37.035343,-122.61029,-39.352257,-45.222824,-29.664597,-13.048073,-45.563908,-65.07991,-26.44795,-55.646416,-104.80763,-19.479147
0.0,0.0,0.0,-23.24508284375,-15.4166381875,-29.591297187499947,9.126108624999993,-41.37465575,-29.034027156249977,-23.308018250000003,-64.2994498125,-49.80702974999997,6.071705781250003,-94.910374125,-37.54694184374995,-28.230218625000006,-116.56542284375,-48.74888809374994,-44.145548437500004,-29.6562701875,-12.403284968749972,-43.20998690625,-64.28641846875,-28.05377387499999,-49.395572093750005,-105.4348121875,-27.51274403124995,-0.00078896096,-0.0001222227,-1.010294e-05,-23.984259,-16.108881,-31.122602,9.379301,-44.89664,-27.964418,-25.760035,-69.03455,-48.651382,2.4093597,-101.64531,-30.513603,-36.76911,-122.736595,-39.244358,-45.13612,-29.83099,-12.953325,-45.41533,-65.26622,-26.368195,-55.34876,-104.981,-19.386213
0.0,0.0,0.0,-23.4315080625,-15.27635478125,-29.714058937500056,9.289622343749997,-41.198337875,-29.132844062500055,-23.37542915625,-64.16478478125,-50.17921921875006,6.330836812499996,-94.8629064375,-37.876440093750034,-28.30196496875,-116.66070209374999,-49.08363146875001,-44.2216361875,-29.75585471875,-12.518770281250056,-43.180716875,-64.29393453125,-28.287782718750066,-49.3119253125,-105.44027921874999,-27.698192593750036,-0.0008289757,-9.436881e-05,-4.2379444e-05,-23.945793,-16.123299,-31.145119,9.308975,-44.980312,-27.759037,-25.779352,-69.02242,-48.47441,2.218169,-101.56259,-30.194544,-37.003986,-122.57753,-38.979847,-45.18299,-29.74822,-12.943165,-45.50621,-65.150154,-26.265968,-55.519527,-104.73771,-19.191786
0.0,0.0,0.0,-23.728979676470587,-15.141226529411764,-29.842190999999957,9.370279911764705,-41.12391905882353,-29.22068699999994,-23.68467070588235,-64.05080511764704,-50.46164929411759,6.412612323529416,-94.87519985294117,-38.07626623529404,-28.66085726470588,-116.71111005882351,-49.362727470588254,-44.393774117647055,-29.811282705882352,-12.552846470588179,-43.34372564705882,-64.2703899117647,-28.393537705882295,-49.46261488235294,-105.39760767647057,-27.800078470588176,-0.00070437184,-0.00018361668,-1.8686227e-05,-23.883316,-16.133745,-30.988224,9.370739,-44.725044,-28.047844,-25.469141,-68.88404,-48.62265,2.6940033,-101.34628,-30.860964,-36.114376,-122.536026,-39.60182,-44.990894,-29.889458,-12.841915,-45.162476,-65.31286,-26.359705,-54.85001,-105.10916,-19.657627
0.0,0.0,0.0,-24.118226968749994,-15.088117875000002,-30.083283375000065,9.458008718750008,-41.199421375,-29.425949031250013,-24.117644249999998,-64.2821860625,-50.74656575,6.369149000000007,-95.40952553125,-37.959402968750055,-29.326977562499998,-117.32239734375,-49.05948918750005,-44.59600546874999,-29.951498625000003,-12.626531499999999,-43.574063249999995,-64.3679278125,-28.492059562500003,-49.839557218749995,-105.45717215625,-27.482784218750055,-0.0007704495,-0.0001375042,-4.6062127e-05,-23.89729,-15.966166,-31.01389,9.400492,-44.50954,-27.938114,-25.306204,-68.47893,-48.79922,2.9065316,-100.89341,-31.138355,-35.882084,-122.21293,-40.2538,-45.044964,-29.800768,-12.834737,-45.12275,-65.10821,-26.523773,-54.688347,-104.97338,-20.111214
0.0,0.0,0.0,-24.487711588235285,-15.047183117647059,-30.302586264705837,9.555778382352955,-41.28374097058824,-29.57155385294118,-24.501102411764695,-64.45779670588236,-50.99773811764703,6.351821617647062,-95.87823744117648,-37.83561073529415,-29.9719788235294,-117.86156435294117,-48.834302823529356,-44.7943279117647,-30.07973485294118,-12.730034264705807,-43.7826614117647,-64.44978476470588,-28.5887908529412,-50.20832897058823,-105.50493332352941,-27.18541494117642,-0.0008700263,-5.8141974e-05,-5.6692163e-05,-23.992281,-15.876519,-31.111612,9.43904,-44.515896,-27.794563,-25.39389,-68.37677,-48.893032,2.8868258,-100.84735,-31.026733,-36.1451,-122.209335,-40.366425,-45.17387,-29.744114,-12.860142,-45.25421,-64.99957,-26.57104,-54.891567,-104.86494,-20.137428
0.0,0.0,0.0,-24.8138705625,-15.00232440625,-30.478786468750002,9.657808374999995,-41.3558043125,-29.654984624999997,-24.823428250000003,-64.60908584375,-51.23811734374999,6.328390656250001,-96.27666509375,-37.749552812499985,-30.53231825,-118.34538084375001,-48.6091595625,-44.96110021875,-30.189712437500003,-12.830205937499954,-43.953580718750004,-64.516089875,-28.682071718749967,-50.51513946875,-105.51925800000001,-26.982920593749952,-0.0008566112,-5.568366e-05,-5.1628867e-05,-24.005547,-16.017834,-31.034033,9.383223,-44.645298,-27.730907,-25.44924,-68.54063,-48.660965,2.825897,-100.94067,-30.82722,-36.110332,-122.280495,-40.08674,-45.154034,-29.805,-12.733048,-45.271553,-65.1138,-26.338804,-54.885548,-104.97323,-19.880661
0.0,0.0,0.0,-25.113613468750003,-14.95612846875,-30.65962884375,9.740203468750003,-41.418419531249995,-29.767181281249975,-25.1358456875,-64.7230955,-51.470709624999984,6.308152999999997,-96.63658009375001,-37.672925906249986,-31.069147375,-118.76411953125,-48.42566949999997,-45.11241265625,-30.28606009375,-12.891144656249992,-44.11438834375,-64.57009784375,-28.729099187500026,-50.8042780625,-105.52902156249999,-26.747971374999963,-0.0007847982,-0.00010811398,-3.9858314e-06,-23.845686,-16.289879,-30.909843,9.234641,-44.970074,-27.738604,-25.532417,-69.03986,-48.203217,2.429804,-101.40027,-30.328108,-36.283546,-122.53524,-39.142654,-45.02021,-29.84195,-12.691832,-45.290707,-65.3272,-26.014948,-55.067894,-105.09333,-19.243298
0.0,0.0,0.0,-25.30721626470588,-14.930141529411763,-30.79260794117647,9.793397235294123,-41.47604373529411,-29.81662617647055,-25.33952664705882,-64.80502802941177,-51.58586220588239,6.28864655882353,-96.86534002941177,-37.578213147058875,-31.42703132352941,-119.05406567647059,-48.22738817647064,-45.21093776470588,-30.338637911764703,-12.936036999999999,-44.2207375,-64.60510988235293,-28.74080441176477,-50.99831388235294,-105.5375043235294,-26.528289941176467,-0.00065781537,-0.00021798187,5.8232636e-05,-23.804867,-16.044884,-30.860825,9.110401,-44.544483,-28.486391,-25.600098,-68.67853,-48.814816,2.4250424,-101.20168,-31.660892,-35.99343,-122.29096,-40.221565,-44.93023,-29.727325,-12.938275,-45.233883,-65.21913,-26.597433,-54.90467,-105.22649,-20.211817
0.0,0.0,0.0,-24.740739843749996,-15.01075953125,-30.447128187500027,9.645649937500004,-41.37231915625,-29.490170343749924,-24.740707656249995,-64.5137845625,-51.09718796874995,6.373110406250007,-96.07429965624999,-37.61418328124995,-30.448374968749995,-118.10694709375,-48.66372393749998,-44.861682906249996,-30.103555,-12.752450874999965,-43.85532268749999,-64.4760213125,-28.5475644375,-50.38351062499999,-105.46868890625001,-26.92411128125002,-0.00041505406,-0.00033764428,0.00030924138,-23.470592,-16.688166,-30.14357,8.561268,-44.965652,-29.302473,-25.801386,-69.69755,-47.791332,1.7585269,-102.07511,-31.593054,-35.4192,-122.62568,-38.458603,-44.32558,-29.967268,-12.591852,-44.94996,-65.94044,-25.842014,-54.541733,-105.86857,-19.14866
0.0,0.0,0.0,-23.505311647058825,-15.355553382352943,-29.781603617647022,9.256479264705874,-41.34383485294118,-28.922752058823562,-23.48496794117647,-64.14748717647059,-49.99662699999993,6.280688529411762,-94.740985,-37.62965849999995,-28.59862773529412,-116.43035311764706,-49.094990588235305,-44.14949244117648,-29.698696970588237,-12.427251529411762,-43.155099,-64.2903836764706,-28.069823470588176,-49.322946529411766,-105.3757814117647,-27.497820735294113,-0.0004469042,-0.0003214359,0.00025084522,-23.540379,-16.627558,-30.330956,8.698396,-45.025925,-29.016813,-25.821968,-69.66203,-47.88388,1.7929708,-102.09819,-31.287184,-35.767067,-122.71547,-38.45763,-44.481194,-29.939613,-12.664891,-45.072933,-65.8418,-25.883718,-54.772205,-105.72919,-19.070068
0.0,0.0,0.0,-22.238738781249992,-15.721662187500002,-29.242328562500006,8.7819675,-41.55213690625,-28.501635562499985,-22.321144406249996,-63.926051343750004,-48.91681768749993,5.788963875000007,-93.77370837500001,-37.54417593749997,-27.277721406249995,-115.039313875,-49.184957437499975,-43.46399571875,-29.2657191875,-12.28993593749999,-42.633578031249996,-64.07362575,-27.711014687499983,-48.726509718749995,-105.179243625,-27.90109903124994,-0.0007595405,-8.686044e-05,0.00014506419,-23.467192,-16.744135,-30.675138,8.524838,-45.814903,-27.84384,-26.314676,-70.108635,-47.205544,0.54392594,-102.635506,-29.186296,-37.83206,-123.00597,-36.810753,-44.93725,-29.473299,-12.882597,-45.94686,-65.40755,-25.471601,-56.586185,-104.96676,-17.762022
0.0,0.0,0.0,-20.844359343750003,-15.97927728125,-28.75346078125,8.285738031249998,-41.71652884375,-28.205432812499964,-21.050332968750006,-63.32593971875,-48.15594765625002,5.0952944374999944,-92.46366728125,-38.058941749999974,-26.253160718750003,-113.09136303125,-50.12844274999998,-42.73157259375,-28.725076625,-12.236475031249995,-42.125173968750005,-63.59727878125,-27.79061793750003,-48.3313239375,-104.57019621875,-29.11833946874998,-0.0011135115,0.0004428399,0.00020441605,-23.903458,-16.912241,-29.941933,7.138416,-46.146553,-27.949144,-28.053478,-69.992325,-45.898705,-1.4737538,-102.35413,-29.113153,-39.507805,-121.91078,-35.599102,-45.296234,-28.933735,-12.070463,-47.1362,-64.980835,-24.11857,-57.854485,-104.36759,-16.349434
0.0,0.0,0.0,-19.70822405882353,-16.70368376470588,-27.7491122647059,7.217986117647058,-42.65207341176471,-26.860869382352917,-20.280003999999998,-63.426956382352934,-45.78179917647054,3.5808386176470606,-91.80864888235294,-36.140870911764694,-25.688001735294115,-111.49755261764706,-48.71107835294117,-42.30271661764706,-27.97138811764706,-11.445904058823544,-42.21476717647059,-63.154517470588225,-26.412114794117656,-48.74610920588235,-103.93114055882354,-28.58288314705885,-0.0007705067,-1.681941e-05,0.00021990518,-22.826704,-17.388958,-30.24588,8.005773,-46.64913,-27.307888,-26.132051,-71.046936,-45.682224,-0.520006,-103.24947,-27.515146,-37.969078,-123.239624,-34.57413,-44.573124,-29.320597,-12.640001,-45.966866,-65.6533,-24.493408,-57.040565,-105.023285,-16.21278
0.0,0.0,0.0,-18.794735000000003,-17.175539999999998,-26.928413468750023,6.263078718749995,-43.1614736875,-26.12114062500001,-19.566467562500005,-63.79932746875,-43.9141111875,2.324572499999995,-91.40583290625,-34.91295637500002,-25.153647531250005,-110.71405684375,-47.157894187500006,-41.79850334375,-27.473944656249998,-10.84794053125006,-42.057949937500005,-63.003693750000004,-25.319970156250008,-48.7665841875,-103.66664446875001,-27.64734568749998,-0.0009823705,0.00012752741,0.00013364336,-22.633574,-17.57225,-30.417936,7.9772305,-47.216946,-26.31486,-26.077946,-71.37223,-45.05841,-1.1014851,-103.45734,-25.88493,-38.84975,-123.40451,-33.480915,-44.73134,-29.106869,-12.665959,-46.292675,-65.46894,-24.114222,-57.909817,-104.59055,-15.3834715
0.0,0.0,0.0,-17.877283029411764,-17.42889482352941,-26.083935794117565,5.369491500000002,-43.1953040882353,-25.556808382352926,-18.64183694117648,-63.495067705882356,-42.431212352941145,1.3939342058823456,-90.19152564705882,-34.568555029411755,-24.258654205882358,-109.25179423529411,-46.70554211764704,-41.23527638235294,-26.9261385,-10.379177205882343,-41.67628179411765,-62.61235955882352,-24.63760991176474,-48.333680176470594,-103.0978938235294,-27.676346676470587,-0.0015875649,0.0008067301,0.00014778257,-22.849676,-17.825737,-29.9917,6.498978,-48.10064,-25.506977,-27.924921,-71.590256,-43.281116,-4.03468,-103.4654,-24.144392,-41.94924,-122.47338,-31.024088,-45.287045,-28.26193,-12.065485,-47.93652,-64.748436,-22.537907,-60.41516,-103.326004,-13.017527
0.0,0.0,0.0,-17.187639687499995,-17.857428374999998,-25.32666684374999,4.471523218750001,-43.51003659375,-24.895908374999976,-18.03946496875,-63.77078365625,-40.70488359374997,0.33589649999999693,-89.92202746875,-33.4825258125,-23.827305125,-108.91883559375,-44.99566362500002,-40.76338875,-26.544824499999997,-9.840236749999974,-41.437908156249996,-62.55648434375,-23.568305968749996,-48.19815878125,-102.95194996875,-26.48032190624997,-0.0015553265,0.0008733793,0.00018915249,-22.981573,-17.857666,-29.724787,6.128458,-48.05178,-25.99713,-28.412132,-71.63548,-43.123726,-4.440446,-103.55818,-24.671577,-42.142857,-122.35892,-30.828333,-45.284428,-28.213892,-11.865016,-48.132385,-64.78915,-22.28164,-60.49879,-103.42757,-12.74926
0.0,0.0,0.0,-16.561015156250004,-18.172816781250003,-24.604849781249982,3.693711718749995,-43.56197784375,-24.303073937500017,-17.475031281250004,-63.71790621875,-39.24516774999995,-0.42427453125000625,-89.34909840625001,-32.73374843749997,-23.19732359375,-108.34631109375,-43.76507481249996,-40.26662984375,-26.2090180625,-9.271633218749969,-41.108875250000004,-62.46410415625,-22.620986906249925,-47.77100896875,-102.75463721875,-25.64468762499996,-0.0013539555,0.00048402188,6.909344e-05,-22.776709,-17.677832,-30.39881,7.478268,-47.747444,-25.622238,-26.900421,-71.49639,-44.255203,-2.3911946,-103.49674,-24.577124,-40.539097,-122.97298,-32.1545,-45.093433,-28.715183,-12.503742,-47.11083,-65.04874,-23.471867,-59.246193,-103.73392,-14.2735
0.0,0.0,0.0,-15.960279,-18.458900029411765,-23.891623088235235,2.9948678529411765,-43.69287273529411,-23.749023529411772,-17.12091520588235,-63.797157852941176,-37.89714947058826,-1.310894470588238,-89.00262452941175,-31.94221852941172,-23.02811682352941,-107.96931594117646,-42.424430499999914,-39.79854552941176,-25.86504611764706,-8.809997617647014,-40.90444532352941,-62.37470617647059,-21.666671852941136,-47.65184314705882,-102.56504173529413,-24.56667288235292,-0.0015178075,0.00086746446,0.00013918211,-22.882792,-18.025251,-29.670622,6.0471244,-48.27363,-25.840508,-28.387085,-71.90811,-42.72239,-4.664193,-103.70939,-24.117771,-42.29741,-122.36752,-30.046818,-45.22608,-28.235043,-11.777512,-48.13242,-64.85211,-21.995152,-60.577843,-103.27045,-12.217671
0.0,0.0,0.0,-15.619801250000002,-18.57824496875,-23.582971499999985,2.6367942187499978,-43.70604228125,-23.66814412499997,-16.969943812500002,-63.93045596875001,-37.33537000000001,-1.823446875000002,-88.91973890625002,-31.761743468750012,-23.096164875000003,-107.96978715625,-41.71321959375001,-39.4616456875,-25.757703687499998,-8.66200624999999,-40.71406309375,-62.45117084374999,-21.210942250000016,-47.56117384375,-102.59821868750001,-23.783169781249967,-0.0015104226,0.0008655855,0.00012173114,-22.923782,-18.051863,-29.696058,6.0772276,-48.33452,-25.811804,-28.441324,-71.99456,-42.67977,-4.672948,-103.80367,-23.955427,-42.40494,-122.4312,-29.827211,-45.24781,-28.269318,-11.769721,-48.15509,-64.8814,-21.945225,-60.619667,-103.22884,-12.061442
0.0,0.0,0.0,-15.561518794117646,-18.350543470588235,-23.782389058823526,2.8015928529411838,-43.497518,-24.00179064705884,-16.803385352941174,-63.80277029411764,-37.90072720588239,-1.6709272941176465,-88.91746626470588,-32.347339529411784,-23.1429719117647,-108.04369867647057,-42.34311717647057,-39.4540659117647,-25.781904205882356,-8.940371382352964,-40.60970185294117,-62.37171932352941,-21.69834444117646,-47.555970558823525,-102.56733523529411,-24.287521441176466,-0.0015012147,0.0008769869,6.999271e-05,-23.105003,-18.181488,-29.718294,6.0113487,-48.60895,-25.683792,-28.842117,-72.320045,-42.330345,-4.998262,-104.111176,-23.261997,-43.06864,-122.51787,-28.767454,-45.372177,-28.32371,-11.653475,-48.389412,-64.92391,-21.579031,-60.96839,-102.94716,-11.235912
0.0,0.0,0.0,-15.830239406249994,-18.28839321875,-24.06133746874997,2.942352687500005,-43.554485656249994,-24.17475512499999,-17.087299249999997,-63.975882625,-38.28884793750001,-1.613250906250002,-89.27746143750001,-32.40423865624996,-23.628552656249994,-108.509548,-42.42987065624999,-39.770249718749994,-25.91902778125,-9.016600593750013,-40.90979728125,-62.419878781250006,-21.918764937499986,-47.96768290625,-102.70258503125001,-24.181921906249954,-0.0014497678,0.00084166124,9.548869e-05,-22.949902,-18.277271,-29.64013,6.0770874,-48.63321,-25.819546,-28.555273,-72.46631,-42.285122,-4.7905087,-104.22232,-23.32504,-42.546207,-122.64955,-28.739033,-45.171707,-28.444578,-11.655197,-48.11379,-65.121025,-21.602076,-60.611317,-103.18913,-11.319458
0.0,0.0,0.0,-16.226020968750007,-18.2834316875,-24.477520937499946,3.1362796250000002,-43.7289995,-24.360472624999943,-17.490806343750002,-64.30539159375,-38.73664840624997,-1.4974023750000072,-89.8783884375,-32.281023999999945,-24.205100375000008,-109.22578803125,-42.31331246874993,-40.161675281250005,-26.13200003125,-9.211118656249937,-41.26196068750001,-62.581269468749994,-22.07884203125002,-48.47534528125001,-102.95921040625,-23.885236624999948,-0.0013761336,0.0008899006,-0.00010558248,-24.16513,-19.407585,-29.391233,5.1590095,-50.888245,-24.589108,-31.59762,-74.91622,-38.78746,-7.62549,-106.36976,-17.45977,-47.21015,-122.93091,-19.952396,-45.953087,-28.69523,-10.459662,-49.8684,-65.39555,-18.210981,-63.133007,-101.01546,-4.388554
0.0,0.0,0.0,-16.584410911764706,-18.286470529411762,-24.767734352941147,3.3170419705882352,-43.84679770588235,-24.424601823529372,-17.83958294117647,-64.53166397058824,-39.02487094117646,-1.3471328235294067,-90.2911505882353,-32.15056485294116,-24.64174308823529,-109.72082088235295,-42.28443285294122,-40.498800823529415,-26.300635823529415,-9.32178650000003,-41.56304005882353,-62.69672291176471,-22.127806794117646,-48.838127529411764,-103.13555308823528,-23.694597264705862,-0.0014321464,0.000761086,-9.014756e-05,-23.525185,-18.597628,-29.906263,6.179361,-49.454292,-24.862713,-29.492378,-73.28592,-41.24582,-5.4102697,-104.93073,-20.57272,-44.51944,-122.81953,-25.482742,-45.64831,-28.617964,-11.374936,-48.738968,-65.09821,-20.579012,-61.592224,-102.01701,-8.845388
0.0,0.0,0.0,-16.905126468749998,-18.2870085625,-25.012599093750055,3.4907062499999952,-43.966641593750005,-24.487600343750046,-18.166939218750002,-64.77620828125,-39.25437453125005,-1.200062624999994,-90.7091265,-31.980057750000014,-25.01977078125,-110.20704075,-42.17665862500007,-40.78402690625,-26.464277062500003,-9.365939218750043,-41.827132875000004,-62.829529093750004,-22.133650875000058,-49.16014434375,-103.32768571875002,-23.438123718750035,-0.0013558544,0.00085642654,-0.000102291306,-24.06086,-19.31101,-29.429646,5.290954,-50.67807,-24.643831,-31.271574,-74.704384,-39.095016,-7.293944,-106.16657,-17.914274,-46.763294,-122.9246,-20.69139,-45.884464,-28.697748,-10.548837,-49.67628,-65.377884,-18.50249,-62.85191,-101.186646,-4.975644
0.0,0.0,0.0,-17.21354655882353,-18.214083058823533,-25.312789882352945,3.7171171764705804,-44.012072970588235,-24.701080323529425,-18.470294911764704,-64.95869794117645,-39.72170299999999,-1.0033619117647135,-91.09701344117649,-32.07007549999997,-25.369786558823535,-110.67567944117647,-42.306804794117625,-41.03358685294118,-26.644192500000003,-9.49431826470584,-42.03037967647059,-62.95940314705882,-22.347070058823533,-49.41484688235294,-103.51877952941177,-23.39058282352937,-0.0013146839,0.00078171666,-2.9244682e-05,-23.465242,-18.816298,-29.532846,5.7640367,-49.636078,-25.29865,-29.764315,-73.62385,-40.741455,-5.872072,-105.226036,-20.7147,-44.432556,-122.8425,-24.78741,-45.459343,-28.652695,-11.0958395,-48.7567,-65.33727,-20.100801,-61.529324,-102.283646,-8.245092
0.0,0.0,0.0,-17.486980406249998,-18.148401656249998,-25.60719584374999,3.938384281250002,-44.044107,-24.908700156250006,-18.7366516875,-65.09739250000001,-40.18102728124995,-0.817127124999999,-91.42367959375001,-32.21856509374999,-25.70127496875,-111.06578759375,-42.50255309374995,-41.244166,-26.79895575,-9.636172406250012,-42.20637109375,-63.05691531250001,-22.58872599999995,-49.628547624999996,-103.6680470625,-23.43103881249999,-0.0011947604,0.00075249304,-0.00017125695,-24.56052,-20.180166,-29.14492,4.770501,-52.15586,-23.786308,-32.67401,-76.46759,-36.61234,-8.814473,-107.58861,-13.925867,-48.981308,-123.290886,-14.809673,-46.09068,-28.974474,-9.714744,-50.377556,-65.77006,-16.21395,-63.948647,-100.05157,-0.40882882
0.0,0.0,0.0,-17.705337,-18.086254187500003,-25.838873875000047,4.113837375000003,-44.0588856875,-25.098831125000004,-18.95404390625,-65.2048471875,-40.53485390625002,-0.6799199687499993,-91.68615212499999,-32.32999418750006,-26.001002749999998,-111.38459493749998,-42.664734874999965,-41.41989628125,-26.91946675,-9.739052781249995,-42.36020271875,-63.11945562499999,-22.783997499999998,-49.82222678125,-103.77092221874999,-23.447049125000035,-0.0010054994,0.0006897998,-0.00023843885,-25.473581,-21.395075,-28.654285,3.9071364,-54.220497,-22.859291,-34.972412,-78.9678,-33.152187,-11.002788,-109.6964,-8.663088,-52.161026,-123.953896,-6.632579,-46.45339,-29.41456,-8.389163,-51.500065,-66.41208,-12.846556,-65.519035,-98.6862,6.1592083
0.0,0.0,0.0,-17.92962582352941,-18.01011076470589,-26.050587352941136,4.312091029411768,-44.07678329411765,-25.21879211764707,-19.19433632352941,-65.31845320588235,-40.888651205882354,-0.5232231176470563,-91.95870452941178,-32.42296370588235,-26.29457452941176,-111.71855220588236,-42.77044494117649,-41.58900102941176,-27.041945676470586,-9.834460058823481,-42.50695047058824,-63.19207629411765,-22.94416635294118,-50.00648935294117,-103.86911714705882,-23.44723061764705,-0.0009535401,0.0007049979,-0.0002291953,-25.895973,-21.828602,-28.446072,3.5579262,-54.99092,-22.74209,-35.953297,-79.92433,-31.951515,-11.801471,-110.595825,-6.931933,-53.299046,-124.28444,-3.6814945,-46.593887,-29.625412,-7.8936777,-51.93672,-66.72363,-11.629906,-66.07472,-98.32115,8.552894
0.0,0.0,0.0,-18.128414093750003,-17.952798312499993,-26.262169750000055,4.495309125000006,-44.09075715624999,-25.371951000000024,-19.421889874999998,-65.426876625,-41.23404203125,-0.3803771562499918,-92.2278314375,-32.48901259375003,-26.5648701875,-112.02228859374999,-42.89335243750003,-41.73407975,-27.154151749999997,-9.95940100000007,-42.6326579375,-63.26383759375001,-23.12477103125002,-50.17019009375,-103.9623619375,-23.464213250000057,-0.0008158898,0.0006342714,-0.00025238676,-26.359388,-22.543821,-28.124126,3.1219296,-56.128296,-22.229939,-37.07614,-81.33829,-29.958979,-12.85896,-111.73401,-3.9713979,-54.785336,-124.62013,0.9313194,-46.71573,-29.937502,-7.1102376,-52.41296,-67.14804,-9.726618,-66.703354,-97.59928,12.200543
0.0,0.0,0.0,-18.32281094117647,-17.899838764705883,-26.457155911764687,4.6689935882352955,-44.11811102941176,-25.534743352941177,-19.646306735294125,-65.54585358823529,-41.552522500000066,-0.2611755000000002,-92.51360352941175,-32.55830741176476,-26.854283176470595,-112.33259941176469,-42.97850114705881,-41.86519214705883,-27.257967794117647,-10.08160573529409,-42.75166229411765,-63.33977564705882,-23.277914558823568,-50.3387965882353,-104.05357388235294,-23.44127955882351,-0.0007567584,0.00060895376,-0.00029079558,-26.722393,-23.125591,-27.899418,2.8358803,-56.998024,-21.62456,-37.904568,-82.419075,-28.327745,-13.640146,-112.511536,-1.4452082,-56.0202,-124.819954,4.6632185,-46.845,-30.185871,-6.452375,-52.789433,-67.43127,-8.161874,-67.19784,-96.891945,15.170777
0.0,0.0,0.0,-18.508134249999998,-17.84161503125,-26.646984093750007,4.82877775,-44.14706659375,-25.647337875000005,-19.852282281249998,-65.646026875,-41.848198000000025,-0.15843309374999848,-92.7435190625,-32.65644456250004,-27.0935611875,-112.60349221874999,-43.05740075,-41.9895079375,-27.351403375,-10.217255749999993,-42.86175490625,-63.40691953124998,-23.430064187499966,-50.48003209375,-104.13826459375,-23.44187259375002,-0.0007531473,0.00059582945,-0.00027704955,-26.54398,-22.880257,-27.998707,2.9949074,-56.620564,-21.93559,-37.4928,-81.988945,-29.073921,-13.242502,-112.23079,-2.5808358,-55.404858,-124.80724,3.0244858,-46.75331,-30.10917,-6.753927,-52.571953,-67.35745,-8.876076,-66.92402,-97.26626,13.846503
0.0,0.0,0.0,-18.651291750000006,-17.797207843749998,-26.82306281250004,4.9582363749999985,-44.1571978125,-25.794483281250052,-20.009053625000004,-65.7351566875,-42.11947446875007,-0.04781103125000641,-92.96323434374999,-32.72110078125007,-27.284877750000003,-112.86314440625,-43.10359190625002,-42.08029040625,-27.433017624999998,-10.33670815625004,-42.93351237500001,-63.46597459375,-23.578596156250057,-50.59080928125,-104.21194215624999,-23.445698625000034,-0.0007552502,0.0005132321,-0.00029754092,-26.032974,-22.205557,-28.41995,3.691336,-55.48148,-22.380474,-36.12365,-80.75812,-31.142319,-11.867313,-111.26023,-5.2867894,-53.77585,-124.72432,-1.3032997,-46.55074,-29.940474,-7.601505,-51.878742,-67.06229,-10.849906,-66.07399,-97.99542,10.311551
0.0,0.0,0.0,-18.77209035294118,-17.757745029411765,-26.970861823529447,5.081908529411763,-44.15662814705882,-25.917181441176524,-20.142256176470593,-65.80574826470587,-42.357498941176516,0.0522986176470539,-93.156172,-32.77329464705889,-27.443908470588237,-113.09771035294118,-43.14904961764711,-42.15025867647059,-27.500982235294117,-10.42981214705884,-42.9838935882353,-63.5195144117647,-23.701140352941252,-50.675442117647066,-104.27803264705882,-23.43380367647063,-0.00070223596,0.0005222857,-0.00031540586,-26.471937,-22.797949,-28.152828,3.3061814,-56.427284,-21.960665,-37.155945,-81.915054,-29.491001,-12.793776,-112.19639,-2.852614,-55.11837,-124.98646,2.5156205,-46.695835,-30.200884,-6.920514,-52.342663,-67.40292,-9.235269,-66.66678,-97.37702,13.377212
0.0,0.0,0.0,-18.7168645625,-17.742954656250003,-26.94642165624998,5.105804437500005,-44.12165228124999,-25.92242146875003,-20.0703011875,-65.77555303125,-42.355180781250056,0.09157075000000958,-93.13171143750002,-32.81109806250004,-27.36140790625,-113.08697528125,-43.170053499999995,-42.0957839375,-27.49402990625,-10.436428937500011,-42.91131690625,-63.51459584375,-23.72778978125001,-50.5898640625,-104.27234328125,-23.47688000000005,-0.0008567455,0.00048704006,-0.00022053732,-25.024483,-20.707737,-29.124508,4.8941503,-52.99535,-23.684164,-33.378628,-77.8685,-35.53018,-9.028579,-108.96566,-11.69289,-49.934216,-124.18623,-11.117494,-46.12581,-29.531366,-9.302021,-50.464954,-66.40429,-15.054044,-64.10891,-99.74101,2.3850765
0.0,0.0,0.0,-18.34446235294118,-17.759908794117646,-26.621341529411723,4.954917676470593,-44.00345114705883,-25.72483641176467,-19.611555823529415,-65.54306597058824,-41.996597352941194,0.0248332647058902,-92.71773094117648,-32.83858529411765,-26.868052588235294,-112.66433802941178,-43.16236332352946,-41.81526411764706,-27.341003794117647,-10.297636147058824,-42.606191470588236,-63.39781605882354,-23.560930058823487,-50.230851882352944,-104.14157155882351,-23.56213564705888,-0.0008041032,0.00056684786,-0.0002533067,-25.846973,-21.829119,-28.476543,3.7720723,-54.896248,-22.87743,-35.677124,-79.9935,-32.14524,-11.397944,-110.68504,-7.110204,-52.88554,-124.49042,-3.828345,-46.471844,-29.774086,-7.9361577,-51.666504,-66.881325,-11.784111,-65.6967,-98.50919,8.364392
0.0,0.0,0.0,-17.773747250000007,-17.82189546875,-26.180586843750064,4.625767312499995,-43.82131062500001,-25.538654343750068,-18.920521093750004,-65.19270109375,-41.421472593750025,-0.15218971875000165,-92.02849859375,-32.93739800000009,-26.053884218750003,-111.9372259375,-43.17328459375011,-41.37079353125,-27.09832053125,-10.12690446875007,-42.142725875000004,-63.218998312500005,-23.38077371875005,-49.641783062500004,-103.9319411875,-23.809128781250024,-0.0008082978,0.0006305798,-0.00021329235,-26.060259,-22.155016,-28.179255,3.4074101,-55.42266,-22.936453,-36.293304,-80.60866,-31.230358,-11.981591,-111.25574,-6.1546426,-53.346745,-124.62944,-1.9817626,-46.465595,-29.90154,-7.5354724,-51.89369,-67.142204,-10.920537,-65.93137,-98.425934,9.846152
0.0,0.0,0.0,-17.2950445625,-17.86074721875,-25.806265781249976,4.329631937499997,-43.6676611875,-25.409304562499983,-18.381554156249997,-64.89142806250001,-40.95676043750001,-0.3296406875000031,-91.42628821874999,-33.09286206249999,-25.3841633125,-111.282715125,-43.21793365625001,-41.009463374999996,-26.887705812500002,-10.02595712499999,-41.7704820625,-63.063654031249996,-23.286106000000018,-49.15149303125,-103.73518418750001,-24.07473843750006,-0.00094199553,0.0007080487,-0.00022600139,-25.959074,-21.905714,-28.383673,3.5288205,-55.07522,-22.732666,-36.044304,-80.066765,-31.76015,-11.823462,-110.71173,-6.711161,-53.335674,-124.36557,-3.2585647,-46.59073,-29.68952,-7.776238,-51.94634,-66.804344,-11.4212055,-66.04516,-98.31917,8.91192
0.0,0.0,0.0,-16.830922088235297,-17.918305970588232,-25.432997794117625,4.055301617647046,-43.550672647058825,-25.20014608823527,-17.844880500000006,-64.63741761764706,-40.39974344117644,-0.5085489705882509,-90.88966211764705,-33.07352676470583,-24.755210735294128,-110.68324679411765,-43.15190482352932,-40.6369951764706,-26.675420382352943,-9.871764294117668,-41.39736414705883,-62.92381014705882,-23.111823588235268,-48.67925173529412,-103.54450202941176,-24.183827882352944,-0.0011090823,0.0008139253,-0.00015027261,-25.213148,-20.84861,-28.753813,4.1822443,-53.329563,-23.923532,-34.25439,-77.965576,-34.892254,-10.055323,-109.10234,-11.683343,-50.573257,-123.88173,-10.551078,-46.238,-29.334883,-8.977527,-51.02028,-66.35662,-14.439504,-64.7394,-99.72843,3.031332
0.0,0.0,0.0,-16.453331843749993,-17.98114209375,-25.10329528125004,3.8136346874999987,-43.46124596875,-25.011243781250016,-17.423451718749995,-64.41716809374999,-39.95385943750006,-0.6791251249999988,-90.44054193749999,-33.049228781250065,-24.25316675,-110.17155984375,-43.05931575000005,-40.32314578125,-26.494601281250002,-9.714753312500022,-41.10239465625,-62.79978206250001,-22.949342718750074,-48.3023473125,-103.35716459375,-24.31984515625004,-0.0011534356,0.00085184723,-0.00010758177,-24.899307,-20.55402,-28.796625,4.3593206,-52.77952,-24.387175,-33.57629,-77.33167,-35.839436,-9.456536,-108.60248,-13.359343,-49.447983,-123.73653,-12.910949,-46.026363,-29.254778,-9.331249,-50.616795,-66.292305,-15.383811,-64.1693,-100.29879,1.1037158
0.0,0.0,0.0,-16.09152985294118,-17.993808441176476,-24.79615152941176,3.6055805882352914,-43.372695441176475,-24.899930176470605,-17.03459076470589,-64.20819173529412,-39.5932258529412,-0.8576815588235362,-90.03602052941176,-33.1108129705882,-23.832537382352953,-109.7013550882353,-43.07477791176473,-40.012808852941184,-26.32446338235294,-9.601270882352992,-40.81807694117648,-62.67705726470588,-22.84159935294116,-47.983380617647065,-103.16900667647059,-24.464043088235258,-0.0013097202,0.0008808576,-4.2565593e-05,-23.84505,-19.298384,-29.262062,5.237275,-50.521545,-25.215988,-30.95314,-74.59912,-39.389317,-7.069429,-106.13551,-18.929241,-45.86679,-122.9303,-21.676825,-45.59372,-28.77491,-10.615199,-49.339878,-65.59028,-18.816214,-62.343987,-101.76281,-5.8061337
0.0,0.0,0.0,-15.247080312500003,-17.141339125000002,-24.801976218749985,4.30300859375,-42.25408325000001,-25.336085312500018,-15.250022218750004,-62.470868406250005,-40.96291153124997,0.4496044999999995,-88.45756228125,-35.16611,-21.60028053125,-107.80204653125,-46.36213678125,-39.41837728125,-25.873416312499998,-10.473244687499914,-39.5704186875,-61.653705718750004,-25.062577343750036,-46.4465443125,-102.0111570625,-28.55456353125004,-0.0012967306,0.00090568885,-5.4376866e-05,-24.135178,-19.76048,-29.07477,4.8480244,-51.366577,-24.890594,-31.864859,-75.56069,-38.051617,-8.075147,-106.979385,-16.896002,-47.17974,-123.1112,-18.53417,-45.718136,-28.885952,-10.188769,-49.81378,-65.79932,-17.596884,-63.077747,-101.18794,-3.3750725
0.0,0.0,0.0,-14.711868062499995,-16.315656031250004,-24.680271093750036,4.833216593750002,-40.68596562500001,-25.601937187500084,-13.631678531249996,-59.777836031250004,-42.22451196875011,2.2398208749999995,-85.32285515625001,-37.780753062500025,-18.406311468749998,-104.12714725000001,-50.810896875000026,-39.036053406250005,-25.43646984375,-10.968732781250083,-38.400312031249996,-60.34672190625001,-27.089874281250047,-44.06866709375,-100.3742709375,-33.662630031250046,-0.0012365838,0.00039343015,9.6490825e-05,-22.576925,-17.79362,-30.284721,7.5079165,-47.72448,-25.73711,-26.56282,-71.639885,-44.175938,-2.1917188,-103.56117,-24.707033,-39.960075,-123.14796,-32.16587,-44.875435,-28.81676,-12.4623785,-46.825043,-65.248535,-23.441027,-58.863365,-104.048386,-14.315574
0.0,0.0,0.0,-14.604190470588222,-16.44405885294118,-24.427695764705845,4.612499558823544,-40.76037370588236,-25.277353705882263,-13.59603176470587,-59.7393640882353,-41.68214602941168,2.0424995882353016,-85.0911175882353,-37.37219058823524,-18.23774517647058,-103.80319244117646,-50.38683820588233,-38.965092382352935,-25.316570411764708,-10.722358352941114,-38.41351661764705,-60.29655941176471,-26.651046852941136,-43.99377385294117,-100.24266861764707,-33.39447291176464,-0.0006183592,-0.00017093307,0.00028334704,-23.472055,-16.802809,-30.290142,8.43028,-45.408043,-28.729492,-26.119436,-69.96006,-47.401173,1.0974232,-102.3682,-30.569208,-36.4331,-122.78062,-37.668106,-44.560673,-29.777346,-12.630647,-45.412178,-65.7917,-25.537228,-55.441933,-105.60844,-18.441225
0.0,0.0,0.0,-14.499740062499988,-16.466758437500005,-24.32848181250006,4.549816125000007,-40.756646125,-25.17246912500002,-13.518755406249994,-59.719932625,-41.518618593750034,1.9591115625000057,-85.00935409375,-37.28496168750007,-18.187814499999995,-103.7358955,-50.23371893750004,-38.90592674999999,-25.259530562500004,-10.660861062500032,-38.379408624999996,-60.25939521875,-26.543760312500012,-43.97130115624999,-100.19926237500002,-33.275529875000075,-0.00052318774,-0.00017250504,0.00033506326,-23.299623,-17.110418,-29.796432,8.026222,-45.53347,-28.870419,-26.0557,-70.15049,-46.64218,0.8675048,-102.27279,-30.54335,-35.78912,-122.48821,-37.089203,-44.28731,-29.811707,-12.222634,-45.244274,-65.97978,-24.959436,-55.03029,-105.786415,-18.038074
0.0,0.0,0.0,-14.57398599999999,-16.683157735294117,-24.244824705882365,4.348331382352946,-40.91949805882352,-25.052447147058842,-13.756336235294121,-60.067539823529415,-41.105545058823566,1.7002105000000114,-85.22809738235296,-36.901453352941246,-18.47579020588235,-104.13294973529412,-49.467499588235285,-38.92702970588235,-25.3750774117647,-10.419036029411814,-38.50924370588235,-60.5413173235294,-25.955195735294126,-44.08966570588235,-100.56143194117647,-32.267713588235324,-0.00085545063,0.0002600823,0.00029819118,-23.197195,-17.582605,-29.416279,6.972521,-46.649315,-27.943415,-27.203608,-70.89358,-44.773117,-1.463632,-102.88226,-28.265478,-38.072887,-122.337204,-34.143036,-44.563618,-29.202888,-11.788114,-46.39767,-65.64752,-23.466883,-57.036522,-105.010605,-15.548199
0.0,0.0,0.0,-14.938375093750004,-17.59865209375,-24.04513456249998,3.756941562499989,-42.04394803125,-24.54367362499994,-14.769058062500001,-62.02858934375,-39.482108093750014,0.5975094062499977,-87.14366737499999,-34.58073140624998,-20.001868156250005,-106.63144496875,-45.64416518749994,-39.08838965625,-25.8582954375,-9.600298906249975,-39.142085156250005,-61.757848406250005,-23.75988006250003,-45.073016656250005,-102.08352296875,-27.91748903125,-0.00090592983,0.00031837632,0.0002979333,-23.375729,-17.4822,-29.37896,6.8781867,-46.53257,-28.075947,-27.471992,-70.686134,-44.89013,-1.5200542,-102.72722,-28.618427,-38.21391,-122.146935,-34.465908,-44.67377,-29.151505,-11.727749,-46.550186,-65.547035,-23.48476,-57.102016,-104.95872,-15.7128935
0.0,0.0,0.0,-14.931527531249998,-17.600407968749998,-24.00646021875002,3.679857343750001,-42.059491281250004,-24.51238918749999,-14.853230625000002,-62.00616931249999,-39.43184953125001,0.44230071874999766,-87.095801125,-34.567633593749974,-20.1587180625,-106.54547109375001,-45.618569437500014,-39.105680093749996,-25.80389646875,-9.572265625,-39.229861125,-61.7067576875,-23.725040499999977,-45.20800971875,-102.0239719375,-27.852718531249934,-0.0006198131,-5.4996868e-05,0.0003236025,-23.210413,-17.261438,-29.691666,7.674027,-45.893894,-28.42251,-26.344206,-70.33327,-45.998577,0.0877611,-102.36613,-29.71957,-36.523952,-122.375626,-36.20924,-44.388172,-29.55958,-12.087665,-45.627083,-65.80664,-24.468365,-55.71738,-105.490486,-17.267065
0.0,0.0,0.0,-14.929887970588233,-17.59799882352941,-24.02784294117646,3.726728764705882,-42.083233117647055,-24.49206911764702,-14.81485432352941,-62.04006026470587,-39.46135938235284,0.4866865000000118,-87.17825776470589,-34.50285079411759,-20.147034999999992,-106.65450711764707,-45.5612272941176,-39.12630670588234,-25.816221352941177,-9.592759999999942,-39.226182911764695,-61.71010329411766,-23.753593911764654,-45.23373302941176,-102.04245876470588,-27.836289441176405,-0.0014168759,0.00087330653,0.00018808304,-22.98974,-18.145706,-29.301737,5.7886815,-48.242123,-26.467882,-28.616896,-72.001305,-42.536957,-4.66079,-103.82093,-24.74598,-41.72976,-122.29885,-30.019493,-45.041847,-28.387007,-11.515997,-48.009544,-65.12207,-21.76139,-60.126648,-103.643845,-12.186598
0.0,0.0,0.0,-15.35147365625,-17.466878,-24.63009540624995,4.115533999999997,-42.190435593749996,-24.713878531249975,-15.059215593750004,-62.36088537500001,-40.17411124999995,0.8466969062500027,-87.97606046875,-34.376240718749955,-20.69692971875,-107.65655225,-45.70477571874994,-39.64367215625,-26.048045812500003,-9.963227281249942,-39.598535,-61.80514471875,-24.212818093749945,-45.826152625,-102.3017291875,-27.832933531249978,-0.0013200786,0.0007952667,0.00021601975,-22.965649,-18.154682,-29.169611,5.8615823,-48.066902,-26.754255,-28.38774,-71.933395,-42.654354,-4.2383933,-103.73533,-25.251055,-40.979538,-122.30575,-30.427607,-44.876778,-28.526592,-11.452612,-47.71016,-65.2856,-21.854143,-59.546104,-103.95198,-12.545424
0.0,0.0,0.0,-15.838955382352943,-17.29728608823529,-25.291526352941162,4.624868735294108,-42.28795755882353,-24.88196161764705,-15.341921558823529,-62.68277976470587,-41.00755491176477,1.3089439705882242,-88.86656408823528,-34.19260985294119,-21.336232823529418,-108.80590138235293,-45.85162441176465,-40.22356570588236,-26.29675811764705,-10.357862676470575,-40.000186500000005,-61.88178526470588,-24.720880882353015,-46.48803229411765,-102.5633134117647,-27.816648558823545,-0.0013424873,0.0008747743,0.00016403792,-22.996428,-18.450478,-29.092857,5.6199374,-48.627464,-26.459494,-28.796175,-72.53349,-41.854336,-4.9533153,-104.24414,-23.997734,-41.843395,-122.44869,-28.645702,-44.927353,-28.533478,-11.245725,-48.00057,-65.38239,-21.172,-60.118305,-103.61368,-11.183089
0.0,0.0,0.0,-16.247849718750004,-17.14959859375,-25.80897324999995,4.98309865625,-42.31274525,-25.016960093749958,-15.608831062500009,-62.8285018125,-41.72715465624998,1.6578932812500042,-89.42626503125001,-34.109751624999944,-21.836409625,-109.56945268750002,-46.10553924999999,-40.659235406250005,-26.49087325,-10.548940625,-40.32374153125,-61.914854625,-25.116294843749984,-46.960313,-102.73602671875,-27.85940553124999,-0.0011894819,0.0008561078,1.2086461e-05,-23.919033,-19.413588,-28.926544,5.0730624,-50.52687,-25.718279,-30.999775,-74.732895,-39.193966,-6.894969,-106.29747,-19.405823,-45.166176,-123.0382,-21.627544,-45.40711,-28.954002,-10.335155,-49.138966,-65.89235,-18.574919,-61.806877,-102.22134,-5.7279677
0.0,0.0,0.0,-16.617105281249998,-17.028775500000002,-26.259988781249945,5.264261843749999,-42.32927178125,-25.110534625000014,-15.854479562499996,-62.909819437500005,-42.333835499999964,1.9452615312499972,-89.8184676875,-34.10645371874995,-22.250774093749996,-110.0943829375,-46.436532874999955,-40.9948550625,-26.643832875,-10.72805115624999,-40.567433125,-61.949297468750004,-25.45271115624996,-47.285131343749995,-102.8483216875,-27.981352749999928,-0.0010559293,0.000813421,-9.142612e-05,-24.97021,-20.355316,-28.725172,4.471296,-52.33634,-24.793556,-33.314995,-76.88223,-36.37226,-8.805965,-108.21863,-14.569522,-48.5701,-123.64939,-14.304943,-45.983517,-29.319324,-9.298518,-50.370384,-66.3038,-15.756015,-63.521797,-100.706314,0.12269487
0.0,0.0,0.0,-16.994902705882353,-16.89859729411765,-26.680027529411802,5.553820088235298,-42.32931697058824,-25.179381352941164,-16.134789794117644,-62.960483852941174,-42.92192694117642,2.2330571470588225,-90.17972438235293,-34.08228779411763,-22.660492529411766,-110.57680061764707,-46.73124767647056,-41.30519032352941,-26.780836088235297,-10.915192470588238,-40.78574352941176,-61.98776729411765,-25.734820029411765,-47.57478311764706,-102.93862426470587,-28.09419247058821,-0.0009781261,0.00077426457,-0.00012912268,-25.399948,-20.911688,-28.537565,4.1536245,-53.292263,-24.335253,-34.34458,-78.08181,-34.816208,-9.737092,-109.258514,-12.055562,-50.05345,-124.05505,-10.457091,-46.152996,-29.549553,-8.718626,-50.86127,-66.62178,-14.236091,-64.23967,-100.075325,3.183714
0.0,0.0,0.0,-17.33131425,-16.7558954375,-27.04643443750001,5.8262422187499965,-42.32718324999999,-25.267203312499987,-16.388668374999995,-63.00276646875001,-43.47217468750006,2.501011499999997,-90.52911575,-34.06605921875001,-23.05964303125,-111.02193203125,-47.00037678125,-41.57343996875,-26.897110062500005,-11.14381325000005,-40.964911625,-62.0289001875,-26.01988596875003,-47.83329296875,-103.01653809375,-28.183977249999998,-0.0007835715,0.0006597354,-0.0001934532,-26.305267,-22.141804,-28.05958,3.4159157,-55.340214,-23.32719,-36.50877,-80.641335,-31.340345,-11.71585,-111.39204,-6.6282573,-53.078552,-124.81278,-2.1298587,-46.48317,-30.045395,-7.3868027,-51.871136,-67.30927,-10.865618,-65.66061,-98.722565,9.816043
0.0,0.0,0.0,-17.692351764705876,-16.556143558823535,-27.435298411764734,6.112171852941181,-42.36176385294118,-25.42799029411765,-16.669588558823527,-63.04443326470588,-44.06494517647059,2.741583470588239,-90.96780347058825,-34.1021219117647,-23.540114235294116,-111.51698488235294,-47.28718132352935,-41.818771852941175,-27.02064397058824,-11.38587523529418,-41.136708647058825,-62.09402226470589,-26.34031679411771,-48.114719529411765,-103.1121475882353,-28.233959529411777,-0.0011448364,0.00085184583,-3.9956034e-05,-24.507538,-20.10981,-28.76625,4.6367064,-51.864674,-25.184784,-32.521233,-76.329285,-37.24364,-8.32123,-107.78653,-16.069632,-47.427437,-123.52909,-16.53936,-45.68856,-29.207687,-9.72393,-49.91574,-66.2564,-16.723083,-63.01452,-101.280426,-1.7919275
0.0,0.0,0.0,-17.97695115625,-16.30259925,-27.779210125000077,6.388968031250002,-42.456356875,-25.50588321875,-16.90742715625,-62.99613278125,-44.6163902187501,2.885184062499995,-91.3809313125,-34.06979271875002,-24.064448812499997,-111.87923371874999,-47.634043750000046,-42.02451703125,-27.047219062499995,-11.626662312500002,-41.319463375,-62.0258895625,-26.750621875000036,-48.5106171875,-103.05762787500001,-28.47514434375006,-0.0011873781,0.00083320984,4.366592e-05,-23.866032,-19.574743,-28.899578,5.0647554,-50.809658,-25.859632,-31.10945,-75.13772,-38.972614,-7.096646,-106.76113,-18.959522,-45.2754,-123.218124,-20.818031,-45.288345,-29.061783,-10.4135895,-49.09454,-66.094635,-18.491518,-61.89192,-102.22375,-5.335575
0.0,0.0,0.0,-18.2447855625,-16.24420340625,-28.05561259374997,6.489706031250002,-42.92564009375,-25.403891499999986,-17.42628371875,-63.463174,-44.77024749999998,2.4532921249999973,-92.33493125000001,-33.3232260625,-25.319147875000002,-112.72857846875,-46.97576137499999,-42.265619375,-27.004559,-11.767952000000037,-41.7709230625,-62.038465124999995,-26.807212781249973,-49.53718078125,-103.02768359375001,-27.869313187499984,-0.0006455508,0.00055065565,-0.00018691341,-26.468018,-22.594172,-27.777208,3.1734931,-55.982426,-23.157356,-36.986122,-81.480484,-30.170963,-12.212443,-112.064705,-5.0672574,-53.544216,-124.98784,0.4275772,-46.40323,-30.27841,-6.92535,-51.9595,-67.65948,-9.806155,-65.76587,-98.46992,11.74965
0.0,0.0,0.0,-18.607171911764713,-16.142987205882353,-28.308489764705882,6.675833941176457,-43.09001788235294,-25.508376176470563,-17.834635558823532,-63.66161497058824,-45.12161888235289,2.4878635294117615,-92.86298147058824,-33.12600441176471,-25.99713102941177,-113.37025782352939,-46.81805250000002,-42.483080941176475,-27.123219441176467,-11.886019617647037,-42.00689667647059,-62.15841238235293,-26.89383111764704,-49.94831932352941,-103.16943852941176,-27.53911908823528,-0.00067889073,0.0005722792,-0.00017591508,-26.350395,-22.530602,-27.796654,3.2017133,-55.8673,-23.20292,-36.795975,-81.326416,-30.363771,-12.126335,-111.92393,-5.38975,-53.315025,-124.927376,-0.102808766,-46.351597,-30.22568,-7.031164,-51.87696,-67.6118,-10.032809,-65.686035,-98.56238,11.2994795
0.0,0.0,0.0,-19.001811312500003,-16.21975915625,-28.483626406249982,6.541318624999995,-43.62608021875,-25.26156821874997,-18.695946031250003,-64.19782815625,-44.908614156249996,1.7797723749999932,-93.68211896875,-32.17265706249998,-27.53300025,-114.10651671875,-45.74278065624998,-42.821854593750004,-27.057913218750002,-11.763283687500007,-42.688345500000004,-62.217791000000005,-26.431295312500026,-51.1330311875,-103.17230815625,-26.40226284375001,-0.0011530714,0.00083509425,-2.2596792e-05,-24.324507,-19.980875,-28.807545,4.742755,-51.61702,-25.300163,-32.154377,-76.031006,-37.64374,-8.050373,-107.514175,-16.708153,-46.93032,-123.413155,-17.552664,-45.585655,-29.157665,-9.905084,-49.713062,-66.19746,-17.15407,-62.763283,-101.46774,-2.6482034
0.0,0.0,0.0,-19.415579911764706,-16.206026176470587,-28.713619470588128,6.557162264705887,-43.84556082352942,-25.40964826470588,-19.463519382352942,-64.76704014705882,-45.06484267647056,1.4074716176470545,-94.47493044117647,-31.865840294117618,-28.8946710882353,-115.08433038235293,-44.80710552941173,-43.04137523529412,-27.216675588235294,-11.733212705882295,-43.08729964705883,-62.5012614117647,-26.12695670588232,-51.862294088235295,-103.43500847058823,-25.092033705882386,-0.0012099895,0.00063801534,0.00018399936,-22.819822,-18.12343,-29.5651,6.429411,-48.052513,-26.607506,-27.810106,-72.11576,-43.138176,-3.5935752,-103.97269,-24.991045,-40.69107,-122.828835,-30.614578,-44.814415,-28.742405,-11.808138,-47.36411,-65.4514,-22.335043,-59.309464,-104.09383,-12.8596115
0.0,0.0,0.0,-19.7260415625,-15.874708687499998,-28.90991784375001,6.908651375000005,-43.45341125,-25.66550168750001,-19.51639346875,-64.42824653125001,-45.75501915625,2.048596250000003,-94.2976310625,-32.49248109375003,-28.80997696875,-115.17412121874999,-45.539231281249954,-43.14347090625,-27.374244625,-11.865793093749971,-42.953544468749996,-62.52231709375,-26.52380281249998,-51.488588375,-103.50613578125,-25.461207343750004,-0.0007827283,5.013324e-05,0.00021284718,-22.468176,-17.85683,-29.965841,7.6774983,-47.268646,-26.93007,-26.069109,-71.74559,-44.61538,-1.231742,-103.71415,-26.26777,-38.16296,-123.44221,-32.907753,-44.351395,-29.281326,-12.399575,-46.002384,-65.86436,-23.750704,-57.374817,-105.00849,-15.038797
0.0,0.0,0.0,-19.96299140625,-15.673856500000001,-29.09235681249993,7.1088516875,-43.390822281249996,-25.783702906250028,-19.709829281250002,-64.480241,-46.131784374999995,2.199619406249994,-94.59510415624999,-32.497121875000005,-29.188784906250003,-115.61316171875,-45.479800281249936,-43.26401728125,-27.4441079375,-11.991147874999967,-43.01302959375,-62.56440053125,-26.70552831249995,-51.6383255,-103.536988625,-25.33388521874997,-0.0011718045,0.0004893573,0.0001563333,-22.678537,-17.983868,-29.951214,7.0004616,-47.94155,-26.284544,-27.219517,-72.04794,-43.698315,-2.9329822,-104.01267,-24.825954,-40.425385,-123.22736,-31.18679,-44.826897,-28.809544,-12.196184,-47.099983,-65.43431,-22.91986,-59.157227,-104.16744,-13.467146
0.0,0.0,0.0,-20.29963888235294,-15.424737764705883,-29.329967764705884,7.379583970588229,-43.28656588235294,-25.9325229411765,-20.014549235294123,-64.45658285294118,-46.672325676470564,2.410475235294115,-94.8613474117647,-32.62351899999999,-29.663213970588235,-115.98974811764708,-45.6667066764706,-43.4434834117647,-27.530331470588237,-12.157263411764688,-43.123665970588235,-62.57344758823529,-26.985125352941168,-51.82676564705882,-103.52957126470588,-25.374629352941213,-0.00078717107,0.00051767426,-0.00018594028,-25.089413,-21.163675,-28.738329,4.6017823,-53.520767,-23.983212,-33.72041,-78.67842,-34.64435,-9.377087,-109.69485,-10.993132,-49.840733,-124.55032,-9.364476,-45.88598,-29.829664,-8.869667,-50.389362,-66.93972,-14.207492,-63.93646,-100.02038,3.7443542
0.0,0.0,0.0,-20.795157375000002,-15.26653328125,-29.656318812499933,7.742512093749994,-43.420114749999996,-25.9931136875,-20.59176190625,-64.81763575000001,-47.07672709374998,2.5123668437499944,-95.63956112499999,-32.26317884374993,-30.622363656250002,-116.90049943749999,-45.145788374999995,-43.71170990625,-27.705257718749998,-12.29681118749994,-43.39881565625,-62.73738228125,-27.1095105,-52.35632784375,-103.61662618749999,-24.802206187499962,-0.00028183014,-0.00042047512,4.501628e-05,-22.77032,-18.081594,-30.380777,9.113126,-47.291164,-26.79993,-25.437695,-72.71397,-45.021057,0.6550552,-104.79146,-25.224415,-37.652134,-125.01748,-31.41789,-44.121105,-30.391575,-12.330548,-45.027836,-66.82553,-23.641365,-56.0927,-105.402275,-13.853545
0.0,0.0,0.0,-21.12663341176471,-15.070244323529414,-29.895094088235282,8.04813644117646,-43.411425735294124,-26.08751620588231,-20.957128058823535,-64.89431970588235,-47.598415441176485,2.684383588235285,-96.0679189117647,-32.18272217647058,-31.273163852941185,-117.45617173529412,-45.04574773529413,-43.89279352941177,-27.797721558823525,-12.466995352941183,-43.55079755882353,-62.77275035294117,-27.33365673529414,-52.6645336764706,-103.5987010882353,-24.640893323529383,-0.0012973921,0.0006111127,7.459342e-05,-23.376839,-17.712912,-30.385916,7.1675844,-47.96703,-26.487885,-28.257193,-72.07298,-44.28713,-3.1723595,-104.43106,-24.771206,-42.023106,-123.46717,-30.914717,-45.3708,-28.849972,-12.392305,-47.743866,-65.27421,-23.12625,-60.023357,-103.7164,-13.125248
0.0,0.0,0.0,-21.492453031249998,-14.882033312499999,-30.19527340625001,8.362389343750003,-43.459317343749994,-26.196660156250005,-21.402687031249997,-65.03979409374999,-48.15044312500004,2.7799198750000045,-96.59439625,-32.102044031250045,-32.0597403125,-118.07262365625,-44.90699681250004,-44.105941062499994,-27.901058562499998,-12.70199871875002,-43.7618804375,-62.828688718749994,-27.60695846875001,-53.0873318125,-103.55986828125,-24.449860593749975,-0.0011857791,0.00071617786,-4.893864e-05,-24.251131,-18.673378,-29.81492,6.1027775,-49.63194,-26.023169,-30.694279,-73.95661,-41.409702,-5.561418,-106.03201,-21.035154,-45.237175,-123.539314,-24.414515,-45.775288,-29.048836,-11.161697,-49.02125,-65.63937,-20.254946,-61.69703,-102.40082,-7.854537
0.0,0.0,0.0,-21.8921815,-14.713085875,-30.512464656250017,8.698494562500002,-43.50361275,-26.289902874999996,-21.907200968749997,-65.14512478124999,-48.690360218750016,2.8847307187500064,-97.1097413125,-32.00991540625,-32.87170271875,-118.58824859375,-44.81451521874999,-44.33481671875,-28.004341656250002,-12.904007906250001,-44.00480596875,-62.871287656250004,-27.854717375000007,-53.54445465625,-103.49494990624999,-24.33374600000002,-0.0007705395,-4.9916707e-06,0.00016803392,-23.541967,-16.861137,-30.61399,8.35037,-46.02081,-28.178406,-26.80009,-70.5218,-47.037716,0.02873581,-103.15758,-29.032541,-38.46086,-123.21772,-35.939434,-44.92309,-29.518291,-12.891516,-46.142044,-65.5589,-25.277943,-56.96852,-104.9352,-17.131638
0.0,0.0,0.0,-22.331642323529415,-14.531408617647058,-30.796551029411887,9.03028397058823,-43.56802323529412,-26.32227097058825,-22.476214823529414,-65.29060505882352,-49.10191167647065,2.961805941176465,-97.65757738235293,-31.8148965882354,-33.76182341176471,-119.1482289117647,-44.5514392352942,-44.59436076470588,-28.094102441176474,-13.029488176470636,-44.28965623529412,-62.894879,-28.01904379411775,-54.0541605,-103.39954335294118,-24.094530000000077,-0.00064010255,-0.00013022765,0.00015600114,-23.60443,-16.824984,-30.604063,8.569424,-45.798683,-28.445885,-26.608942,-70.4842,-47.29184,0.55222005,-103.11884,-29.440554,-37.955914,-123.28674,-36.187984,-44.80424,-29.743105,-12.854152,-45.82569,-65.73219,-25.407383,-56.393837,-105.092094,-17.339619
0.0,0.0,0.0,-22.743952718750002,-14.42623059375,-30.98238465625002,9.279511124999999,-43.612855656250005,-26.366912812500004,-22.9979566875,-65.4619384375,-49.427976562499964,3.051557687500001,-98.14740515625,-31.578571312500003,-34.51170784375,-119.70083803125,-44.155310499999985,-44.837652500000004,-28.2111853125,-13.099158250000016,-44.54089346875,-62.97194615625,-28.085087687499993,-54.4541761875,-103.3780891875,-23.692804281250005,-0.00040760313,-0.00034705194,0.00025798797,-23.73475,-16.476307,-30.47974,8.831379,-44.951817,-29.42184,-26.198467,-69.75517,-48.330894,1.737621,-102.49071,-31.590355,-36.30517,-122.99107,-38.40931,-44.56807,-29.987005,-12.898532,-45.20054,-65.86972,-26.190252,-55.033592,-105.69379,-19.104445
0.0,0.0,0.0,-23.20127900000001,-14.344117,-31.21763785294121,9.5178035,-43.67780811764706,-26.455161647058844,-23.549265352941184,-65.66949682352941,-49.799422294117676,3.1607868235294063,-98.58289476470588,-31.43169176470593,-35.23724841176471,-120.27335661764705,-43.774860941176485,-45.090961088235304,-28.355405647058824,-13.199052676470671,-44.802322676470595,-63.08670347058823,-28.156927617647113,-54.80924276470589,-103.3881646764706,-23.345766794117765,-0.0005143273,-0.00029098112,0.00014621222,-23.477182,-16.759298,-30.672602,8.916578,-45.626812,-28.264137,-25.990047,-70.3147,-47.514675,1.2819477,-102.91299,-29.527304,-37.131516,-123.39362,-36.764744,-44.680897,-29.856253,-12.902866,-45.415104,-65.794716,-25.63823,-55.786186,-105.307594,-17.815922
0.0,0.0,0.0,-23.75195021875,-14.43736646875,-31.43217471874999,9.469947999999995,-44.045408375,-26.531401781249997,-24.60068265625,-66.20556612499999,-49.791989249999915,2.753643312499996,-99.30055828125,-30.90617850000001,-36.5550269375,-121.002090375,-42.576077406249965,-45.4325188125,-28.471572531249997,-13.10299778124994,-45.4021458125,-63.32190390625,-27.69959159374997,-55.580243906250004,-103.4592276875,-22.10389612499995,-0.0005838107,-0.00022128902,0.0001012718,-22.380342,-17.991405,-30.452955,8.602515,-47.628975,-26.313366,-25.549881,-72.55033,-44.718777,-0.5486246,-104.682,-24.661797,-38.570415,-124.63429,-31.417078,-44.28878,-29.69627,-12.683985,-45.616615,-66.24677,-23.815063,-57.35509,-104.9308,-14.081741
0.0,0.0,0.0,-24.236443625000007,-14.64724878125,-31.588188187499952,9.450938968749995,-44.40920781249999,-26.58617503124998,-25.498722000000008,-66.95442325,-49.600825343750046,2.403973718749995,-100.14137621875001,-30.249544125,-37.8414865,-121.93773384375,-40.97082525000002,-45.70231271875001,-28.699056562499997,-12.981027531249993,-45.868054156250004,-63.70809215625,-27.14652831250004,-56.20417725000001,-103.60772575,-20.497959093750012,-0.00033552086,-0.00044300585,0.00026932347,-23.439531,-16.621262,-30.546043,8.954474,-45.239365,-29.126139,-25.856272,-70.14137,-48.020775,1.6764289,-102.84029,-30.753817,-36.321465,-123.28511,-37.53777,-44.419277,-30.001894,-13.031283,-45.029522,-65.969124,-26.09567,-55.082855,-105.63037,-18.593567
0.0,0.0,0.0,-24.57683779411765,-14.406712735294118,-31.807961794117716,9.648213764705872,-44.27424647058824,-26.960441205882375,-25.888596794117653,-66.81429376470588,-50.26907255882355,2.503060911764706,-100.36260829411765,-30.759947852941195,-38.421251852941175,-122.12037699999999,-41.35471297058825,-45.886475617647065,-28.78653364705882,-13.217603852941181,-46.03018279411765,-63.64984685294118,-27.577233647058847,-56.456051882352945,-103.4711534117647,-20.819607029411827,-0.0002506742,-0.0005137345,0.00025438395,-23.106901,-17.058508,-30.420181,9.016141,-45.772408,-28.64415,-25.512857,-70.91889,-47.147755,1.5278417,-103.423454,-29.32438,-36.270897,-123.75815,-35.759453,-44.162727,-30.156805,-12.877351,-44.79388,-66.29994,-25.46987,-55.038353,-105.6631,-17.340658
0.0,0.0,0.0,-24.780586781249998,-14.40090975,-31.89124584374997,9.712839718750004,-44.34173721875,-27.05195890624998,-26.18405959375,-66.918553625,-50.42872325000002,2.4392351562500068,-100.63253421875,-30.730503,-38.80674525,-122.30458471875001,-41.1912069375,-45.98968765625,-28.85415903125,-13.273544031249969,-46.1659119375,-63.694614124999994,-27.617460218749954,-56.678449406249996,-103.43589121875,-20.714122656250026,-0.00011590513,-0.00061309524,0.00027611663,-23.082548,-17.173704,-30.273552,8.984872,-45.79256,-29.01879,-25.562939,-71.15306,-47.082222,1.5416542,-103.683846,-29.516676,-36.02058,-123.88667,-35.44991,-43.980347,-30.297989,-12.843278,-44.629974,-66.527916,-25.416336,-54.786266,-105.83569,-17.222923
0.0,0.0,0.0,-24.752260823529404,-14.437322088235295,-31.73808397058815,9.720310823529424,-44.138895911764706,-27.221735323529288,-26.077204705882348,-66.662079,-50.431946617646986,2.7452993529411813,-100.23582626470588,-31.27723076470579,-38.16640373529411,-121.83024970588238,-41.943468911764626,-45.8476998235294,-28.896290529411765,-13.18260561764697,-45.96040320588235,-63.700101970588236,-27.695533470588146,-56.19519552941176,-103.57003073529413,-21.29873217647048,-9.734536e-05,-0.0006393201,0.00029870504,-23.111185,-17.167133,-30.258791,9.062295,-45.729626,-29.214016,-25.539919,-71.16942,-47.205116,1.723704,-103.7292,-29.724396,-35.79183,-123.92671,-35.548183,-43.91843,-30.390999,-12.87358,-44.513226,-66.62033,-25.520239,-54.577366,-105.93233,-17.371317
0.0,0.0,0.0,-24.588020281250007,-14.43421340625,-31.410993625000003,9.72851643749999,-43.598407937500006,-27.542381218749995,-25.652156656250007,-65.91271984375,-50.53095053125003,3.462928281250001,-99.13539509375002,-32.671337031250005,-36.56719746875001,-120.60554731250001,-43.93517775000004,-45.53457734375001,-28.9329103125,-13.112178718749988,-45.451990093750005,-63.62473665625,-27.974151500000005,-55.04180490625001,-103.81406237499999,-22.81804946875002,-1.1289536e-05,-0.0007087004,0.000292879,-23.175632,-17.175938,-30.284105,9.267117,-45.682537,-29.368103,-25.521633,-71.30899,-47.34235,2.0105145,-103.94595,-29.764532,-35.664734,-124.175705,-35.374054,-43.850685,-30.56375,-12.907143,-44.349735,-66.78448,-25.576023,-54.336445,-106.03599,-17.267582
0.0,0.0,0.0,-24.377118187500002,-14.58099128125,-31.04627903124998,9.685632687500004,-43.38507128124999,-27.624712156249984,-25.356567375,-65.67073590625,-50.278668562499945,3.7765739374999967,-98.58800146875001,-33.23176687499995,-35.5533496875,-119.89589874999999,-44.66395109374997,-45.259109718750004,-28.970142249999995,-12.933606343749943,-45.102504968750004,-63.6801975,-27.872365249999973,-54.3218341875,-104.00886315625,-23.431600749999916,-0.0006430644,-0.00016727188,-0.00019942255,-23.224026,-18.277271,-31.155687,9.65629,-48.290062,-24.855122,-25.814465,-73.25962,-44.46189,0.4050457,-105.265816,-21.983265,-39.733227,-125.6441,-29.534842,-44.86421,-30.462904,-12.293266,-45.76778,-66.62172,-23.02991,-57.588413,-104.46495,-12.174474
0.0,0.0,0.0,-24.124623294117647,-14.720162235294117,-30.710569441176517,9.598101794117646,-43.12905011764706,-27.791918529411703,-25.033997147058823,-65.44292267647057,-50.08490079411763,4.041931176470598,-98.01512529411764,-33.87376217647051,-34.500071294117646,-119.14829635294117,-45.43172064705874,-44.978629941176465,-28.992260382352942,-12.81588023529406,-44.7530254117647,-63.72853091176471,-27.858850911764648,-53.598457294117644,-104.17223294117647,-24.153543911764643,0.0002483146,-0.0008328811,2.9456252e-05,-22.24309,-19.557692,-29.5894,10.015657,-47.96226,-26.624414,-23.922897,-74.69391,-43.25917,2.7610586,-105.89997,-23.500261,-34.18508,-126.63769,-28.329924,-43.01238,-31.905125,-11.445356,-43.243027,-68.76102,-22.113087,-53.27876,-107.124146,-11.741675
0.0,0.0,0.0,-23.9027670625,-14.95169259375,-30.473534562499935,9.463523281249998,-43.06849596875,-27.887431093750024,-24.8083764375,-65.54527546874999,-49.79285625,4.0685168125,-97.79761759374999,-34.12297528124998,-33.75868103125,-118.78350734374999,-45.53003209374998,-44.75896753125,-29.045265093749997,-12.699308374999987,-44.521665375,-63.85863715625,-27.731404218750015,-53.14290209375,-104.35829615625,-24.336444874999984,0.00026562656,-0.00075743964,-0.00017215428,-22.533484,-19.74836,-29.567673,9.906888,-48.303703,-25.78127,-24.15672,-74.840675,-42.556606,2.6279347,-105.78988,-22.343018,-34.719833,-126.76766,-27.483536,-43.31255,-31.915283,-10.874445,-43.58933,-68.70681,-21.223091,-53.618927,-106.93184,-10.56949
0.0,0.0,0.0,-23.643344529411763,-15.211329705882353,-30.273950794117752,9.300455117647061,-42.997476117647054,-28.072076176470603,-24.53398305882353,-65.57759747058824,-49.53841082352949,4.123474823529413,-97.53665720588235,-34.4523250882354,-32.90869805882353,-118.42076011764708,-45.75886708823532,-44.529876470588235,-29.099504558823533,-12.617193705882414,-44.28863423529412,-63.97621423529413,-27.671109264705933,-52.630758,-104.55470567647059,-24.70430605882359,0.00030385554,-0.0008586268,2.2558754e-05,-22.22144,-19.713171,-29.40263,9.95054,-48.01187,-26.6138,-23.845259,-74.76573,-42.95442,2.8974779,-105.81327,-23.470926,-33.71367,-126.571915,-28.177792,-42.92933,-31.992445,-11.250108,-43.12967,-68.89301,-21.852419,-52.955116,-107.313095,-11.594729
0.0,0.0,0.0,-23.313544249999993,-15.466327906250001,-30.012123218750048,9.140271218750001,-42.971879187499994,-28.214834249999967,-24.228740937499992,-65.652810625,-49.17310143750001,4.137783250000005,-97.40028384375,-34.599304218750035,-32.16992724999999,-118.22508378124999,-45.69105440625003,-44.28718556249999,-29.12567121875,-12.56535150000002,-44.075486999999995,-64.092287,-27.55041703125005,-52.22263903125,-104.74913434375,-24.864627031249995,0.00027954802,-0.0008065974,-6.1460487e-06,-22.434982,-19.616323,-29.56938,9.995467,-48.070984,-26.656235,-24.18714,-74.868805,-43.1414,2.7196133,-106.10398,-23.306984,-34.418907,-126.819496,-27.905703,-43.09472,-31.987831,-11.306872,-43.35924,-68.85331,-21.888582,-53.365498,-107.14991,-11.313372
0.0,0.0,0.0,-23.002868343750006,-15.62189365625,-29.747605281249946,9.016713312499995,-42.963641249999995,-28.303194093749994,-23.926777625000003,-65.72038340625,-48.88546465624995,4.111077999999992,-97.2920690625,-34.739705937499934,-31.538339187500004,-118.08045209375,-45.585979406249976,-44.05421762500001,-29.1322440625,-12.53437993749992,-43.865436906250004,-64.19380634375,-27.45703790624998,-51.8687679375,-104.89621199999999,-25.0032500625,0.00020570215,-0.00080383394,-0.00021593929,-22.513166,-19.40829,-30.16161,10.359075,-48.198193,-25.467337,-23.962183,-74.5928,-43.367992,2.7618444,-105.81391,-22.18902,-35.44113,-126.936966,-28.17426,-43.520615,-31.81472,-11.42909,-43.676796,-68.42245,-21.980396,-54.134056,-106.55111,-11.20677
0.0,0.0,0.0,-22.691299764705875,-15.76452482352941,-29.49296217647054,8.893412823529424,-42.956107411764705,-28.41986447058821,-23.58487885294117,-65.78237926470588,-48.585132323529365,4.094870941176474,-97.17075776470588,-34.90920132352937,-30.82213029411764,-117.91825185294118,-45.511258235294065,-43.81076011764705,-29.137035588235292,-12.474889352941148,-43.61971623529411,-64.30444820588235,-27.37855620588232,-51.48514105882352,-105.06562173529412,-25.1120964705882,-0.00014580652,-0.0004632922,4.3275377e-05,-22.655571,-18.757313,-30.036753,9.186237,-47.86824,-26.53804,-25.278711,-73.758736,-43.92717,0.7879755,-105.515724,-23.915665,-37.19727,-125.756676,-29.350698,-43.815674,-30.86906,-11.801261,-44.70681,-67.53797,-22.601484,-55.66316,-105.87222,-12.2121935
0.0,0.0,0.0,-22.419570874999998,-15.895920906250002,-29.319314812499954,8.789513437499998,-42.96966525,-28.515046906250006,-23.29056453125,-65.85794415625,-48.34207046875002,4.077619968750007,-97.0818373125,-35.047213406249966,-30.196947375,-117.79073815625,-45.432476906249974,-43.6052585625,-29.14322265625,-12.429465312499985,-43.402690843749994,-64.41098721875001,-27.319905187500012,-51.14424765625,-105.20546540625,-25.267579062499976,-0.00012825752,-0.0005249232,0.0002223291,-22.75814,-17.89129,-29.957155,8.696845,-46.749996,-28.31055,-25.676435,-72.343124,-45.539352,0.5966999,-104.60446,-27.351128,-36.716457,-124.441826,-32.605904,-43.770508,-30.370138,-12.442422,-44.76736,-66.919426,-24.18834,-55.41208,-105.77737,-15.087534
0.0,0.0,0.0,-22.134412970588226,-16.022209647058823,-29.136271794117533,8.681706470588239,-42.95748144117646,-28.6869534411764,-22.987042499999994,-65.89390311764706,-48.16747058823529,4.095851382352947,-96.95461717647059,-35.23992932352945,-29.53312135294117,-117.62087138235295,-45.432210617647,-43.384465735294114,-29.157907529411766,-12.37058579411763,-43.16340208823529,-64.50833679411765,-27.291760647058823,-50.7646588235294,-105.345758,-25.503875676470557,-0.00022349431,-0.0003937219,0.00013762627,-22.758202,-18.206892,-30.002768,8.69666,-47.295094,-27.551165,-25.806225,-72.89643,-44.809315,0.22164458,-104.9969,-25.851254,-37.449234,-124.84327,-31.160408,-43.89813,-30.404383,-12.209706,-45.02254,-67.01654,-23.494326,-55.978405,-105.61825,-13.808576
0.0,0.0,0.0,-21.857041343749994,-16.16694346875,-28.92221562499998,8.607389968750006,-42.97474275,-28.750292781249982,-22.68989678125,-65.9594184375,-47.939921500000025,4.127739625000004,-96.86214875,-35.363700031250005,-28.902893843749997,-117.49394040625,-45.35466784375001,-43.1595608125,-29.19325059375,-12.280889562499965,-42.9142511875,-64.6254365,-27.213972093749987,-50.386192718749996,-105.49968325000002,-25.62910662500002,-0.0004927424,-0.00018125644,0.0002683581,-22.816912,-17.57751,-29.918459,7.9830384,-46.602417,-28.302229,-26.179504,-71.50615,-45.658398,-0.31194168,-103.78432,-28.147354,-37.247513,-123.48209,-34.032803,-44.148167,-29.702785,-12.535982,-45.50528,-66.199615,-24.441975,-56.293358,-105.45358,-16.058722
