true_point_0_x,true_point_0_y,true_point_0_z,true_point_1_x,true_point_1_y,true_point_1_z,true_point_2_x,true_point_2_y,true_point_2_z,true_point_3_x,true_point_3_y,true_point_3_z,true_point_4_x,true_point_4_y,true_point_4_z,true_point_5_x,true_point_5_y,true_point_5_z,true_point_6_x,true_point_6_y,true_point_6_z,true_point_7_x,true_point_7_y,true_point_7_z,true_point_8_x,true_point_8_y,true_point_8_z,pred_point_0_x,pred_point_0_y,pred_point_0_z,pred_point_1_x,pred_point_1_y,pred_point_1_z,pred_point_2_x,pred_point_2_y,pred_point_2_z,pred_point_3_x,pred_point_3_y,pred_point_3_z,pred_point_4_x,pred_point_4_y,pred_point_4_z,pred_point_5_x,pred_point_5_y,pred_point_5_z,pred_point_6_x,pred_point_6_y,pred_point_6_z,pred_point_7_x,pred_point_7_y,pred_point_7_z,pred_point_8_x,pred_point_8_y,pred_point_8_z
0.0,0.0,0.0,-11.167688625000004,-19.783219875,-20.636646312500034,3.777329187499994,-42.5172964375,-21.91902912500001,-10.052132937500005,-62.5480336875,-33.48051056250006,2.863132499999992,-83.6598485625,-31.46407687499999,-11.221091937500006,-101.7950230625,-41.35005374999997,-34.464155125000005,-26.797738062500002,-6.833028749999983,-33.733098250000005,-63.905755062500006,-18.692838499999993,-36.256076937500005,-102.83883343750001,-24.473947562499973,0.0011976341,-0.002492671,-6.384091e-05,-11.275543,-19.48365,-21.091066,3.3382795,-42.65708,-22.008583,-10.777836,-62.38709,-33.838367,1.7273246,-83.92655,-31.363346,-12.747755,-101.79394,-41.455162,-35.081715,-26.003023,-7.841301,-34.872673,-63.009033,-19.615643,-38.200394,-101.79856,-25.364733
0.0,0.0,0.0,-11.166813799999996,-19.782772066666663,-20.637796100000003,3.7777850333333305,-42.51780263333333,-21.920394866666697,-10.05029106666667,-62.5474395,-33.48274936666667,2.864608666666676,-83.65808033333333,-31.46524859999994,-11.217441133333335,-101.79120616666667,-41.35426536666671,-34.46243403333333,-26.797841366666663,-6.833770633333302,-33.73111943333333,-63.90567533333332,-18.694589199999996,-36.25337873333333,-102.83836243333334,-24.47834576666662,0.001199349,-0.0024979434,-3.9235416e-05,-11.090991,-19.599566,-21.107582,3.6860368,-42.652557,-21.998577,-10.272691,-62.53398,-33.850155,2.3851087,-84.01918,-31.372087,-11.916908,-102.10015,-41.463154,-34.91074,-26.288967,-7.925044,-34.412476,-63.318905,-19.668982,-37.484837,-102.245255,-25.343452
0.0,0.0,0.0,-11.166406249999998,-19.78179025,-20.63622668749997,3.778457062500003,-42.51650303125,-21.92080593749995,-10.049700937499995,-62.54557946875,-33.48278984374997,2.865066437500005,-83.6571356875,-31.465610468749958,-11.216726468749997,-101.79057828125,-41.35406868749993,-34.46241634374999,-26.797151718750005,-6.833875625000019,-33.73030440625,-63.90491024999999,-18.693535750000024,-36.25234903125,-102.83606709375,-24.477187125,0.0011999515,-0.0024985485,-3.7981463e-05,-11.087853,-19.601538,-21.110062,3.6965532,-42.651184,-22.002367,-10.260134,-62.537743,-33.85576,2.4047172,-84.02289,-31.377666,-11.895212,-102.110695,-41.468307,-34.907333,-26.297785,-7.92862,-34.400463,-63.327637,-19.674267,-37.46589,-102.25826,-25.346619
0.0,0.0,0.0,-11.166415833333339,-19.783338533333332,-20.634673133333365,3.7775661333333304,-42.517863966666674,-21.91781323333339,-10.050413633333346,-62.54671410000001,-33.480754700000034,2.8644915333333216,-83.65778706666669,-31.465123466666796,-11.217071733333345,-101.79107776666667,-41.35235190000003,-34.46258570000001,-26.798818466666667,-6.830448433333402,-33.73112216666667,-63.905909333333334,-18.691475366666793,-36.25286053333334,-102.8374016,-24.476014100000043,0.0011992811,-0.002498993,-3.9562594e-05,-11.091355,-19.595549,-21.107895,3.681535,-42.650208,-22.00076,-10.276656,-62.527603,-33.853733,2.3773444,-84.01413,-31.377934,-11.924393,-102.09106,-41.471058,-34.912518,-26.282467,-7.9277186,-34.41772,-63.31132,-19.674908,-37.49292,-102.23613,-25.354542
0.0,0.0,0.0,-11.166591499999985,-19.7836049,-20.636807233333343,3.777737000000002,-42.51799,-21.918583266666644,-10.050368599999988,-62.5482492,-33.47981476666661,2.8641202333333453,-83.6589542,-31.46323246666674,-11.217357833333324,-101.79166809999998,-41.35099496666663,-34.462440966666655,-26.7983795,-6.831800433333399,-33.73122963333332,-63.90568389999999,-18.694486466666717,-36.252827066666654,-102.83854576666667,-24.475197366666748,0.0011998083,-0.0025008174,-3.799435e-05,-11.087994,-19.596025,-21.114225,3.6952167,-42.65045,-22.003187,-10.262836,-62.533276,-33.862183,2.3985326,-84.02413,-31.377821,-11.906082,-102.10848,-41.472027,-34.91215,-26.289606,-7.9380026,-34.408146,-63.317806,-19.68675,-37.479584,-102.24731,-25.359276
0.0,0.0,0.0,-11.16640873333333,-19.783429166666664,-20.636264066666627,3.7776064333333395,-42.517538099999996,-21.91882636666668,-10.050456533333335,-62.547810866666666,-33.481259199999954,2.8646190666666698,-83.65809116666667,-31.464133600000025,-11.217000699999996,-101.79146469999999,-41.35253296666667,-34.462428366666664,-26.798469066666666,-6.834049400000026,-33.73118386666667,-63.90602633333333,-18.69304813333332,-36.25264973333333,-102.8370315,-24.47806399999996,0.0011992462,-0.0024995098,-4.037277e-05,-11.093158,-19.590677,-21.105286,3.6713176,-42.646248,-22.003681,-10.2863655,-62.517494,-33.85538,2.361294,-84.00285,-31.387045,-11.938297,-102.07216,-41.48145,-34.913403,-26.273134,-7.9258275,-34.425735,-63.30087,-19.676834,-37.504513,-102.22138,-25.366247
0.0,0.0,0.0,-11.166643166666667,-19.7825459,-20.634026100000085,3.777195766666665,-42.51697043333334,-21.91697690000001,-10.050704233333335,-62.54684736666667,-33.478022333333286,2.863912699999993,-83.65764139999999,-31.46254479999999,-11.217401833333334,-101.79043866666665,-41.35083223333328,-34.4627786,-26.7979237,-6.829426166666622,-33.73147206666667,-63.90591280000001,-18.690001533333373,-36.2530898,-102.83734206666666,-24.474383633333332,0.0011989017,-0.0024995704,-4.024069e-05,-11.094509,-19.590828,-21.107445,3.6714349,-42.649708,-21.99986,-10.2894335,-62.521187,-33.853546,2.3573506,-84.009636,-31.376858,-11.948107,-102.07872,-41.471485,-34.916935,-26.271358,-7.928167,-34.431053,-63.299217,-19.676573,-37.51459,-102.219154,-25.359692
0.0,0.0,0.0,-11.166468125000002,-19.782780187500002,-20.635619125000005,3.777359749999995,-42.51724690625,-21.919806499999993,-10.050363031250004,-62.54654178125,-33.480809312500014,2.8644374062499978,-83.65682525000001,-31.465428374999988,-11.216779500000005,-101.78983062500001,-41.351473906249964,-34.46239853125,-26.79723353125,-6.832216281249998,-33.73101771875,-63.9047916875,-18.693177156249988,-36.252844468750006,-102.83404046875,-24.475698531250032,0.0011996976,-0.0025003455,-4.0355688e-05,-11.098749,-19.58847,-21.109743,3.6674926,-42.650494,-22.002108,-10.298392,-62.520725,-33.85695,2.3479745,-84.012665,-31.377523,-11.963976,-102.0797,-41.47165,-34.92189,-26.267435,-7.929454,-34.44019,-63.294643,-19.679205,-37.5293,-102.21357,-25.3606
0.0,0.0,0.0,-11.166310281250006,-19.7830765,-20.635434062499996,3.7775868749999972,-42.51736790625,-21.918338750000032,-10.050395531250004,-62.546232124999996,-33.48125650000003,2.864976562499997,-83.6572818125,-31.46429543749997,-11.216738875000004,-101.78988856250001,-41.35362431250002,-34.462310218750005,-26.7981639375,-6.830432718750046,-33.7310868125,-63.905580843749995,-18.694065999999964,-36.25249453125001,-102.838440625,-24.477565718749986,0.0011996555,-0.002499774,-4.0629184e-05,-11.0990715,-19.588366,-21.107304,3.664294,-42.64893,-22.00329,-10.300514,-62.518005,-33.855755,2.3446758,-84.007484,-31.381847,-11.964291,-102.072815,-41.475334,-34.920315,-26.26672,-7.925834,-34.440033,-63.294018,-19.676275,-37.52799,-102.21185,-25.361849
0.0,0.0,0.0,-11.166108062500001,-19.7825895,-20.636400343749983,3.777739749999995,-42.516817749999994,-21.920519031249967,-10.050111968750002,-62.545732125,-33.48315056249993,2.8647891874999942,-83.6563091875,-31.466123593750012,-11.216218375000004,-101.78894981250001,-41.35613459374997,-34.462422843750005,-26.798643312499998,-6.834069281249981,-33.730914812500004,-63.904802124999996,-18.695253374999993,-36.251975625,-102.83686040625001,-24.479520812499914,0.001197904,-0.0024963713,-4.282348e-05,-11.10494,-19.58578,-21.098255,3.6418607,-42.647915,-22.000736,-10.324176,-62.507584,-33.844715,2.3086927,-83.99176,-31.383165,-11.997297,-102.04388,-41.474957,-34.921967,-26.253172,-7.911675,-34.457314,-63.280933,-19.660904,-37.552853,-102.19041,-25.357794
0.0,0.0,0.0,-11.166473066666665,-19.782915933333335,-20.634940833333303,3.777930833333336,-42.51725593333333,-21.917608666666638,-10.050010699999998,-62.54656203333333,-33.48045246666669,2.8642207666666764,-83.65744863333333,-31.464351499999964,-11.21667673333333,-101.79022663333333,-41.35227359999993,-34.46263643333333,-26.7980203,-6.8318563999999355,-33.731468899999996,-63.90568333333334,-18.69255770000001,-36.252794466666664,-102.83629626666666,-24.476905266666677,0.0011996777,-0.0024991112,-4.1174735e-05,-11.101375,-19.587671,-21.105078,3.658246,-42.648308,-22.003801,-10.307472,-62.515244,-33.853836,2.3353698,-84.00325,-31.384056,-11.973196,-102.0655,-41.4768,-34.920937,-26.263771,-7.9214954,-34.444687,-63.291107,-19.672195,-37.534386,-102.20697,-25.361065
0.0,0.0,0.0,-11.166286218749995,-19.78235165625,-20.634948687500014,3.777517718750005,-42.516673718750006,-21.920174593749948,-10.049317062499995,-62.545099437500006,-33.48180874999997,2.865094374999998,-83.65603721875,-31.46645162499999,-11.215605718749995,-101.787838625,-41.35543534375,-34.46266818749999,-26.7981108125,-6.830583656249985,-33.730623656249996,-63.90489581250001,-18.693162937500006,-36.251041468749996,-102.8345356875,-24.480391531250007,0.0012003685,-0.0025009122,-3.843137e-05,-11.092007,-19.594477,-21.114033,3.6887546,-42.65129,-22.003187,-10.273188,-62.53201,-33.861374,2.3857543,-84.02408,-31.376274,-11.923201,-102.10488,-41.46965,-34.915733,-26.284954,-7.935794,-34.417362,-63.31291,-19.6844,-37.494152,-102.239944,-25.356728
0.0,0.0,0.0,-11.166255093750003,-19.783108249999998,-20.635231000000033,3.7777306249999967,-42.516544624999995,-21.918704875000003,-10.04936534375,-62.54600096875,-33.48004234375003,2.864628812499994,-83.65657634375,-31.465040093749963,-11.216093250000004,-101.78876528125,-41.352841343750015,-34.46208365625,-26.797202687500004,-6.831263406250002,-33.73100353125,-63.90500971875,-18.693405249999955,-36.2519724375,-102.83404615625001,-24.476212531249985,0.0011978538,-0.0024948923,-4.3054195e-05,-11.109515,-19.58955,-21.099667,3.641678,-42.65414,-21.995308,-10.330496,-62.516846,-33.838795,2.3046877,-84.00296,-31.368336,-12.009844,-102.057915,-41.458076,-34.92645,-26.256086,-7.9079275,-34.463444,-63.28506,-19.651533,-37.563473,-102.19521,-25.33779
0.0,0.0,0.0,-11.16541503125,-19.782567500000003,-20.63634971875001,3.77817675,-42.517211,-21.920193874999995,-10.049178906249999,-62.545876718749994,-33.48129775000007,2.8654069687500012,-83.65629731249999,-31.465453281250007,-11.215377593749999,-101.78904809374998,-41.353497593750035,-34.46175725,-26.79772053125,-6.83268084375004,-33.729812375,-63.9053555,-18.69375896874999,-36.25112828125,-102.83570528125,-24.478662562500006,0.0011742418,-0.0024223179,-2.417275e-05,-11.073691,-19.746006,-21.120152,3.8843212,-42.766155,-21.967081,-10.107827,-62.8287,-33.758884,2.7032707,-84.34269,-31.166733,-11.636591,-102.614746,-41.125565,-34.874954,-26.546934,-7.8770742,-34.231117,-63.62589,-19.506428,-37.223984,-102.66425,-24.89474
0.0,0.0,0.0,-11.166027433333333,-19.782456966666665,-20.635832800000003,3.777817733333336,-42.5167338,-21.919670666666605,-10.049349199999998,-62.54503513333334,-33.48125710000005,2.865039066666668,-83.65532970000001,-31.466859933333353,-11.215368166666668,-101.78844636666665,-41.35498036666672,-34.462156666666665,-26.79777673333334,-6.832109566666759,-33.73011663333334,-63.904748600000005,-18.69306533333338,-36.2511454,-102.83394916666667,-24.479961100000025,0.0012061466,-0.0023910129,8.523748e-07,-11.101152,-19.861444,-21.178482,4.060986,-42.872925,-21.961222,-9.982178,-63.11802,-33.738113,2.987045,-84.706375,-30.995007,-11.450272,-103.21391,-40.84516,-34.908314,-26.777714,-7.8567157,-34.129463,-63.895695,-19.403809,-37.08875,-103.08087,-24.48038
0.0,0.0,0.0,-11.166011812499995,-19.7828200625,-20.63616371874997,3.7777550312500026,-42.51661615625,-21.92078968750002,-10.049108031249993,-62.54585871875,-33.48110671874997,2.864761937500006,-83.6555729375,-31.466364750000025,-11.215324406249994,-101.7882955625,-41.35420790625,-34.46227084375,-26.797261750000004,-6.832102843749965,-33.730452281249995,-63.905406125,-18.693956468750002,-36.25146553124999,-102.8366329375,-24.477521968749954,0.0011895043,-0.00241742,-8.402396e-06,-11.053688,-19.79361,-21.15434,4.0035443,-42.799007,-21.968979,-9.991373,-62.94295,-33.774292,2.8961704,-84.481995,-31.114058,-11.464958,-102.85838,-41.045094,-34.866013,-26.659206,-7.903944,-34.135574,-63.750454,-19.509699,-37.08986,-102.85271,-24.783058
0.0,0.0,0.0,-11.16611378125,-19.782760562500002,-20.63614828125003,3.7777018437499947,-42.516512625000004,-21.91753859375001,-10.049247656250003,-62.5455148125,-33.48036387500002,2.8652528437499996,-83.65535481250001,-31.465138437500002,-11.214903718750001,-101.78756984375,-41.35380646875001,-34.46202846875,-26.79720734375,-6.831702156250003,-33.72998290625,-63.90419703125,-18.694355968750017,-36.2510433125,-102.8364363125,-24.478822750000006,0.0012061254,-0.0024261633,1.7357197e-06,-11.055521,-19.803637,-21.185791,4.060018,-42.805817,-21.98322,-9.9506235,-62.98657,-33.810883,2.980705,-84.54515,-31.108341,-11.413137,-102.96767,-41.033092,-34.87438,-26.704372,-7.9310513,-34.10622,-63.793755,-19.538933,-37.051167,-102.92097,-24.761597
0.0,0.0,0.0,-11.16579973333333,-19.78174616666667,-20.637656800000002,3.777908233333342,-42.51586736666666,-21.91951806666674,-10.049269633333328,-62.54464433333333,-33.48179116666665,2.8651853666666796,-83.65504566666668,-31.465468399999963,-11.215105666666659,-101.78754253333335,-41.35377813333332,-34.46221956666666,-26.797123100000004,-6.833851166666648,-33.73012196666666,-63.90417840000001,-18.695925999999986,-36.25123039999999,-102.83369103333334,-24.47851866666673,0.001264019,-0.0023976755,2.0367326e-05,-11.1733465,-19.96132,-21.264713,4.2416534,-42.94923,-22.002575,-9.898233,-63.400974,-33.79737,3.277817,-85.073814,-30.890854,-11.301498,-103.84198,-40.642685,-34.96123,-27.012098,-7.8506265,-34.05513,-64.16048,-19.354214,-36.99048,-103.49144,-24.13709
0.0,0.0,0.0,-11.16600321875,-19.782460999999998,-20.634288781250007,3.777436187500001,-42.5168381875,-21.915928749999978,-10.049904124999998,-62.5458306875,-33.478521437500035,2.8645698437500045,-83.65666878125,-31.461620343749985,-11.215573156249999,-101.7889413125,-41.35101418749997,-34.4624348125,-26.797582968750003,-6.831772906249967,-33.7308265,-63.9048894375,-18.693364250000002,-36.2514458125,-102.83528953125,-24.476802874999976,0.0012356287,-0.0023598312,3.451315e-05,-11.316147,-19.935122,-21.385542,4.2441716,-43.015366,-22.023258,-10.09857,-63.51351,-33.894894,3.1609986,-85.31786,-30.759407,-11.706858,-104.11622,-40.479137,-35.121994,-27.001772,-7.9154654,-34.262867,-64.13428,-19.408472,-37.340935,-103.465706,-23.982777
0.0,0.0,0.0,-11.16573975,-19.78310090625,-20.635977781250006,3.7776250937499967,-42.516857406250004,-21.919098906249985,-10.049519687500002,-62.5454158125,-33.48268412500005,2.8648965000000075,-83.65562962500002,-31.46756456250006,-11.215452749999997,-101.78803568750001,-41.3558588125,-34.4619129375,-26.7981599375,-6.831972218750025,-33.73007553125,-63.9052954375,-18.69537943749998,-36.2513635,-102.83466475,-24.480885656250052,0.0011183032,-0.0021182103,9.118962e-05,-11.940523,-20.037815,-21.721777,4.46396,-43.243713,-22.172703,-10.607684,-64.1702,-34.19923,3.370372,-86.40132,-30.463264,-12.443785,-105.78538,-39.923046,-35.638233,-27.437443,-7.796127,-34.6905,-64.57413,-19.219011,-37.97074,-104.21933,-22.893736
0.0,0.0,0.0,-11.165960156249994,-19.78305109375,-20.636779656249985,3.7774619062500037,-42.51738325,-21.919771968750013,-10.048971593749997,-62.54576734375001,-33.48138315625005,2.8649439375000085,-83.65580387499999,-31.46624162500001,-11.215160406249996,-101.788113875,-41.355026124999995,-34.4621585,-26.79771984375,-6.833879375000038,-33.730555062499995,-63.9052493125,-18.69607824999997,-36.25097640625,-102.837337375,-24.479686625,0.00097210566,-0.0018923128,0.000111237154,-12.616153,-19.973837,-22.105658,4.6267357,-43.34582,-22.331474,-11.269437,-64.4971,-34.697998,3.4158285,-87.14377,-30.367163,-13.451284,-106.89299,-39.803673,-36.191277,-27.684404,-7.7548223,-35.242634,-64.72615,-19.26012,-38.772976,-104.52265,-22.35765
0.0,0.0,0.0,-11.165656766666665,-19.782469033333335,-20.63615713333337,3.777537499999994,-42.51609146666667,-21.92013433333335,-10.049283200000005,-62.5451272,-33.4800578,2.8652722999999938,-83.65527996666665,-31.46459550000003,-11.21490473333333,-101.78681823333334,-41.353433066666526,-34.46183153333334,-26.797982999999995,-6.832308766666642,-33.7303525,-63.90411496666667,-18.695721200000037,-36.2505278,-102.83448263333332,-24.48005156666659,0.0007044448,-0.0013883385,0.00017273675,-15.187135,-19.688725,-23.91275,6.0892253,-43.461014,-23.369371,-13.328777,-65.67927,-37.46941,4.955933,-89.93636,-30.751665,-16.119276,-111.198524,-40.347057,-38.118435,-29.1028,-8.08278,-36.69296,-65.648926,-20.23574,-40.70088,-106.02738,-21.412855
0.0,0.0,0.0,-11.196421343749996,-19.781777249999998,-20.654073781249963,3.776780718750004,-42.52308615625,-21.92524531250001,-10.071693093749996,-62.570346406249996,-33.49701609374995,2.857612500000002,-83.70367312500001,-31.46085943749995,-11.269610812499998,-101.8707659375,-41.332169593749995,-34.4988303125,-26.813893468750003,-6.829115906249967,-33.762741125,-63.911860312499996,-18.693882031249984,-36.3050108125,-102.8689175625,-24.433923718749952,0.00069800916,-0.0013655849,0.00016695018,-15.369925,-19.665464,-24.021439,6.1146474,-43.496502,-23.404446,-13.543874,-65.76111,-37.598667,4.910169,-90.12379,-30.701235,-16.466587,-111.44042,-40.29656,-38.26727,-29.140726,-8.08116,-36.869797,-65.660126,-20.250025,-40.971954,-106.04313,-21.282707
0.0,0.0,0.0,-11.643622566666672,-19.914973366666665,-20.888694199999918,3.7653193666666596,-42.8547151,-21.836273166666615,-10.57840653333334,-63.204231566666664,-33.45927829999994,2.603353999999996,-84.76232546666665,-30.824447433333262,-12.305204266666674,-103.41170666666665,-40.397976599999936,-35.02884350000001,-27.029740466666663,-6.710994399999947,-34.346369800000005,-64.13332653333333,-18.34156283333334,-37.326445033333336,-103.388083,-23.137687066666672,0.0006986379,-0.0013643671,0.00016770928,-15.337693,-19.678217,-23.993628,6.0723724,-43.5214,-23.3813,-13.5405,-65.7704,-37.530777,4.83929,-90.119644,-30.651894,-16.484838,-111.404655,-40.226654,-38.250923,-29.113363,-8.0668745,-36.87685,-65.6476,-20.208622,-40.996513,-106.02081,-21.237001
0.0,0.0,0.0,-12.544886156250001,-20.4525874375,-21.19560421875002,3.6229710624999996,-43.96266490625,-21.38060465625,-11.899425625000003,-65.08002265625,-32.73152346875003,1.7236477187499943,-87.534137625,-28.52388474999998,-14.835699062500005,-107.03818259375001,-37.134523437500036,-36.036467468750004,-27.428862656250004,-6.300271874999964,-35.70052853125,-64.78667228125,-17.061795187500024,-39.760488718750004,-104.52407628124999,-19.36484434374995,0.0006980271,-0.0013560643,0.00016668777,-15.493995,-19.662256,-24.125565,6.2014747,-43.51728,-23.457445,-13.644278,-65.85485,-37.738148,4.992522,-90.29478,-30.68912,-16.609135,-111.68763,-40.283436,-38.356255,-29.221529,-8.112579,-36.93543,-65.72336,-20.3009,-41.072243,-106.12424,-21.210835
0.0,0.0,0.0,-13.269349031250002,-20.356370375,-21.82120324999994,3.993977000000001,-43.976560687500005,-21.743690531249968,-12.355041843750001,-65.4711878125,-33.59322656249992,2.0987214375000036,-88.5664615,-28.6286315937499,-15.624600781250003,-108.68760218749999,-37.150470749999954,-36.7806975625,-27.8052198125,-6.5325003124999625,-36.23253578125,-64.97323162500001,-17.576346406249968,-40.57100790625,-104.96291059375001,-19.155967718749935,0.00072884734,-0.0014119431,0.00017822623,-15.081482,-19.695677,-23.837309,5.973778,-43.488426,-23.319483,-13.293847,-65.64283,-37.325176,4.7696595,-89.84814,-30.686394,-16.140234,-111.00764,-40.260815,-38.05951,-29.002914,-8.061553,-36.695305,-65.57573,-20.177214,-40.741745,-105.91595,-21.411959
0.0,0.0,0.0,-13.843485400000002,-20.301554533333334,-22.256846066666753,4.299059166666645,-43.960284200000004,-21.98765553333328,-12.702992966666677,-65.65778526666666,-34.264883466666674,2.492272033333336,-89.13816759999999,-28.75289300000003,-16.09014893333334,-109.64540246666665,-37.3813040666667,-37.34139910000001,-28.105556999999997,-6.6587666333333,-36.62937753333334,-65.09783509999998,-17.966057366666746,-41.04756460000001,-105.23203883333333,-19.181654966666656,0.00070003024,-0.0013662993,0.0001700298,-15.296009,-19.696209,-23.974085,6.053263,-43.54689,-23.365559,-13.512531,-65.79267,-37.47408,4.806315,-90.1285,-30.604263,-16.46083,-111.389984,-40.156727,-38.225555,-29.100279,-8.070259,-36.860317,-65.651215,-20.184767,-40.98652,-106.01788,-21.201286
0.0,0.0,0.0,-14.429692687500001,-20.27074884375,-22.76455971874998,4.52444653125,-43.94596321875,-22.29162309374999,-13.140383937500005,-65.8122756875,-34.98087784374991,2.7868690312499993,-89.5255995,-29.041884374999995,-16.623144531250002,-110.2933971875,-37.81787112500001,-37.8477341875,-28.39537115625,-6.779400812499944,-37.027341250000006,-65.24114990625,-18.353061562499988,-41.482712375000006,-105.44762418750001,-19.320931499999972,0.00070791086,-0.0013813163,0.00016441876,-15.01161,-19.773712,-23.728428,5.833969,-43.60449,-23.19721,-13.325589,-65.73733,-37.023388,4.5411267,-89.89294,-30.41717,-16.237642,-110.975914,-39.875584,-38.025192,-28.938435,-7.967821,-36.743713,-65.571526,-19.937399,-40.84299,-105.87836,-21.081285
0.0,0.0,0.0,-14.930062749999998,-20.20897753125,-23.167967062499997,4.822387187500006,-43.92633299999999,-22.544049437500007,-13.494494343749999,-65.95938615625,-35.64885259374995,3.1518683125000067,-89.88696228125,-29.311320562499986,-17.037250937499998,-110.87385740625,-38.24315843749997,-38.29109703125,-28.678697749999998,-6.9772263749999865,-37.326371781249996,-65.39495881250001,-18.673256031249934,-41.809778843749996,-105.65710284375001,-19.49758262499995,0.0007177476,-0.0014013639,0.00016088883,-14.851017,-19.798973,-23.605867,5.7233953,-43.616062,-23.114054,-13.210268,-65.676025,-36.813164,4.410131,-89.730515,-30.351166,-16.103209,-110.70921,-39.787373,-37.911602,-28.84037,-7.931344,-36.67134,-65.50896,-19.843472,-40.752464,-105.775375,-21.090015
0.0,0.0,0.0,-15.381893066666667,-20.161960599999997,-23.60165603333337,5.076752599999992,-43.933070400000005,-22.821129400000018,-13.80904473333334,-66.12754203333333,-36.24108173333343,3.474873633333331,-90.21525789999998,-29.56933196666671,-17.391348400000002,-111.38051016666667,-38.6519399666667,-38.63707186666667,-28.9408716,-7.16727810000009,-37.571499,-65.54869763333333,-18.99360660000002,-42.06257733333334,-105.86494573333333,-19.669865066666716,0.0007294982,-0.0014143037,0.00016854437,-14.955868,-19.74247,-23.722288,5.8620644,-43.53778,-23.217793,-13.225171,-65.642685,-37.082504,4.620951,-89.76518,-30.540348,-16.076721,-110.83954,-40.06053,-37.97481,-28.924553,-8.004643,-36.660248,-65.541,-20.028246,-40.70856,-105.84509,-21.289291
0.0,0.0,0.0,-15.817404687500002,-20.1336675625,-23.99777212500004,5.331121031249992,-43.98386178125,-23.13277343750002,-14.171646031250006,-66.33578840625,-36.86508187499999,3.7713215937499953,-90.57974115625001,-29.81038862500003,-17.757635093750004,-111.87317143749999,-39.01513399999999,-38.942085500000005,-29.212112312499997,-7.343311343750031,-37.812928312500006,-65.7265355625,-19.299757,-42.314890125000005,-106.09080087500001,-19.808137999999985,0.00070252526,-0.0014123941,0.00015470212,-14.529054,-19.8471,-23.33968,5.45133,-43.64282,-22.9432,-13.014386,-65.54702,-36.35878,4.068133,-89.39597,-30.210285,-15.89802,-110.15298,-39.58065,-37.68732,-28.613794,-7.842324,-36.5611,-65.36173,-19.627537,-40.62915,-105.54338,-21.07503
0.0,0.0,0.0,-16.187905900000008,-20.1236177,-24.278743466666697,5.56204873333332,-44.091285166666665,-23.312142999999992,-14.492017933333344,-66.53717423333333,-37.25718590000008,3.9927160666666595,-90.90114889999998,-29.91219996666672,-18.076150900000005,-112.28319849999998,-39.21064243333336,-39.17838810000001,-29.442135166666667,-7.432973300000015,-38.02517183333334,-65.88438946666668,-19.468679900000097,-42.530307166666674,-106.28830616666664,-19.819796800000063,0.0007010115,-0.0013752788,0.00016794029,-15.101647,-19.738598,-23.80794,5.8783355,-43.595627,-23.231554,-13.404345,-65.74339,-37.14898,4.5730166,-89.96254,-30.441616,-16.368826,-111.07994,-39.937153,-38.1033,-28.956894,-8.006122,-36.814404,-65.56139,-20.014507,-40.945896,-105.87395,-21.11374
0.0,0.0,0.0,-16.468668781250003,-20.05480684375,-24.521777250000014,5.8550284687499925,-44.09738659375,-23.486773437500005,-14.722051375000007,-66.83286684375,-37.64736159375002,4.231644531249998,-91.23423675,-29.994393375000016,-18.332539000000004,-112.66655993750001,-39.38348109374999,-39.344765218750005,-29.63214296875,-7.537561406250006,-38.1468520625,-66.034378125,-19.679534874999945,-42.688006343750004,-106.46225178125,-19.83572975000004,0.00071061787,-0.001393911,0.00016672345,-14.932865,-19.7692,-23.674305,5.7242775,-43.637794,-23.128063,-13.320347,-65.70166,-36.887016,4.3521094,-89.82303,-30.309237,-16.318415,-110.80576,-39.759277,-37.99626,-28.826889,-7.961241,-36.781654,-65.47776,-19.885178,-40.933437,-105.73442,-21.057222
0.0,0.0,0.0,-16.75915215625,-19.99547890625,-24.754689343750044,6.108582187500005,-44.143068437500006,-23.68181328124996,-15.001491062500001,-67.0278926875,-38.05850993749999,4.437652249999999,-91.50905040625,-30.1181870625,-18.6056079375,-113.00106640625,-39.60401634374995,-39.53020984375,-29.8056946875,-7.65819453124999,-38.305582625,-66.1593010625,-19.874840781250043,-42.86503425,-106.61103134375,-19.922901250000052,0.0006902155,-0.0013549468,0.00016566626,-15.34462,-19.69142,-23.988638,6.0735598,-43.533978,-23.374407,-13.546017,-65.79382,-37.50967,4.8463817,-90.144806,-30.627346,-16.480112,-111.44064,-40.185543,-38.255108,-29.125023,-8.0561695,-36.879154,-65.66523,-20.182713,-40.994637,-106.04583,-21.187693
0.0,0.0,0.0,-17.013679433333333,-19.96533193333333,-24.98756099999997,6.280600133333337,-44.1689344,-23.86538899999988,-15.242076866666672,-67.1752136,-38.42834873333328,4.615981766666664,-91.7473784,-30.237796999999944,-18.843002799999997,-113.28603773333334,-39.78803906666661,-39.69369696666667,-29.94705703333333,-7.8133594666665545,-38.44637816666667,-66.26105559999999,-20.083791033333284,-43.015590933333335,-106.7317898,-20.018817066666543,0.00069913897,-0.0013652861,0.00016910637,-15.408329,-19.662874,-24.061096,6.1494226,-43.50351,-23.423681,-13.562582,-65.790665,-37.652412,4.9538665,-90.18396,-30.70255,-16.490587,-111.53256,-40.30663,-38.29916,-29.169256,-8.099718,-36.88567,-65.68244,-20.279755,-40.99381,-106.08035,-21.27443
0.0,0.0,0.0,-17.25047540625,-19.93586425,-25.221000593749977,6.472751156249998,-44.19311228125001,-24.009977124999978,-15.455041937499999,-67.30873565625001,-38.74088084374995,4.7883964999999975,-91.97065793750001,-30.320749062499942,-19.05693825,-113.56993028125001,-39.92085928124999,-39.84064759375,-30.0797395625,-7.9504374375,-38.56640028125,-66.3606530625,-20.251815625000006,-43.14779725,-106.84409040625,-20.080033187499964,0.0007026361,-0.0014063471,0.00016187805,-14.688069,-19.803572,-23.473225,5.6132894,-43.58769,-23.048271,-13.08409,-65.56086,-36.632835,4.3029304,-89.505554,-30.3606,-15.92605,-110.37843,-39.790783,-37.78791,-28.733536,-7.8964996,-36.582314,-65.42762,-19.779196,-40.620342,-105.655785,-21.181047
0.0,0.0,0.0,-17.524169531250003,-19.881811093750002,-25.476332593749987,6.713922906249998,-44.231419875,-24.187746031250015,-15.710675531250004,-67.4674183125,-39.123327125,5.039263468750001,-92.28054540624998,-30.45843593750004,-19.321003718750003,-113.96274478125,-40.08410818750002,-39.992600625,-30.25261590625,-8.114122312500001,-38.67697675,-66.49368646875,-20.451043093750002,-43.28042975,-106.99842612499998,-20.11251065624998,0.00072929997,-0.0015114917,0.0001475169,-13.902718,-19.843252,-22.905643,5.1270304,-43.478447,-22.764471,-12.456153,-65.08879,-35.846573,3.8016698,-88.52033,-30.392645,-15.112827,-108.93071,-39.818474,-37.193195,-28.262014,-7.781827,-36.143555,-65.086334,-19.529383,-40.026974,-105.14156,-21.62584
0.0,0.0,0.0,-17.315304562499996,-19.88113134375,-25.332444062499974,6.655320593749998,-44.188602312499995,-24.13911621874996,-15.494260624999995,-67.3639130625,-38.97859565624998,4.990086750000003,-92.1532085,-30.481189593750003,-19.089540812499997,-113.79283331250001,-40.036467468750004,-39.8194666875,-30.17478453125,-8.045922343749965,-38.49442634374999,-66.4427311875,-20.402908249999996,-43.095874875,-106.94306909375,-20.140941562500018,0.0007447883,-0.0015339907,0.00015292481,-13.887378,-19.816986,-22.921618,5.188642,-43.4161,-22.802935,-12.3837,-65.026054,-35.93923,3.9282043,-88.44839,-30.517452,-14.968069,-108.88098,-39.991093,-37.167904,-28.284948,-7.819174,-36.070805,-65.08861,-19.62263,-39.89835,-105.15463,-21.793764
0.0,0.0,0.0,-16.781574166666676,-19.878709566666664,-24.88179423333338,6.431951500000004,-44.06725086666667,-23.9560843000001,-14.92321946666667,-67.05737663333332,-38.504082333333315,4.831511800000001,-91.70821376666666,-30.43153993333334,-18.484927300000003,-113.24369340000001,-39.913949600000024,-39.42241356666667,-29.942908466666662,-7.862855000000081,-38.07856723333334,-66.27456989999999,-20.233540999999946,-42.64029613333334,-106.74655533333335,-20.23015353333335,0.0007214269,-0.0014766238,0.00015747076,-14.230226,-19.7991,-23.149317,5.3789716,-43.45722,-22.919352,-12.669368,-65.21303,-36.261734,4.121754,-88.84937,-30.514553,-15.329773,-109.47306,-39.98841,-37.4246,-28.47936,-7.846364,-36.2695,-65.226326,-19.70892,-40.16088,-105.36731,-21.60092
0.0,0.0,0.0,-16.207282343750006,-19.88855834375,-24.536170968749957,6.170845531249995,-44.03881321875,-23.791118624999967,-14.344924781250004,-66.8934995,-37.98897753124993,4.547803156249998,-91.46170203125,-30.281510312500018,-17.983509593750004,-112.90185587500001,-39.51115890624999,-38.998133125,-29.6843145,-7.776511124999956,-37.67485896875,-66.13472862500001,-20.099736187499957,-42.27703400000001,-106.57374753125002,-20.14228834375001,0.0007585011,-0.0015519065,0.00013898782,-13.732716,-19.872711,-22.78466,5.0515957,-43.472656,-22.675833,-12.29051,-65.018845,-35.65597,3.747351,-88.3415,-30.357935,-14.885822,-108.68322,-39.789516,-37.066498,-28.191233,-7.7451305,-36.02764,-65.04879,-19.446228,-39.86179,-105.08746,-21.66781
0.0,0.0,0.0,-15.347705124999997,-19.909997781250002,-23.860563062499978,5.749215500000005,-43.9462223125,-23.41753678125002,-13.502140812499999,-66.5409728125,-37.04651256249997,4.136757250000002,-90.91051806250002,-30.04281128125001,-17.13964225,-112.173774875,-38.97646506249998,-38.341364999999996,-29.25902975,-7.591015718749986,-37.0680646875,-65.896393875,-19.720149906249958,-41.653766125,-106.26519465625,-20.07800853125002,0.00091604993,-0.0018063379,0.00010521164,-12.812881,-19.989943,-22.161976,4.5938587,-43.427155,-22.317762,-11.526028,-64.61859,-34.705032,3.2962291,-87.364746,-30.236624,-13.843788,-107.17153,-39.62447,-36.358162,-27.725908,-7.6640096,-35.459126,-64.7606,-19.135225,-39.088673,-104.58938,-22.05214
0.0,0.0,0.0,-15.005002968749999,-19.9387970625,-23.55600153124999,5.579782531250004,-43.91930453125,-23.223330375000046,-13.201211937499998,-66.3996070625,-36.64042846875003,3.9500721875000053,-90.66270449999999,-29.938659593750003,-16.815756906249998,-111.85899925000001,-38.745628218750085,-38.0610474375,-29.0873106875,-7.457251499999984,-36.8253464375,-65.811692875,-19.50424381250002,-41.4027400625,-106.14257796875,-20.00226868750002,0.0010238182,-0.0019790332,9.683115e-05,-12.281111,-20.034252,-21.838839,4.390165,-43.364548,-22.19152,-11.073209,-64.36415,-34.26648,3.1193755,-86.790146,-30.277218,-13.181959,-106.26536,-39.643806,-35.93366,-27.476564,-7.6880107,-35.091785,-64.59939,-19.074186,-38.576847,-104.29149,-22.427958
0.0,0.0,0.0,-14.722660882352944,-19.976990235294117,-23.312599735294043,5.382298617647052,-43.912818676470586,-23.083482735294012,-12.961437117647062,-66.28593288235294,-36.21374432352934,3.7538978823529376,-90.43574997058823,-29.767410323529305,-16.55641652941177,-111.53399170588236,-38.51456147058815,-37.83736485294118,-28.927967823529414,-7.348410352941016,-36.65021726470589,-65.72753129411765,-19.31142849999992,-41.20895932352941,-106.0188660588235,-19.93156717647048,0.0011374154,-0.0021504709,7.812206e-05,-11.86484,-20.035389,-21.658804,4.372275,-43.250584,-22.118008,-10.598122,-64.10868,-34.08645,3.2235005,-86.28759,-30.417976,-12.4685955,-105.56931,-39.88423,-35.58943,-27.342396,-7.786485,-34.698772,-64.491844,-19.180851,-38.0003,-104.083466,-22.936806
0.0,0.0,0.0,-14.182442281250001,-20.07550290625,-22.820231500000034,5.0215878749999945,-43.9198014375,-22.680371343749982,-12.55859525,-66.02074409375,-35.384063000000026,3.360927406249999,-89.91126890625,-29.44127765624995,-16.0422085625,-110.79098746875,-38.02799799999997,-37.38445996875,-28.596215625,-7.1246510937499465,-36.307794625,-65.537217,-18.844534968749997,-40.8128580625,-105.74852140624999,-19.782862781250003,0.0007014272,-0.001374644,0.00017094087,-15.385769,-19.640224,-24.073318,6.1707983,-43.47299,-23.428078,-13.518349,-65.74225,-37.69549,4.9906354,-90.12427,-30.748352,-16.44045,-111.465324,-40.39763,-38.283146,-29.157167,-8.131314,-36.854694,-65.65666,-20.3409,-40.949722,-106.04299,-21.387125
0.0,0.0,0.0,-14.091346468750004,-20.0994858125,-22.683253312500028,4.9042415624999975,-43.92503146874999,-22.620374687499975,-12.550321718750006,-65.96821378125,-35.16576674999999,3.219031656249996,-89.77453028125,-29.40860278125001,-16.010144125000004,-110.60536978124999,-37.91621696874995,-37.29183443750001,-28.52152796875,-7.028566375000025,-36.271934406250004,-65.49444684375,-18.683031093750003,-40.76517871875001,-105.6814361875,-19.67126278125005,0.0006915537,-0.0013553475,0.00016720679,-15.517679,-19.617693,-24.158329,6.187548,-43.501637,-23.44715,-13.678554,-65.79654,-37.790867,4.946996,-90.2592,-30.700012,-16.711302,-111.63111,-40.357258,-38.396694,-29.173815,-8.140585,-36.9927,-65.65155,-20.36063,-41.16363,-106.03544,-21.300861
0.0,0.0,0.0,-14.053061264705885,-20.127559411764707,-22.593357823529402,4.821098558823529,-43.94484070588235,-22.58526791176473,-12.575772088235293,-65.95212873529411,-35.019870529411776,3.1031877058823483,-89.69736988235294,-29.379792176470573,-16.013325205882353,-110.46911567647058,-37.850657823529446,-37.232836852941176,-28.480766647058825,-6.968014764705856,-36.258987647058824,-65.48435273529412,-18.567751676470607,-40.742656823529416,-105.65453782352941,-19.608237647058843,0.0007155653,-0.0013919241,0.00017358985,-15.15691,-19.700645,-23.859903,5.971528,-43.5078,-23.33305,-13.39291,-65.68747,-37.34501,4.743117,-89.92715,-30.661919,-16.270088,-111.10758,-40.208233,-38.111835,-29.025139,-8.03935,-36.764366,-65.59584,-20.145794,-40.83827,-105.94186,-21.316795
0.0,0.0,0.0,-14.022039882352935,-20.170147470588233,-22.48498900000004,4.717908764705889,-43.988189176470584,-22.505627852941245,-12.627881323529408,-65.95615479411765,-34.85755188235299,2.952092235294117,-89.64714597058824,-29.26596417647073,-16.035855294117642,-110.33034517647059,-37.740588705882374,-37.17656617647059,-28.431844735294117,-6.8997378823530084,-36.264112352941176,-65.48354935294118,-18.425206764705933,-40.74214773529411,-105.63358820588235,-19.520757382352997,0.00069397455,-0.0013306439,0.00016990762,-15.607964,-19.706657,-24.162746,6.151778,-43.63386,-23.490623,-13.8580675,-66.04453,-37.700073,4.8245616,-90.56747,-30.523088,-16.946774,-111.96003,-39.97963,-38.443184,-29.252214,-8.0737915,-37.091564,-65.78726,-20.191116,-41.344032,-106.18469,-20.878033
0.0,0.0,0.0,-14.342771468750001,-20.124251093749997,-22.866043218750008,4.9495029375,-44.04684984375,-22.60825940625,-12.850738906250001,-66.17765890625,-35.29500871875001,3.14949428125,-90.125003125,-29.171766468750036,-16.501051375000003,-111.026955875,-37.72272018749999,-37.59538778125,-28.606515406249997,-7.043572562499946,-36.626395718750004,-65.52349734375001,-18.67925659375004,-41.24718215625,-105.75471559375,-19.33507540625004,0.0006676029,-0.0012971503,0.00016248679,-15.750342,-19.680288,-24.255304,6.1708465,-43.66834,-23.48275,-14.028779,-66.10024,-37.78451,4.7771316,-90.706665,-30.430637,-17.25082,-112.132286,-39.905624,-38.57131,-29.259691,-8.085198,-37.247486,-65.76854,-20.201399,-41.58429,-106.15323,-20.764366
0.0,0.0,0.0,-14.997937968749998,-20.094285,-23.482463687500058,5.327499531250005,-44.277182749999994,-22.829089906250033,-13.471772312499997,-66.80870959375,-36.00337881249999,3.3463359687500045,-91.16120771874999,-28.914268343750052,-17.574994874999998,-112.37610778124998,-37.50381553125004,-38.28405565625,-28.9644510625,-7.278902062500038,-37.27322175,-65.7723791875,-18.931448750000072,-42.1976910625,-106.10666206249999,-18.74067959375003,0.0006492293,-0.0012796592,0.00016243401,-15.88624,-19.653364,-24.373653,6.2962,-43.64761,-23.555628,-14.111506,-66.146034,-37.99248,4.9340806,-90.832565,-30.495344,-17.334705,-112.34745,-40.011524,-38.65849,-29.35008,-8.138521,-37.288063,-65.82414,-20.312607,-41.62841,-106.23227,-20.804302
0.0,0.0,0.0,-16.373903558823528,-19.950709705882353,-24.737326264705985,6.083376588235289,-44.29255702941177,-23.39057208823533,-14.654194911764701,-67.25076167647059,-37.70227505882349,4.147134352941173,-91.98671885294117,-29.373809823529427,-18.940039676470587,-113.66711623529413,-38.568825264705936,-39.41078220588235,-29.62323288235294,-7.70235050000008,-38.245741470588236,-66.06339949999999,-19.694721911764816,-43.22899979411765,-106.52585379411765,-19.05724823529414,0.00097033556,-0.0018693799,8.5212814e-05,-12.526846,-20.116255,-21.913008,4.2910547,-43.6096,-22.111555,-11.46277,-64.70982,-34.125084,2.8001401,-87.31213,-29.817703,-13.886084,-106.86425,-39.013145,-36.180546,-27.514544,-7.573917,-35.460957,-64.68109,-18.797935,-39.192867,-104.409065,-21.692698
0.0,0.0,0.0,-16.765082343749995,-19.88223128125,-25.07508093749999,6.291977000000003,-44.23787746875,-23.569260625000027,-14.984051843749995,-67.269727,-38.23136425000001,4.406654187500003,-92.10119771874999,-29.621418906250028,-19.271128343749997,-113.92323140625,-39.01501271874997,-39.70583371875,-29.7875253125,-7.855336093749997,-38.48578684375,-66.1042685625,-19.98121362500001,-43.42793084375,-106.61942893749999,-19.270610843749978,0.00069022796,-0.0013395805,0.00015407693,-14.799209,-19.974924,-23.53484,5.4696455,-43.988453,-22.884323,-13.406981,-66.09577,-36.272842,3.83654,-90.18049,-29.567787,-16.673199,-111.05077,-38.719437,-37.96554,-28.737125,-7.837103,-36.928417,-65.54601,-19.402344,-41.29664,-105.74577,-20.16913
0.0,0.0,0.0,-17.14552602941177,-19.81011255882353,-25.421501647058903,6.562111205882353,-44.19488650000001,-23.728974323529485,-15.31552173529412,-67.3364920882353,-38.811414882353006,4.696599147058826,-92.31610664705882,-29.79604485294118,-19.66561311764706,-114.30096314705881,-39.38584370588234,-39.98986402941176,-29.95786720588235,-8.058446558823505,-38.69865035294118,-66.18075902941176,-20.267199382353056,-43.6418290882353,-106.73517238235294,-19.380929441176534,0.0007147838,-0.001388331,0.00013956099,-14.425805,-20.042398,-23.248226,5.269,-43.981754,-22.696918,-13.0749445,-65.94357,-35.81935,3.6607373,-89.78089,-29.478598,-16.218676,-110.47373,-38.60231,-37.68483,-28.564936,-7.7394166,-36.694336,-65.44958,-19.191265,-40.964928,-105.59224,-20.220741
0.0,0.0,0.0,-18.09599911764706,-19.475155176470587,-26.434655500000076,7.34242652941176,-43.949909294117646,-24.201041676470595,-16.02194544117647,-67.26146682352942,-40.48021294117643,5.593980647058821,-93.00777738235293,-30.394062588235272,-20.699030382352944,-115.44640385294117,-40.46046270588232,-40.564308000000004,-30.39936385294118,-8.530966294117661,-39.037491764705884,-66.34025017647059,-21.165130529411726,-44.06737964705883,-106.95902076470587,-19.774082823529398,0.0007967788,-0.0015112323,9.093485e-05,-13.503656,-20.358892,-22.59341,4.4597745,-44.47298,-22.009727,-12.722749,-66.14213,-34.211277,2.2871788,-89.55321,-28.211847,-16.288269,-109.576775,-36.956387,-37.15981,-27.904512,-7.6450605,-36.657505,-65.14476,-18.397514,-41.28271,-104.99259,-19.384007
0.0,0.0,0.0,-18.397597499999996,-19.30744090625,-26.736105031250077,7.561941750000003,-43.906127749999996,-24.403333687500094,-16.240946749999996,-67.22434943750001,-40.97124103125009,5.843450000000004,-93.22366403125001,-30.570738843750064,-21.054360718749997,-115.85345390625,-40.70964046875008,-40.717839281249994,-30.51312509375,-8.679441437500031,-39.131825781249994,-66.36475946875001,-21.478351625000073,-44.197700031249994,-107.01744221875,-19.88735384375002,0.00066547515,-0.0013127098,0.00013381035,-14.525153,-20.11337,-23.314274,5.083433,-44.278175,-22.553806,-13.40942,-66.27378,-35.56295,3.1400535,-90.23755,-28.855045,-17.003096,-110.8566,-37.809765,-37.86376,-28.458408,-7.735741,-37.069588,-65.41119,-18.95893,-41.66715,-105.47968,-19.530184
0.0,0.0,0.0,-18.692031911764705,-19.141837588235294,-27.00558644117649,7.812545382352944,-43.89696979411765,-24.574501441176494,-16.467473823529414,-67.23405838235294,-41.43828976470587,6.101524352941176,-93.47900841176471,-30.705132794117617,-21.443005323529416,-116.2931838235294,-40.96625826470586,-40.85988902941177,-30.635978617647062,-8.834973441176544,-39.22318264705882,-66.41114229411764,-21.756578352941176,-44.335136235294115,-107.10452794117647,-19.95346426470593,0.0006778223,-0.0013277672,0.00017220165,-14.87189,-19.958044,-23.620731,5.4251385,-44.068462,-22.967976,-13.605948,-66.22732,-36.331886,3.632972,-90.41268,-29.453598,-17.056267,-111.21938,-38.488354,-38.03959,-28.693722,-7.931181,-37.088165,-65.52004,-19.463015,-41.605278,-105.66225,-20.030767
0.0,0.0,0.0,-19.238562117647056,-18.803216,-27.54965644117658,8.32179479411765,-43.836621617647054,-24.97080894117647,-16.895653558823525,-67.3069050882353,-42.438489029411755,6.596618382352943,-94.03232579411765,-30.997239911764723,-22.18545914705882,-117.20706832352941,-41.32382738235299,-41.08705611764706,-30.861732058823527,-9.196139941176511,-39.33928770588235,-66.54200623529412,-22.293769323529432,-44.5789959117647,-107.28493367647059,-19.985189911764678,0.0006805761,-0.0013236706,0.00016179883,-15.119345,-19.873749,-23.812174,5.776716,-43.879833,-23.10125,-13.581955,-66.1132,-36.83055,4.2546315,-90.39193,-29.8582,-16.799065,-111.45403,-39.127262,-38.16881,-28.946371,-7.9681263,-36.996773,-65.64426,-19.72652,-41.32721,-105.90439,-20.403063
0.0,0.0,0.0,-19.527319264705884,-18.655214882352944,-27.796174852941192,8.550582058823537,-43.835740735294124,-25.1307732352941,-17.151921794117644,-67.40060108823529,-42.83375011764707,6.796315470588233,-94.33983511764706,-31.048257176470543,-22.601852029411763,-117.66000288235293,-41.41311376470577,-41.218705794117646,-30.97409461764706,-9.34321773529416,-39.4378784117647,-66.62338861764707,-22.498772029411782,-44.75808167647059,-107.33791314705881,-19.938956705882333,0.00069950765,-0.0013538501,0.000163651,-15.459803,-19.72675,-24.183083,6.1973653,-43.71038,-23.326393,-13.66817,-66.078255,-37.569836,4.8537927,-90.57002,-30.24034,-16.835531,-111.919754,-39.778107,-38.398785,-29.190687,-8.184844,-37.024303,-65.73913,-20.215885,-41.300396,-106.08897,-20.853308
0.0,0.0,0.0,-19.912229031249996,-18.545410812500002,-28.025510749999967,8.821598656250004,-43.8741085625,-25.30082218749999,-17.566915062499994,-67.6045044375,-43.26353546874998,6.98555546875,-94.7922865,-31.04577440624996,-23.144743718749996,-118.233973125,-41.33256337499995,-41.392327124999994,-31.12821525,-9.47279924999998,-39.595779875,-66.75625259374999,-22.650561312499974,-45.02283096875,-107.4219375,-19.74971578124996,0.00050523144,-0.0012129131,2.078767e-05,-18.835632,-18.829237,-26.994862,9.063891,-43.454876,-25.253284,-16.402264,-67.292206,-42.59054,7.781883,-94.184944,-31.407574,-20.17439,-116.96836,-41.425903,-40.480354,-31.014378,-9.683863,-38.353954,-66.83532,-22.906734,-43.137825,-107.393425,-21.459723
0.0,0.0,0.0,-20.272762,-18.374967529411762,-28.235021264705836,9.058165088235292,-43.80764344117648,-25.436808911764615,-17.885246705882352,-67.66428085294118,-43.66041114705888,7.204375588235294,-95.06587182352942,-31.099407470588176,-23.547695999999995,-118.62871182352941,-41.43333167647063,-41.55890170588235,-31.23613782352941,-9.59779450000002,-39.72053844117647,-66.80564650000001,-22.855959882352977,-45.19297870588235,-107.47610973529413,-19.740510794117654,0.00047470428,-0.0011816075,-3.2110973e-05,-20.181952,-18.616905,-27.909552,9.953605,-43.652477,-25.94411,-17.854,-68.0982,-44.07207,8.387022,-96.00048,-31.326883,-22.01325,-119.06692,-41.08641,-41.282955,-31.635778,-10.136501,-39.096085,-67.31386,-23.52369,-44.255657,-107.82463,-20.945898
0.0,0.0,0.0,-21.198742323529412,-18.11838085294118,-28.628317558823483,9.700933882352942,-43.77520882352941,-25.668131294117643,-18.876294352941173,-67.8978629117647,-44.517680588235294,7.787547147058824,-95.72644367647058,-31.143883382352954,-24.50391861764706,-119.49872267647058,-41.50595914705883,-41.987057588235295,-31.548353264705888,-9.774610735294061,-40.09926064705882,-66.9932624117647,-23.1304035,-45.6247685,-107.63873714705882,-19.637929470588233,0.00044474154,-0.0011610632,-9.615139e-05,-21.515549,-18.491152,-28.690456,10.845677,-43.88001,-26.612003,-19.317932,-68.978516,-45.376926,9.016765,-97.81132,-31.150124,-23.718801,-121.09784,-40.53611,-41.97793,-32.32169,-10.468075,-39.742054,-67.89472,-23.960657,-45.214207,-108.302635,-20.30136
0.0,0.0,0.0,-21.659476029411767,-17.982725000000002,-28.787182911764717,10.071780705882347,-43.718550176470586,-25.782741794117612,-19.409057558823534,-67.99601255882352,-45.018048588235274,8.153920941176473,-96.04753679411763,-31.18370241176467,-24.945233352941177,-119.92516970588235,-41.56545852941173,-42.1952950882353,-31.711670882352944,-9.892516235294124,-40.266400147058825,-67.08166929411765,-23.306547294117593,-45.80084929411765,-107.67886976470587,-19.64717735294124,0.00045310412,-0.0011684295,-0.00011877618,-21.660753,-18.443169,-28.798464,10.967042,-43.85854,-26.65235,-19.436008,-69.004944,-45.571228,9.137731,-97.93005,-31.173824,-23.880537,-121.27937,-40.599674,-42.065937,-32.38388,-10.514859,-39.801846,-67.92042,-24.048155,-45.293922,-108.32573,-20.31003
0.0,0.0,0.0,-22.081884968749996,-17.889508125,-29.061463343750006,10.407389843750003,-43.710708812499995,-25.93449987500003,-19.864929531249995,-68.08254956249999,-45.520950406249995,8.511768750000002,-96.34581165624999,-31.242379156249967,-25.337445343749994,-120.34674225,-41.701426500000025,-42.3917798125,-31.8790838125,-10.064796562499964,-40.42109403124999,-67.1949515625,-23.53592015625003,-45.961656281249994,-107.74677878124999,-19.710468343749994,0.00045769857,-0.001151704,-0.00017052876,-21.960014,-18.368956,-28.952484,11.073716,-43.865295,-26.669243,-19.767382,-69.05369,-45.80133,9.177677,-98.13977,-31.122587,-24.357563,-121.56296,-40.58935,-42.273296,-32.439445,-10.524054,-40.027916,-67.91899,-24.080957,-45.597637,-108.306076,-20.175959
0.0,0.0,0.0,-23.46210926470588,-17.63649894117647,-29.62590211764706,11.325450823529408,-43.637466205882355,-26.408738058823587,-21.37300052941176,-68.44917588235295,-46.76015070588238,9.371846705882355,-97.53869714705883,-31.310594441176477,-26.759747588235292,-121.76183573529411,-41.54388529411773,-43.018803294117646,-32.40951061764706,-10.410266529411729,-40.96867105882353,-67.54601982352942,-24.059670058823542,-46.62807264705882,-107.91230626470589,-19.52457288235297,0.00041896824,-0.0011212613,-9.195889e-05,-22.216099,-18.444462,-28.976374,11.161624,-44.022816,-27.065855,-20.242636,-69.46041,-45.927563,9.121659,-98.79426,-31.111624,-24.717497,-122.05593,-40.07454,-42.314762,-32.625523,-10.581949,-40.14579,-68.18752,-24.08918,-45.788868,-108.51933,-19.865091
0.0,0.0,0.0,-23.890554352941166,-17.633529558823525,-29.794718176470667,11.535367294117663,-43.65864244117647,-26.580824852941305,-21.79955517647058,-68.652139,-47.08661247058831,9.562800264705892,-98.01432826470588,-31.21425232352948,-27.18058867647058,-122.30092529411763,-41.28444088235301,-43.21219788235293,-32.60875794117647,-10.499728117647066,-41.133774147058816,-67.69939420588236,-24.15987797058824,-46.84731894117646,-108.01405599999998,-19.339571823529468,0.00040774237,-0.0010992355,-7.260725e-05,-22.42069,-18.441847,-29.007889,11.205728,-44.066174,-27.278616,-20.56257,-69.61289,-46.053543,9.098277,-99.097404,-31.161455,-24.990816,-122.2923,-39.88761,-42.387825,-32.710346,-10.599997,-40.26324,-68.2867,-24.108944,-45.934536,-108.5867,-19.734858
0.0,0.0,0.0,-24.203010812500004,-17.62711890625,-29.91050150000001,11.668502218749992,-43.640733250000004,-26.753704187500034,-22.110070375000006,-68.7788375625,-47.32299724999996,9.722739656249999,-98.31487878125,-31.25714128124997,-27.438297625000004,-122.623513625,-41.23547446875,-43.333867437500004,-32.7623323125,-10.553094937499964,-41.231700343750006,-67.81387371875,-24.236401531249953,-46.956690125,-108.0946783125,-19.30156624999995,0.0004148898,-0.0011043887,-5.665953e-05,-22.62336,-18.436747,-29.08262,11.319589,-44.116882,-27.493076,-20.851141,-69.80313,-46.23464,9.146455,-99.461815,-31.180305,-25.252995,-122.60943,-39.685936,-42.45933,-32.82329,-10.667188,-40.353516,-68.41217,-24.180845,-46.064472,-108.677536,-19.617245
0.0,0.0,0.0,-23.80305632352942,-17.924645764705883,-29.419317823529298,11.571503823529405,-43.49776123529412,-27.053226352941067,-21.722131764705892,-68.80178297058823,-46.908787499999846,9.8915758235294,-98.03846414705882,-31.812521588235256,-26.326111911764713,-121.87641008823529,-41.578668058823496,-42.84386197058824,-32.82570026470589,-10.374048647058771,-40.683425147058834,-67.95499305882353,-24.15885020588223,-46.122092235294126,-108.25115952941177,-19.857169735294008,0.0003555219,-0.0011161166,7.990784e-05,-22.18948,-18.618715,-28.801283,11.242201,-44.10659,-27.679588,-20.378504,-69.86743,-45.936546,9.241705,-99.300804,-31.403732,-24.30288,-122.30847,-39.634254,-42.056835,-32.871994,-10.670103,-39.887665,-68.59238,-24.166893,-45.39347,-108.89904,-19.842411
0.0,0.0,0.0,-23.522246117647054,-18.151205294117645,-29.209687205882403,11.446422852941183,-43.51626573529411,-27.191526411764755,-21.496043411764703,-68.96390035294118,-46.653200941176465,9.824515088235302,-98.00539420588237,-31.932513823529405,-25.816135411764698,-121.62279897058824,-41.541013764705895,-42.61621861764705,-32.849674735294116,-10.293967735294132,-40.47647488235293,-68.06213873529411,-24.077561176470624,-45.79570526470588,-108.34824573529411,-19.97212220588233,0.0003265549,-0.0011245157,0.00017451115,-21.63595,-18.775728,-28.463425,10.971339,-44.11612,-27.59741,-19.792591,-69.76312,-45.412594,9.086175,-98.87752,-31.463745,-23.442076,-121.75312,-39.62505,-41.68184,-32.741245,-10.57867,-39.50899,-68.58226,-24.009445,-44.876175,-108.94525,-20.015171
0.0,0.0,0.0,-23.240162343749997,-18.354117,-29.059146,11.314295906250003,-43.5661148125,-27.284311375000016,-21.295495125,-69.147818,-46.39167115624997,9.717519218749999,-98.04001493749999,-31.96256446875003,-25.3264113125,-121.49243562499998,-41.33747093749997,-42.402992125,-32.857470031249996,-10.22288315625002,-40.311652906249996,-68.1647034375,-23.97515199999998,-45.51613671875,-108.46417474999998,-19.990415531249994,0.00034354892,-0.001128951,0.00012712885,-22.111961,-18.680029,-28.747831,11.26201,-44.13979,-27.79885,-20.322397,-69.97414,-45.900414,9.274399,-99.40517,-31.444395,-24.11409,-122.34945,-39.52181,-41.954903,-32.922756,-10.709362,-39.777058,-68.695915,-24.193056,-45.254128,-109.00375,-19.862925
0.0,0.0,0.0,-22.621101323529412,-18.608404264705882,-28.714736911764703,11.061948470588234,-43.65407364705882,-27.584904294117678,-20.782093852941177,-69.37291544117646,-45.92683758823529,9.56460076470588,-98.07322155882353,-32.16599314705883,-24.329216764705883,-121.3178495882353,-41.036035764705844,-41.96844614705883,-32.847818411764706,-10.194341205882381,-39.94377505882353,-68.341906,-23.860916941176527,-44.99551002941177,-108.71554076470589,-20.123026235294105,0.00033154743,-0.0011338942,0.00016773392,-21.892784,-18.74937,-28.628849,11.186204,-44.151463,-27.799057,-20.08223,-69.97667,-45.71461,9.245673,-99.29161,-31.459408,-23.761944,-122.184586,-39.468758,-41.792164,-32.900436,-10.693419,-39.6001,-68.72626,-24.146973,-45.023636,-109.04427,-19.90528
0.0,0.0,0.0,-22.322574147058827,-18.702913852941176,-28.484711529411754,10.978882735294114,-43.693871117647056,-27.685821529411783,-20.48064076470589,-69.45512723529411,-45.68299058823527,9.508888911764707,-98.08700879411764,-32.21568647058825,-23.8461055,-121.23665023529412,-40.85465288235292,-41.76434276470589,-32.83835285294118,-10.15917435294108,-39.7383055,-68.42078170588235,-23.806728558823465,-44.74405955882353,-108.83743311764707,-20.141062941176415,0.00032031513,-0.0011435939,0.00021312514,-21.722538,-18.820045,-28.529488,11.1414,-44.18311,-27.838358,-19.912968,-70.02757,-45.570164,9.227555,-99.27394,-31.464209,-23.4772,-122.10539,-39.368443,-41.65152,-32.902576,-10.696687,-39.452095,-68.78583,-24.119305,-44.83778,-109.11146,-19.923405
0.0,0.0,0.0,-22.05093620588235,-18.799039735294116,-28.323845352941248,10.894381470588236,-43.741343941176474,-27.776289000000077,-20.18993455882352,-69.53637244117648,-45.45861464705888,9.455337088235304,-98.10268623529413,-32.268107617647104,-23.374943882352934,-121.1846406764706,-40.67480732352948,-41.571338441176465,-32.8386870882353,-10.143707235294244,-39.539185705882346,-68.4992280882353,-23.780335382352973,-44.50137658823529,-108.94560108823529,-20.188158823529477,0.0003287921,-0.0011477954,0.00019881756,-21.812637,-18.789963,-28.59276,11.209274,-44.168304,-27.873251,-19.997814,-70.04596,-45.687004,9.287623,-99.34885,-31.482477,-23.591051,-122.20654,-39.392014,-41.702854,-32.93782,-10.727472,-39.491768,-68.79933,-24.171186,-44.89065,-109.11492,-19.921923
0.0,0.0,0.0,-21.350343147058823,-19.00559973529412,-27.850793294117693,10.645815058823523,-43.80868994117647,-28.010269117647,-19.491418882352942,-69.660022,-45.006775000000005,9.297320999999997,-98.07525929411764,-32.44276979411762,-22.199109352941175,-120.95001211764708,-40.294416588235265,-41.105717794117645,-32.79323455882353,-10.104468852941181,-39.0307045,-68.66470749999999,-23.628899088235244,-43.88461279411765,-109.16140297058823,-20.377464735294097,0.00027027962,-0.0011708775,0.00039269967,-21.211927,-19.097143,-28.13215,10.926315,-44.371162,-28.083122,-19.53884,-70.309654,-45.01908,9.029803,-99.40003,-31.460867,-22.644928,-121.91755,-38.821175,-41.18689,-32.91338,-10.686416,-39.037468,-69.04172,-23.96691,-44.322754,-109.389435,-19.868837
0.0,0.0,0.0,-21.15847897058823,-19.060693999999998,-27.741046647058795,10.581938941176482,-43.8281165,-28.063790764705914,-19.304014441176466,-69.69084688235294,-44.85134432352942,9.251009823529422,-98.05402085294119,-32.505862941176474,-21.873754794117644,-120.8778425882353,-40.17776308823528,-40.96708255882353,-32.77001447058824,-10.078624029411742,-38.88891302941176,-68.7035396764706,-23.609949382352966,-43.697275235294114,-109.22615579411764,-20.38611285294121,0.00022043279,-0.0012275238,0.000631683,-20.530241,-19.384298,-27.579573,10.75873,-44.382504,-28.56422,-18.88893,-70.45639,-44.533875,9.112316,-99.2905,-31.943563,-21.092653,-121.47823,-38.652237,-40.479942,-33.002163,-10.684717,-38.26864,-69.39861,-23.95254,-43.208946,-109.82872,-20.240852
0.0,0.0,0.0,-20.98633705882353,-19.11034317647059,-27.633173411764687,10.53226988235295,-43.84601835294117,-28.075793176470484,-19.132301764705876,-69.71683726470589,-44.690918029411705,9.212731029411763,-98.03338155882354,-32.54413741176461,-21.598157264705875,-120.79596038235294,-40.106407735294056,-40.83513514705882,-32.74725632352941,-10.047485499999993,-38.75094167647058,-68.74090020588235,-23.578545970588152,-43.52408244117647,-109.27395947058824,-20.41815114705878,0.00014336949,-0.0012265629,0.00089094025,-19.549908,-19.679813,-26.717323,10.077568,-44.386116,-28.79418,-18.079912,-70.26066,-43.519344,8.6372,-98.60619,-32.448334,-19.38976,-120.318245,-38.630447,-39.66491,-32.74817,-10.445321,-37.550983,-69.46821,-23.629215,-42.132545,-110.04387,-20.649784
0.0,0.0,0.0,-19.916148205882358,-19.382862117647058,-26.8627730882352,10.13377579411764,-43.84971782352941,-28.408216558823483,-18.03042747058824,-69.69888735294118,-43.982467588235295,9.061441970588227,-97.67109891176472,-33.08519788235287,-19.66882288235295,-120.05587141176471,-40.02766505882346,-39.857914441176476,-32.56146847058823,-9.968407911764643,-37.707371941176476,-68.96584811764706,-23.637097441176422,-42.19260088235295,-109.6602655882353,-21.12591458823522,0.00022671133,-0.001263916,0.00081879814,-19.129574,-19.633701,-26.557432,9.868871,-44.15751,-28.304201,-17.414364,-69.708626,-43.196377,8.647438,-97.631905,-32.55467,-18.757166,-119.49381,-39.26826,-39.51982,-32.499844,-10.279437,-37.319607,-69.14373,-23.494705,-41.72499,-109.795746,-21.023458
0.0,0.0,0.0,-19.524616558823528,-19.47733838235294,-26.53703935294112,9.99783023529411,-43.84309785294117,-28.43720014705889,-17.603600676470585,-69.6732048235294,-43.71213923529416,9.021815264705879,-97.5176125882353,-33.243770676470604,-18.99039252941176,-119.76484470588235,-39.994458323529386,-39.481465529411764,-32.47540252941177,-9.926445264705876,-37.2661609117647,-69.05081167647059,-23.610148705882352,-41.657755970588234,-109.7759797352941,-21.318000294117667,0.00018444052,-0.0012826945,0.00093784375,-18.910522,-19.731813,-26.31226,9.848277,-44.13476,-28.694994,-17.231466,-69.79708,-43.122196,8.759982,-97.694214,-32.934097,-18.047935,-119.37911,-39.26036,-39.18177,-32.605988,-10.303,-36.939835,-69.37878,-23.564802,-41.158012,-110.06831,-21.26062
0.0,0.0,0.0,-19.319168529411765,-19.53896417647059,-26.258810735294162,9.864598794117647,-43.84683226470588,-28.609824764705934,-17.378623999999995,-69.7578589117647,-43.51857820588236,8.941035499999998,-97.56040067647059,-33.38575932352944,-18.55083508823529,-119.71862388235294,-39.784710294117644,-39.19649323529411,-32.442828441176474,-9.870021235294189,-36.970840970588235,-69.1765018235294,-23.60163258823536,-41.300039852941175,-109.93432847058824,-21.408298294117685,0.00019302242,-0.0013023023,0.0009659252,-18.732796,-19.79836,-26.150019,9.725004,-44.1626,-28.70908,-17.08999,-69.78791,-42.908756,8.654458,-97.60111,-32.963627,-17.76701,-119.19354,-39.19822,-39.025986,-32.56457,-10.243632,-36.807472,-69.403984,-23.46961,-40.978733,-110.10628,-21.280516
0.0,0.0,0.0,-18.984854529411763,-19.68258941176471,-25.815528411764717,9.58523958823529,-43.84731747058824,-29.209767941176494,-16.991645911764707,-70.0369194117647,-43.27255605882357,8.780474617647066,-97.87635214705881,-33.8379587941177,-17.675236352941177,-119.79617111764706,-39.42821273529415,-38.6021295,-32.40782329411765,-9.81533188235295,-36.30603911764706,-69.57602817647059,-23.775632970588276,-40.51228079411764,-110.45347005882351,-21.62281885294118,0.00015745184,-0.0012829709,0.0009961324,-18.74632,-19.907734,-26.037113,9.63998,-44.332237,-28.779444,-17.235868,-69.99455,-42.70002,8.49226,-97.84656,-32.787804,-17.813105,-119.307816,-38.793102,-38.97526,-32.595833,-10.167616,-36.835716,-69.52493,-23.297663,-41.037575,-110.19916,-21.015978
0.0,0.0,0.0,-18.88354594117647,-19.719485529411763,-25.725378529411728,9.522935941176463,-43.83037302941176,-29.368609147058805,-16.88455405882353,-70.05892314705882,-43.236109,8.76144879411764,-97.88660926470588,-34.032016470588246,-17.412541058823532,-119.76722738235293,-39.42431461764704,-38.452099970588236,-32.395913058823524,-9.852144941176562,-36.12961044117647,-69.66005608823531,-23.8160139705883,-40.27631673529412,-110.57465182352941,-21.774479499999984,0.00019964951,-0.001313612,0.0009686673,-18.683313,-19.838287,-26.11257,9.695759,-44.21251,-28.663097,-17.055948,-69.828865,-42.806297,8.607059,-97.617905,-32.867855,-17.731405,-119.18586,-39.089806,-38.994392,-32.552574,-10.2226515,-36.791447,-69.41853,-23.40751,-40.97448,-110.1165,-21.213774
0.0,0.0,0.0,-18.80618191176471,-19.743305764705884,-25.641932764705814,9.48180605882353,-43.79361579411765,-29.479517382352924,-16.81049579411765,-70.04829011764704,-43.238271323529375,8.771149176470587,-97.86361773529411,-34.22227750000002,-17.178279323529413,-119.71041870588235,-39.52887676470584,-38.326123882352945,-32.38954517647059,-9.876295147058784,-35.98099214705883,-69.7238571764706,-23.86870344117642,-40.06062055882353,-110.65637779411767,-21.988051441176424,0.00019920329,-0.0013063981,0.00094989315,-18.733345,-19.790222,-26.192541,9.742634,-44.172195,-28.622967,-17.070053,-69.77904,-42.910797,8.654209,-97.58917,-32.87904,-17.835043,-119.21684,-39.199184,-39.065228,-32.5455,-10.259683,-36.844376,-69.36981,-23.471382,-41.04798,-110.074646,-21.258461
0.0,0.0,0.0,-18.704380093749997,-19.7864738125,-25.50933540624999,9.434859281250006,-43.72908215625,-29.645703312500018,-16.756302312499997,-70.0358948125,-43.28782078125005,8.825030687499996,-97.85273865625001,-34.50660328125002,-16.8199238125,-119.63484993750001,-39.67513937499996,-38.13439559375,-32.4023488125,-9.90590181250002,-35.75216465625,-69.82986893750001,-24.04547209375005,-39.7074350625,-110.80857018750001,-22.284051937499953,0.00020439335,-0.0012899076,0.0009164359,-18.822508,-19.732212,-26.296238,9.782859,-44.135258,-28.526686,-17.12315,-69.71932,-43.006077,8.67968,-97.53993,-32.829594,-18.045923,-119.24778,-39.282642,-39.18397,-32.52392,-10.271997,-36.954403,-69.28785,-23.498867,-41.195255,-109.98419,-21.241688
0.0,0.0,0.0,-18.689430382352946,-19.821442647058824,-25.46071488235299,9.419988794117636,-43.74151882352941,-29.718812882353006,-16.792721382352948,-70.09225402941176,-43.29889005882353,8.81915529411765,-97.94040323529411,-34.55305214705879,-16.755631941176475,-119.70129726470589,-39.61422649999997,-38.074322176470595,-32.424312058823524,-9.898055294117626,-35.694255647058824,-69.90174779411764,-24.06460947058821,-39.62136941176471,-110.89794052941177,-22.271806588235336,0.00019663473,-0.0012880241,0.0009273862,-18.825518,-19.756592,-26.268623,9.762973,-44.170948,-28.564442,-17.159708,-69.768745,-42.968975,8.643434,-97.60425,-32.811924,-18.046112,-119.27585,-39.199074,-39.166447,-32.535076,-10.260082,-36.954468,-69.32168,-23.470715,-41.199837,-110.013336,-21.195053
0.0,0.0,0.0,-18.702525735294117,-19.851980147058825,-25.42769032352936,9.39964744117647,-43.75230967647059,-29.80082349999998,-16.85391970588235,-70.15130955882354,-43.318624176470564,8.808143147058821,-98.03584711764707,-34.601328323529344,-16.71931408823529,-119.78007208823529,-39.55668294117646,-38.03631664705882,-32.45383226470589,-9.88919073529405,-35.65778444117647,-69.9736235882353,-24.070630235294118,-39.561923176470586,-110.98781555882353,-22.254470852941154,0.00019546188,-0.0012873377,0.00092557346,-18.830156,-19.762556,-26.27222,9.7577,-44.190422,-28.548935,-17.176264,-69.78668,-42.953358,8.619727,-97.63001,-32.77172,-18.08531,-119.29779,-39.15932,-39.176666,-32.530197,-10.259915,-36.97498,-69.321144,-23.457146,-41.23817,-110.011215,-21.16135
0.0,0.0,0.0,-18.902302,-19.89257325,-25.43423381249994,9.406355062499998,-43.780809,-30.001558531249998,-17.14265325,-70.31496784375,-43.44701006249994,8.784960124999998,-98.34744293749999,-34.69309337499993,-16.94036928125,-120.0892261875,-39.46784793749998,-38.1639678125,-32.60034625,-9.857957031249953,-35.7934559375,-70.0951920625,-24.0590400937499,-39.733063625,-111.107324875,-22.165457749999973,0.00020046972,-0.0013091562,0.0009403101,-18.829676,-19.726683,-26.293972,9.907376,-44.068233,-28.719183,-17.075403,-69.747795,-43.16262,8.901702,-97.60177,-33.04432,-17.795633,-119.31526,-39.391705,-39.09846,-32.634327,-10.332016,-36.7955,-69.40338,-23.631233,-40.942432,-110.10569,-21.402716
0.0,0.0,0.0,-19.30949691176471,-19.80574355882353,-25.734840676470526,9.591534029411754,-43.75864882352941,-29.819755147058743,-17.55721244117648,-70.23596541176471,-43.704716352941034,8.877352617647048,-98.39668076470589,-34.475051823529384,-17.688715735294124,-120.26054323529412,-39.58078802941168,-38.74386638235295,-32.762756205882354,-9.791708499999913,-36.41222997058824,-69.88178541176471,-23.995583852941138,-40.48327538235294,-110.80585455882351,-21.91262005882345,0.00018401453,-0.0012713978,0.00092785695,-18.893353,-19.759127,-26.28424,9.742755,-44.2101,-28.570654,-17.27199,-69.81216,-42.964073,8.577885,-97.68528,-32.753723,-18.201447,-119.34102,-39.110275,-39.218525,-32.533356,-10.243759,-37.039143,-69.32154,-23.437002,-41.32259,-110.00224,-21.103996
0.0,0.0,0.0,-19.722691411764707,-19.720699117647058,-26.06099932352936,9.808889117647055,-43.75356032352941,-29.653573529411744,-18.072044882352944,-70.17450141176471,-43.971136676470564,8.989957823529409,-98.46241823529412,-34.3037046764706,-18.41885479411765,-120.47840500000001,-39.68028520588234,-39.318091,-32.911024147058825,-9.862586441176461,-37.03194702941177,-69.70649817647059,-23.90054770588233,-41.21887135294118,-110.53029126470588,-21.741650676470613,0.00018038368,-0.0012732785,0.0009413611,-18.894447,-19.75004,-26.264236,9.738402,-44.18697,-28.645668,-17.285757,-69.79788,-43.000908,8.58451,-97.68786,-32.85331,-18.155537,-119.3203,-39.16609,-39.194233,-32.54279,-10.250645,-37.013893,-69.33662,-23.471416,-41.278152,-110.02392,-21.171354
0.0,0.0,0.0,-20.50919246875,-19.45344578125,-26.765406531249994,10.2433636875,-43.69805809375,-29.081929281249927,-19.027946625000002,-69.92411865625,-44.611666625,9.1898751875,-98.44952993749999,-33.732535375,-19.944246093750003,-120.82378790625,-39.95468812500002,-40.466611125,-33.06624425,-9.895971406249998,-38.314535500000005,-69.24357784375,-23.829177843750017,-42.71211515625,-109.929644625,-21.301808281249976,0.00033794643,-0.00124413,0.00044676976,-20.341906,-19.143085,-27.628832,10.549267,-44.017414,-27.796516,-18.363018,-69.59028,-44.437283,9.106395,-98.02568,-32.02927,-20.963238,-120.56697,-39.732433,-40.63513,-32.631454,-10.474311,-38.334713,-68.781944,-23.86281,-43.180115,-109.29437,-20.684853
0.0,0.0,0.0,-20.649725735294115,-19.36526788235294,-26.94936050000001,10.32652155882353,-43.65344485294117,-28.924747205882397,-19.16916794117647,-69.80250602941176,-44.77206164705888,9.24050332352941,-98.3487785,-33.67759264705887,-20.246314029411764,-120.82037544117648,-40.12384747058826,-40.710370147058825,-33.05397535294118,-9.974270117647109,-38.56026238235294,-69.10166208823529,-23.84669220588239,-42.99398761764706,-109.75331797058824,-21.27468241176473,0.00021566942,-0.0012016911,0.00064655644,-20.144432,-19.43915,-27.269955,10.350387,-44.33864,-28.27967,-18.51033,-70.12633,-43.989517,8.779112,-98.632996,-31.964525,-20.623512,-120.74285,-38.8261,-40.30254,-32.732307,-10.462017,-38.158375,-69.16696,-23.672037,-42.992695,-109.65431,-20.349815
0.0,0.0,0.0,-20.776305529411765,-19.290544852941174,-27.129575794117727,10.414086029411763,-43.62431885294118,-28.769214323529468,-19.29453052941177,-69.70221355882353,-44.928870794117586,9.278301588235294,-98.26250735294117,-33.631584588235285,-20.51912205882353,-120.83072067647058,-40.257582735294136,-40.921850088235296,-33.045607352941175,-10.03873661764709,-38.77536897058824,-68.97953694117646,-23.870885441176483,-43.25226573529412,-109.61796020588234,-21.246057029411816,0.00019953863,-0.0012173489,0.0006907794,-20.187275,-19.487062,-27.29186,10.50145,-44.381447,-28.503563,-18.560196,-70.330215,-44.117188,8.946209,-98.935295,-32.025036,-20.517511,-121.01036,-38.67606,-40.24018,-32.882225,-10.553191,-38.055984,-69.36164,-23.777267,-42.86812,-109.84136,-20.348022
0.0,0.0,0.0,-20.980806676470586,-19.16238505882353,-27.440960970588264,10.544634735294117,-43.574962235294116,-28.577712970588266,-19.494754705882354,-69.543045,-45.20713370588237,9.356984205882355,-98.14611070588236,-33.482495470588276,-21.015525588235295,-120.87218370588235,-40.51328411764706,-41.233980617647056,-33.0248050882353,-10.10533676470584,-39.10820573529412,-68.7960420882353,-23.929508970588245,-43.65446829411765,-109.4170612647059,-21.185106235294143,0.00023515671,-0.0012479352,0.0006468167,-20.367216,-19.399641,-27.498047,10.735949,-44.313717,-28.541996,-18.64784,-70.34971,-44.46025,9.196279,-99.06814,-32.06718,-20.720259,-121.26904,-38.824146,-40.36003,-32.984768,-10.66934,-38.09771,-69.38812,-23.965485,-42.938786,-109.84909,-20.414894
0.0,0.0,0.0,-21.065367718750004,-19.10441428125,-27.55931081250003,10.611814156249999,-43.54969784375,-28.459306843750028,-19.572718093750005,-69.4672765,-45.307124218750005,9.393101156249998,-98.08889153125,-33.40738784375003,-21.215585687500003,-120.88012328125001,-40.613095250000015,-41.354899718750005,-33.0128953125,-10.127751406250013,-39.245604812500005,-68.71511990625001,-23.972896687500054,-43.82294146875,-109.31568915624999,-21.205268812500037,0.00024619992,-0.0012442705,0.00063266733,-20.286703,-19.389818,-27.445606,10.651338,-44.26712,-28.428835,-18.528032,-70.21104,-44.356922,9.161149,-98.82762,-32.091183,-20.596674,-121.05255,-38.96186,-40.340157,-32.913876,-10.605425,-38.073185,-69.299126,-23.905903,-42.869617,-109.77818,-20.478266
0.0,0.0,0.0,-21.138302617647057,-19.051088529411764,-27.656357676470634,10.67547826470588,-43.526946617647056,-28.338810500000022,-19.639102705882355,-69.39903597058824,-45.38403502941179,9.41987817647059,-98.03480235294117,-33.34315023529416,-21.388049941176465,-120.88415511764707,-40.69886864705887,-41.454702794117644,-32.994630235294125,-10.134748529411809,-39.35650067647059,-68.6460119117647,-23.98625458823534,-43.959118411764706,-109.22999911764707,-21.20784711764702,0.0002865406,-0.0012556966,0.00053876714,-20.62383,-19.233564,-27.75513,10.920079,-44.16657,-28.388798,-18.756838,-70.16635,-44.822414,9.421925,-98.939674,-32.099606,-21.082895,-121.36678,-39.21411,-40.60324,-33.004356,-10.705171,-38.262806,-69.24938,-24.102499,-43.12925,-109.69776,-20.511833
0.0,0.0,0.0,-21.205543764705883,-18.998994764705884,-27.751077882352945,10.718268558823532,-43.49707311764706,-28.263033588235317,-19.699123882352943,-69.32786173529412,-45.46432041176473,9.442514470588229,-97.97319847058824,-33.30471523529417,-21.54804744117647,-120.8748079117647,-40.79547741176475,-41.54248170588235,-32.97270388235294,-10.155624294117615,-39.45389238235295,-68.57762205882354,-24.015225529411794,-44.074811264705886,-109.15363138235293,-21.209364823529427,0.00029573886,-0.0012513847,0.00048804318,-20.864252,-19.168215,-27.923344,11.05153,-44.164383,-28.370863,-18.988337,-70.20198,-45.051544,9.504879,-99.09881,-32.034725,-21.465855,-121.60939,-39.247185,-40.782757,-33.057896,-10.745095,-38.436638,-69.24006,-24.169554,-43.373287,-109.665665,-20.447245
0.0,0.0,0.0,-21.240943125,-18.854362625,-27.941264999999987,10.796216562499993,-43.3921813125,-28.024092593750026,-19.698894625,-69.06252065625,-45.596971531250006,9.511336906249994,-97.67802043750001,-33.25345315625003,-21.803052875000002,-120.68616659374999,-41.18596637500008,-41.69057240625,-32.8536879375,-10.230747249999979,-39.6013194375,-68.3618220625,-24.11569400000002,-44.2517020625,-108.932045125,-21.316669343749993,0.0002796394,-0.0012532246,0.00055132987,-20.585218,-19.257683,-27.714258,10.872149,-44.195564,-28.385576,-18.749847,-70.18558,-44.747414,9.353142,-98.9473,-32.068813,-21.063766,-121.33855,-39.146484,-40.577694,-32.983288,-10.689937,-38.261078,-69.25136,-24.064405,-43.13776,-109.70095,-20.480793
0.0,0.0,0.0,-20.795749999999995,-18.705229088235292,-28.119027647058772,10.879008558823529,-43.188674852941176,-27.59114164705875,-19.118862470588233,-68.44254055882352,-45.70222744117643,9.70405155882353,-96.77273602941177,-33.50597617647054,-21.449530352941167,-119.9268409117647,-42.11601173529414,-41.57493402941176,-32.585259,-10.387280823529466,-39.412215294117644,-67.98801417647059,-24.339645470588266,-44.00334985294117,-108.58708173529412,-21.937754088235295,0.0002971837,-0.0012458446,0.0004927554,-20.730515,-19.17988,-27.839567,10.930845,-44.153442,-28.279255,-18.852812,-70.10863,-44.88897,9.395882,-98.909225,-32.021965,-21.336456,-121.399086,-39.278854,-40.72448,-32.971443,-10.690458,-38.3968,-69.16592,-24.093063,-43.317387,-109.60461,-20.465172
0.0,0.0,0.0,-20.24935921875,-18.63782303125,-28.193589187500038,10.908284406250004,-42.988845874999996,-27.228927656249994,-18.40078346875,-67.9956236875,-45.69691937499999,9.808672406249997,-95.98164434374999,-33.67512612500002,-20.99306940625,-119.24911487499999,-42.82177068750002,-41.3495759375,-32.35099590624999,-10.497529062500007,-39.09597525,-67.68854253125,-24.488549218749938,-43.64848128125,-108.31750128124999,-22.394088750000037,0.00032253924,-0.001235644,0.00040054705,-21.01386,-19.047375,-28.068714,11.080026,-44.076874,-28.166164,-19.063538,-70.0136,-45.19599,9.528504,-98.91419,-31.98871,-21.79043,-121.5698,-39.506603,-40.972,-32.993866,-10.716409,-38.611885,-69.06485,-24.183903,-43.59447,-109.48375,-20.462048
0.0,0.0,0.0,-19.730320062500002,-18.4002260625,-28.179261999999994,10.83108840624999,-42.7152580625,-26.96160021875005,-17.678207093750004,-67.50314515625,-45.66185365625,9.81238071875,-95.20236596875,-33.8326928125,-20.561560531250002,-118.62474112500001,-43.40214709374999,-41.10871515625001,-32.062304312500004,-10.548348218749993,-38.765611750000005,-67.3329010625,-24.622926437499927,-43.288986875000006,-108.00435853125,-22.77861768750006,0.0003312523,-0.0012559624,0.0004582042,-20.648596,-19.101435,-27.822699,10.879545,-43.999752,-28.152199,-18.660461,-69.82816,-44.898098,9.456274,-98.500404,-32.19037,-21.148642,-121.0729,-39.672157,-40.713276,-32.88493,-10.641417,-38.335506,-69.01111,-24.115028,-43.166348,-109.47769,-20.692743
0.0,0.0,0.0,-19.22997897058824,-18.085847617647055,-28.065232941176532,10.653231441176473,-42.379903235294115,-26.821089676470592,-16.873327529411768,-66.82163079411764,-45.68476682352946,9.81013647058824,-94.40439944117648,-34.16670408823535,-20.02844329411765,-118.02581485294118,-44.051506411764706,-40.85887985294118,-31.767915617647056,-10.576874735294155,-38.395293264705884,-66.94317429411764,-24.829826705882397,-42.83772364705883,-107.707742,-23.23125402941173,0.00046960215,-0.0013696181,0.00036289176,-19.654785,-18.855473,-27.478554,10.496773,-43.298286,-27.418589,-17.09935,-68.42415,-44.56098,9.616872,-96.27796,-32.97079,-19.481623,-119.10127,-41.57486,-40.27375,-32.325916,-10.470061,-37.65225,-68.25979,-24.2358,-42.037426,-108.912834,-22.13296
0.0,0.0,0.0,-18.785804343749994,-17.7971866875,-28.00627234374997,10.403511312500008,-42.0490481875,-26.738976374999936,-16.129154687499998,-66.15848396875,-45.74010281249997,9.735833937500004,-93.64675468749999,-34.6053858125,-19.495030531249995,-117.46860881250001,-44.68356696874997,-40.6304975,-31.508064312499997,-10.620162062499958,-38.0338959375,-66.57911946875,-25.105694843749916,-42.3951883125,-107.42907062500001,-23.74488446875,0.0006356428,-0.0014983676,8.5997075e-05,-19.706133,-18.101141,-27.945192,10.648601,-42.48742,-27.064743,-16.681252,-67.04269,-45.6154,10.009205,-94.88165,-33.949844,-19.63368,-118.120575,-43.890934,-40.6117,-31.864601,-10.774784,-37.776726,-67.32851,-25.128456,-42.09675,-108.05483,-23.750465
0.0,0.0,0.0,-18.33901564705882,-17.50674605882353,-27.934971441176458,10.107233735294123,-41.68521597058823,-26.72320108823527,-15.31640552941176,-65.45815520588235,-45.78927247058817,9.701566264705889,-92.85085302941175,-35.062359882352894,-18.852921529411763,-116.85809902941176,-45.3969142647058,-40.38690502941176,-31.255811823529413,-10.692020999999897,-37.63066423529411,-66.220644,-25.401750470588183,-41.87482952941176,-107.12724161764706,-24.37427467647052,0.0005235934,-0.0013755586,-3.6074587e-05,-19.53119,-17.679724,-27.990038,10.389919,-42.16123,-26.547743,-16.324303,-66.07262,-45.715233,9.793849,-93.79677,-34.161373,-19.710682,-117.097244,-45.046406,-40.778934,-31.32292,-10.804733,-37.956253,-66.56137,-25.409178,-42.32104,-107.31567,-24.634686
0.0,0.0,0.0,-17.923031624999997,-17.232584312500002,-27.850348249999968,9.883230312500004,-41.31448553125,-26.733568937500024,-14.533828531249995,-64.835999125,-45.828595968749994,9.764588062500003,-92.10586537500001,-35.48332578125002,-18.150742781249996,-116.3091350625,-46.05328453124997,-40.1397724375,-31.04720859375,-10.745321999999987,-37.18765446875,-65.9240115625,-25.608279156249978,-41.3065121875,-106.87324884375,-24.957775968750013,0.0006551943,-0.0015299008,9.731564e-05,-19.498846,-18.015057,-27.82661,10.567106,-42.271847,-27.09899,-16.390175,-66.69635,-45.644596,10.074792,-94.40161,-34.374275,-19.17013,-117.62391,-44.433525,-40.466606,-31.75463,-10.773018,-37.57878,-67.18606,-25.260729,-41.744534,-107.960075,-24.251307
0.0,0.0,0.0,-17.49466125,-16.916814375,-27.744607937500064,9.75247828125,-40.89021675,-26.662063687499995,-13.778182625000003,-64.166590625,-45.8955479375,9.895149375000003,-91.31096528125,-35.939079406250016,-17.430700468749997,-115.69823218750001,-46.75135137500001,-39.874368249999996,-30.812979624999997,-10.756380187500042,-36.74515853125,-65.58801265625,-25.897182562500006,-40.71805728125,-106.57342253125,-25.582473812499984,0.00060768146,-0.001501976,0.00021497988,-19.327297,-18.33821,-27.613848,10.507978,-42.555157,-27.1712,-16.338322,-67.19073,-45.161064,9.972795,-94.79097,-33.998318,-18.866583,-117.86147,-43.59644,-40.241226,-31.917603,-10.672092,-37.39907,-67.53721,-24.922762,-41.54822,-108.28086,-23.719772
0.0,0.0,0.0,-17.071297000000005,-16.598758764705885,-27.61223123529402,9.678494352941172,-40.462616235294114,-26.60716076470584,-13.054555147058828,-63.51606882352941,-45.99368655882347,10.089129941176466,-90.5285750882353,-36.39527541176466,-16.6807075,-115.06230282352941,-47.47231438235286,-39.61637432352941,-30.585859999999997,-10.784021735294061,-36.318591705882355,-65.24113708823529,-26.19207499999993,-40.11648929411765,-106.28080055882353,-26.234318529411723,0.00067353214,-0.0015783876,0.00012680693,-18.867363,-17.87964,-27.534945,10.133752,-42.084606,-26.894087,-15.787191,-66.08974,-45.28558,9.6351595,-93.52622,-34.64157,-18.624105,-116.49891,-44.942375,-40.175163,-31.254469,-10.820218,-37.367462,-66.69962,-25.373743,-41.49445,-107.478836,-24.938068
0.0,0.0,0.0,-16.686399,-16.2997318125,-27.52020349999998,9.744071562499997,-39.9583184375,-26.58875075000003,-12.215812031250003,-62.775052718750004,-46.16491209374999,10.596419906249992,-89.5956549375,-36.92408553125,-15.539562375000003,-114.2830741875,-48.426629875,-39.341092468750006,-30.43870415625,-10.886505093749975,-35.742428593750006,-64.917106,-26.55974850000007,-39.214128531250005,-106.01630940625002,-27.206664906250012,0.0007092507,-0.0016819384,0.00013668722,-18.352549,-17.500324,-27.4738,10.09038,-41.56335,-26.953154,-15.003466,-65.18621,-45.655273,9.857205,-92.47705,-35.560223,-17.710325,-115.40503,-46.38123,-39.908276,-30.892035,-11.117805,-36.942135,-66.20321,-26.077217,-40.859222,-107.05641,-26.428751
0.0,0.0,0.0,-16.040052029411765,-16.525825205882356,-27.219102794117646,9.466351558823533,-39.93049235294118,-26.393128323529425,-11.502033529411765,-62.582111352941176,-45.51106879411765,10.446130000000004,-89.02720173529411,-36.890465264705824,-14.64850123529412,-113.54157288235295,-48.3608927941176,-38.93100547058824,-30.252157823529416,-10.790477882352889,-35.292168764705885,-64.79595502941176,-26.40223964705882,-38.604988705882356,-105.88273608823529,-27.38289511764708,0.0007335291,-0.0016706516,0.00010875992,-17.937761,-17.85551,-27.161148,9.854508,-41.849957,-26.247288,-14.497684,-65.347275,-44.633415,9.677722,-92.16376,-34.64375,-17.202238,-115.11404,-45.61182,-39.694897,-30.835478,-10.758112,-36.750294,-66.260574,-25.334295,-40.608643,-107.06577,-25.728165
0.0,0.0,0.0,-15.260458781250001,-17.34900734375,-26.497997156249994,8.755044687500003,-40.669435281249996,-25.60876753125001,-11.187306624999998,-63.40075496875,-43.566156374999935,9.194746437500001,-89.39899309375001,-35.317278875,-14.850985937500003,-113.51139787500001,-46.144542656249996,-38.545633968749996,-29.9279086875,-10.190976124999963,-35.290968625,-64.90036934375,-25.09515003125,-39.0718661875,-105.89488153125001,-25.746618281249994,0.00075214426,-0.0018213363,0.00017632479,-17.866142,-16.988647,-27.53077,10.145589,-40.95939,-27.022512,-14.195879,-64.133995,-46.289085,10.1774235,-91.37347,-36.617653,-16.84832,-114.312614,-48.18303,-39.7223,-30.468338,-11.571472,-36.565926,-65.59113,-27.048758,-40.328857,-106.575966,-28.265537
0.0,0.0,0.0,-14.639653312500002,-17.918144249999997,-25.729230937500006,8.084276281250006,-41.10336378125,-24.898387999999954,-10.804829187500001,-63.639645156250005,-41.891047625,8.205786531249998,-89.152103875,-34.3188238125,-14.474078468750001,-112.71359093749999,-44.82606224999995,-38.21695571875,-29.583977374999996,-9.561776187499959,-35.20388065625,-64.8254770625,-24.053660468749968,-39.09808171875,-105.71172221875,-24.96679693750002,0.000713681,-0.001861383,0.00019681721,-17.520681,-16.78235,-27.547934,10.125576,-40.749146,-26.962494,-13.733764,-63.669205,-46.474133,10.2156515,-90.83976,-36.95162,-16.421455,-113.71839,-48.930676,-39.599796,-30.182764,-11.85051,-36.395763,-65.24451,-27.523054,-40.15799,-106.26567,-29.17336
0.0,0.0,0.0,-14.058561117647052,-18.34077629411765,-24.88086297058817,7.41152300000001,-41.57744894117647,-24.234981676470568,-10.566007705882349,-63.85586667647059,-40.20863523529414,7.231147029411773,-88.88813997058823,-33.32490897058818,-14.108206823529407,-111.84356544117647,-43.52901588235295,-37.85915058823529,-29.212080588235292,-8.933532676470577,-35.167810647058815,-64.77037355882352,-22.96824817647058,-39.11503876470587,-105.53934832352941,-24.21123108823531,0.0005650654,-0.0016882016,0.00017005437,-17.802477,-16.802181,-27.57673,9.908239,-40.98664,-26.756838,-14.276179,-63.806797,-46.246727,9.71079,-91.10795,-36.46086,-17.316317,-113.9095,-48.431767,-39.900646,-30.057781,-11.70945,-36.91764,-65.131615,-27.212135,-40.93197,-106.114815,-28.603903
0.0,0.0,0.0,-13.627762,-18.71107734375,-24.22336475000003,6.788806124999994,-42.006045437500006,-23.69137859374996,-10.490522437500005,-64.06364878125001,-38.78165518750001,6.33233349999999,-88.67064768750001,-32.424422093750024,-13.928122312500005,-111.05151534375001,-42.38446325000001,-37.57204971875,-28.876742250000003,-8.496473187499987,-35.1974310625,-64.72338303125,-21.996905249999998,-39.17962903125,-105.37012912499999,-23.45228874999998,0.00055329676,-0.0016236404,0.00014772768,-18.051453,-16.950747,-27.587023,9.858901,-41.22095,-26.673733,-14.657729,-64.16011,-46.022247,9.522312,-91.52136,-36.00327,-17.831074,-114.33618,-47.760452,-40.050854,-30.179815,-11.513847,-37.162094,-65.30068,-26.824907,-41.28189,-106.23297,-27.85557
0.0,0.0,0.0,-13.266325176470584,-19.03907182352941,-23.564923352941207,6.17996341176471,-42.366771235294124,-23.205414588235385,-10.531184823529408,-64.2260035,-37.53222550000004,5.466885676470596,-88.39972970588235,-31.71107479411768,-13.850861735294114,-110.24331264705883,-41.38314200000008,-37.275192147058824,-28.581850264705885,-8.063409294117662,-35.22962755882353,-64.71798011764706,-21.07931617647057,-39.19826138235294,-105.22108052941178,-22.695623000000012,0.00081007765,-0.0019826982,0.00023491782,-17.372284,-16.632542,-27.570847,10.25885,-40.469566,-27.308968,-13.482703,-63.42177,-46.897083,10.497155,-90.61242,-37.64216,-15.938948,-113.47181,-49.609688,-39.425266,-30.189257,-12.06711,-36.10283,-65.21209,-27.986544,-39.724564,-106.278786,-29.907753
0.0,0.0,0.0,-13.001046343749998,-19.31290409375,-23.011845593749968,5.676373937500003,-42.64999146875,-22.815320906250008,-10.622120468749998,-64.3149180625,-36.526439624999966,4.775260062500003,-88.08902925000001,-31.164078656249956,-13.802390374999995,-109.45945653125,-40.61972428125,-37.00866665624999,-28.34398525,-7.683426999999995,-35.243984874999995,-64.69469371874999,-20.305453343750003,-39.17171390625,-105.07068287499999,-22.191768781249948,0.00087008206,-0.0020952348,0.0002693971,-16.594967,-16.754255,-27.160942,9.72038,-40.566795,-26.848434,-12.852298,-63.150993,-46.016666,9.826891,-89.88204,-37.29673,-15.4042,-112.407135,-49.405025,-39.058205,-29.674013,-12.026397,-35.92695,-64.83202,-27.734312,-39.61609,-105.83915,-30.108786
0.0,0.0,0.0,-12.62901026470588,-19.715253823529412,-22.23005676470592,4.853049588235294,-43.07165967647059,-22.33348082352944,-10.83077229411764,-64.42901385294117,-35.01757994117651,3.654858117647059,-87.53671755882353,-30.421246676470673,-13.80117758823529,-108.10236605882352,-39.58764373529414,-36.50694599999999,-27.957572205882354,-7.197488264705896,-35.22765123529411,-64.69603791176472,-19.136980882352987,-39.07712879411764,-104.80835811764705,-21.470124235294122,0.00079550897,-0.001534207,0.00019079905,-14.752383,-19.621792,-23.757502,6.089325,-43.280308,-23.280571,-12.752962,-65.313934,-37.379932,5.1196485,-89.34825,-30.97854,-15.338154,-110.47923,-40.78482,-37.806667,-28.935297,-8.204528,-36.29164,-65.47217,-20.44589,-40.11471,-105.804184,-22.09302
0.0,0.0,0.0,-12.478060124999999,-19.864876593749997,-21.90776915624997,4.599630499999996,-43.23720646875,-22.035322093749983,-10.904252625000002,-64.4857908125,-34.40260018750001,3.2751977187500003,-87.3555728125,-30.031320375000007,-13.7955635625,-107.6194423125,-39.129054,-36.28294884375,-27.8035184375,-6.973228468749994,-35.18818796875,-64.7094719375,-18.648679749999985,-39.0234200625,-104.7004305625,-21.120197312499954,0.0007605298,-0.0014894784,0.00017549375,-14.774342,-19.674753,-23.692276,6.0228615,-43.32108,-23.268894,-12.839611,-65.377815,-37.252663,5.0278783,-89.383224,-30.916164,-15.401464,-110.493324,-40.614334,-37.79365,-28.94829,-8.114608,-36.320312,-65.5161,-20.28895,-40.139774,-105.83718,-21.888271
0.0,0.0,0.0,-12.444600999999999,-19.98720676470588,-21.675097323529315,4.3813450294117615,-43.3587750882353,-21.909205764705803,-11.076261852941176,-64.55791082352941,-34.030336411764665,2.984472911764705,-87.28085305882352,-29.7612089705882,-13.890278294117643,-107.32281967647059,-38.76396097058819,-36.153639794117645,-27.709136882352944,-6.8181386764704826,-35.21811738235294,-64.74022588235295,-18.288549088235243,-39.03921826470588,-104.65434011764707,-20.844512147058765,0.0007418033,-0.0014582964,0.00018036252,-14.98185,-19.63984,-23.852333,6.128302,-43.335876,-23.35243,-13.024355,-65.465836,-37.489746,5.112122,-89.61261,-30.938007,-15.671885,-110.82557,-40.66402,-37.95987,-29.038445,-8.163933,-36.46431,-65.56461,-20.393944,-40.348522,-105.923134,-21.83993
0.0,0.0,0.0,-12.803972031249998,-19.97535084375,-21.814005968750052,4.433822437500005,-43.38660471875,-21.999607156250022,-11.403717874999998,-64.6745838125,-34.23835665625006,3.0260187187500023,-87.602635625,-29.80933284375004,-14.20614775,-107.79866581250002,-38.73340309375004,-36.39190834375,-27.834095812500003,-6.797727656250061,-35.42780846875,-64.83723275,-18.371112812499973,-39.2828050625,-104.82089643750001,-20.768307750000076,0.00074741,-0.0014726808,0.00018509106,-15.347132,-19.505869,-24.232958,6.5644965,-43.165447,-23.627243,-13.142322,-65.46934,-38.258278,5.7320533,-89.83702,-31.357378,-15.716066,-111.34699,-41.300785,-38.19034,-29.316626,-8.381917,-36.487118,-65.69795,-20.887554,-40.308514,-106.14958,-22.265266
0.0,0.0,0.0,-13.899719617647065,-19.844246,-22.60027914705887,5.018546000000001,-43.41926379411765,-22.440545647058855,-12.144778794117652,-65.16349194117647,-35.45547138235298,3.6491964117647058,-88.96652202941176,-29.9030907352942,-15.202122264705885,-109.91723347058823,-38.83723097058828,-37.38988200000001,-28.39816520588235,-7.0388723529413255,-36.14519626470589,-65.10998226470589,-19.01155370588242,-40.27847691176471,-105.40086864705881,-20.557255617647172,0.00081666827,-0.001656652,0.00014978721,-13.75805,-19.679928,-23.033596,5.5369945,-43.139687,-22.842548,-11.919102,-64.68111,-36.33528,4.6073174,-88.030136,-30.945936,-14.197493,-108.544365,-40.78793,-37.043472,-28.352173,-8.0557,-35.685333,-65.03008,-20.096983,-39.231808,-105.09458,-22.653635
0.0,0.0,0.0,-14.389653093749999,-19.827897968749998,-22.973191312499978,5.259974562500005,-43.467302187499996,-22.641109500000027,-12.473240499999996,-65.3724478125,-35.97483546874997,3.947878531250005,-89.42876371874999,-29.965311125000028,-15.538245874999998,-110.57450634374999,-39.0152168125,-37.77113990625,-28.663453531250003,-7.1398916249999616,-36.425289625,-65.26299025,-19.29034809374997,-40.6060286875,-105.62140659375,-20.673794812499978,0.0009981171,-0.001938953,0.00011456633,-12.471565,-19.986814,-22.062262,4.6765127,-43.30851,-22.312305,-11.061907,-64.44059,-34.655758,3.5511134,-87.01077,-30.413189,-13.120003,-106.73063,-39.87807,-36.073746,-27.681232,-7.80786,-35.0686,-64.73189,-19.312336,-38.50451,-104.51816,-22.516397
0.0,0.0,0.0,-14.838109176470592,-19.824030529411765,-23.244095676470522,5.474343088235294,-43.54241479411765,-22.798206058823496,-12.863025911764709,-65.59959788235294,-36.40794194117643,4.148557999999994,-89.83072244117648,-30.040435676470622,-15.997963676470594,-111.14355035294118,-39.131938264705866,-38.1229470882353,-28.902839294117648,-7.205520529411672,-36.73209617647059,-65.4246273235294,-19.448059029411752,-40.970904911764706,-105.81741294117649,-20.658686911764676,0.0011873414,-0.0022131805,7.28511e-05,-11.721178,-20.054594,-21.597845,4.4266725,-43.195984,-22.10748,-10.372537,-64.03906,-34.047874,3.3892505,-86.123276,-30.508627,-12.081158,-105.39385,-40.010075,-35.452442,-27.363396,-7.8016524,-34.492683,-64.52115,-19.209202,-37.675816,-104.1125,-23.10516
0.0,0.0,0.0,-16.021741705882352,-19.852127735294115,-24.138255411764703,6.00724991176471,-43.801008147058816,-23.413581352941264,-14.012435823529405,-66.31399979411765,-37.61783011764709,4.624847617647063,-90.96576491176471,-30.255360323529487,-17.265717499999994,-112.55706788235295,-39.51091005882358,-38.99564532352941,-29.537239558823526,-7.549107205882422,-37.548880441176465,-65.88827594117647,-19.964848205882447,-41.91865114705882,-106.36434129411765,-20.498330529411874,0.00071586703,-0.001435423,0.00017406557,-14.791878,-19.712023,-23.632504,5.878206,-43.40923,-23.228712,-12.993902,-65.446556,-37.080273,4.759666,-89.450325,-30.763721,-15.658337,-110.47546,-40.356373,-37.818207,-28.88314,-8.036168,-36.449474,-65.49024,-20.124279,-40.354816,-105.779854,-21.64904
0.0,0.0,0.0,-16.323891593749998,-19.85109634375,-24.362515406250054,6.190093125000004,-43.86020275,-23.550597156250035,-14.314160218749997,-66.502159375,-37.96259118750004,4.782335468750006,-91.25831028124999,-30.31473062500004,-17.552600687499996,-112.90072300000001,-39.57850834375006,-39.182531437499996,-29.705348125,-7.604764031250056,-37.720855468749996,-66.02446671875,-20.065263718750032,-42.123220687499995,-106.50654078125,-20.462835312500033,0.00073386845,-0.0014161904,0.00017766286,-15.364033,-19.64239,-24.09716,6.325921,-43.38236,-23.519508,-13.363032,-65.71949,-37.845688,5.3069777,-90.08238,-30.959944,-16.085087,-111.519646,-40.63524,-38.21799,-29.276148,-8.179797,-36.6718,-65.76057,-20.462177,-40.63339,-106.2006,-21.579193
0.0,0.0,0.0,-16.60214476470589,-19.857343235294117,-24.554378647058797,6.351239352941171,-43.91628326470588,-23.69748729411765,-14.574224970588244,-66.6809784117647,-38.246657411764716,4.953828058823525,-91.54389194117647,-30.327203352941183,-17.818569352941182,-113.21346314705883,-39.70727097058824,-39.36044761764707,-29.869939411764705,-7.687254058823555,-37.879540441176474,-66.15393988235294,-20.185420294117648,-42.3048700882353,-106.64375438235294,-20.469466382352948,0.00070851506,-0.001377318,0.00017349703,-15.515852,-19.62326,-24.171722,6.3099813,-43.424248,-23.530067,-13.565595,-65.7846,-37.911945,5.210735,-90.23266,-30.884712,-16.419855,-111.69637,-40.54892,-38.347515,-29.281864,-8.161342,-36.845955,-65.749405,-20.440754,-40.900326,-106.185875,-21.432945
0.0,0.0,0.0,-17.271715029411762,-19.83039544117647,-25.112342411764644,6.790625852941176,-44.05371155882353,-24.078541617647033,-15.27767129411765,-67.11109967647059,-39.03241052941172,5.342389764705885,-92.28087044117648,-30.464379705882266,-18.53583414705882,-114.08171552941177,-39.914871205882264,-39.781361,-30.243176000000005,-7.950159382352865,-38.27347455882353,-66.4501088235294,-20.502604882352955,-42.78832564705882,-106.98283694117647,-20.420191235294055,0.0006738461,-0.0013418304,0.00017381825,-15.686771,-19.583479,-24.308786,6.421436,-43.405075,-23.60633,-13.696892,-65.82519,-38.144,5.3338885,-90.373146,-30.952576,-16.589264,-111.93151,-40.669727,-38.47267,-29.362638,-8.211868,-36.93837,-65.78678,-20.558144,-41.020588,-106.24995,-21.467382
0.0,0.0,0.0,-17.445535562499998,-19.825882593750002,-25.25857824999997,6.919038937500005,-44.09467321875,-24.172584374999985,-15.464116156249997,-67.23845175,-39.183650937499976,5.439741312500004,-92.4808359375,-30.476756031249977,-18.724471062499994,-114.301596375,-39.933008156250025,-39.8833818125,-30.331879093749997,-8.01350981249999,-38.37523859375,-66.52625665625,-20.560844499999973,-42.9168835,-107.07301078124999,-20.35964290625003,0.0006609586,-0.0013285022,0.00017245334,-15.786525,-19.556393,-24.391176,6.4815536,-43.399204,-23.639435,-13.7797365,-65.8469,-38.274464,5.3866696,-90.45475,-30.970385,-16.715498,-112.05794,-40.72623,-38.54785,-29.398808,-8.242754,-37.00139,-65.796265,-20.625633,-41.111824,-106.26482,-21.485182
0.0,0.0,0.0,-17.476446588235294,-19.81438167647059,-25.308723999999927,6.984759764705892,-44.100803941176466,-24.19870085294116,-15.49974132352941,-67.27243935294118,-39.255010323529405,5.485244000000002,-92.55331411764705,-30.48940964705878,-18.7866565,-114.38957079411763,-39.948498147058785,-39.90117967647059,-30.351804176470587,-8.051626794117567,-38.392081794117644,-66.54090329411764,-20.614110588235235,-42.956053352941176,-107.09327547058824,-20.342518676470604,0.00065671804,-0.0013276181,0.00017286623,-15.813795,-19.546513,-24.422258,6.523828,-43.38544,-23.660656,-13.784863,-65.84746,-38.338432,5.4470334,-90.473755,-31.00411,-16.707705,-112.10062,-40.780777,-38.563892,-29.423645,-8.26552,-36.998135,-65.81003,-20.670422,-41.099968,-106.28774,-21.5272
0.0,0.0,0.0,-16.32814561764706,-19.690167088235295,-24.622484323529477,6.553979647058824,-43.72701194117647,-23.73877052941168,-14.202391558823528,-66.46316988235294,-38.465080794117625,5.195447470588235,-91.44335314705883,-30.56788282352943,-17.612778147058826,-113.2317185,-39.943737382352936,-39.17980273529412,-29.78505773529412,-7.842355294117624,-37.617179029411766,-66.02818970588235,-20.474165176470592,-42.10647367647059,-106.5379070882353,-20.72927064705874,0.0006501189,-0.0013220808,0.0001691557,-15.867449,-19.533241,-24.488976,6.5635805,-43.411007,-23.648056,-13.839255,-65.88553,-38.39523,5.4532065,-90.556305,-30.9307,-16.838179,-112.195984,-40.7368,-38.620594,-29.430735,-8.306908,-37.057148,-65.80217,-20.709257,-41.204754,-106.26395,-21.495312
0.0,0.0,0.0,-15.923312187499995,-19.6677606875,-24.364522093750054,6.3819097500000055,-43.61934625,-23.626742468750024,-13.763708624999996,-66.21675746875,-38.155269749999945,5.04892803125,-91.08066659375,-30.60337346875002,-17.171726656249998,-112.79280143749999,-39.93256371875003,-38.90686559375,-29.584304906249997,-7.809010625000042,-37.3311205,-65.86660103125,-20.440355343750014,-41.7812223125,-106.36412028125001,-20.86739915625003,0.00068539416,-0.00134685,0.00016717572,-15.571736,-19.651833,-24.207918,6.311916,-43.49909,-23.505571,-13.657859,-65.89202,-37.881218,5.156323,-90.38015,-30.738482,-16.5898,-111.8536,-40.364292,-38.40488,-29.300596,-8.160409,-36.929432,-65.7799,-20.386684,-41.044403,-106.20875,-21.247644
0.0,0.0,0.0,-15.570122235294118,-19.65040944117647,-24.136590205882385,6.199001029411768,-43.52809958823529,-23.488684147058848,-13.379575705882353,-65.9940765,-37.84602079411769,4.9195695000000015,-90.73751035294119,-30.6338536470588,-16.76002485294118,-112.37312170588235,-39.89583529411766,-38.652219352941174,-29.400875088235296,-7.759169470588176,-37.062386000000004,-65.72553708823528,-20.338053794117684,-41.466291088235295,-106.20077320588236,-20.97410111764708,0.0006895759,-0.0013627163,0.00016295064,-15.143511,-19.732311,-23.84134,5.9368434,-43.57337,-23.259277,-13.408236,-65.745445,-37.227913,4.670324,-89.98235,-30.49715,-16.336021,-111.14661,-40.016037,-38.122684,-29.0048,-8.017988,-36.800854,-65.594154,-20.05463,-40.906853,-105.92563,-21.150455
0.0,0.0,0.0,-14.985526562499999,-19.6328965625,-23.674474812500023,5.980464718749992,-43.39318178125,-23.21674737500001,-12.777841593749997,-65.6542621875,-37.251635656250016,4.736473468749999,-90.17857490624999,-30.561350906250027,-16.1049650625,-111.69685368749998,-39.76980893749999,-38.22126834375,-29.12059978125,-7.61597068750001,-36.6227706875,-65.5145269375,-20.106239500000015,-40.9611991875,-105.94049890625001,-21.060961875000032,0.00068331545,-0.0013484141,0.0001617318,-15.356685,-19.6959,-24.019796,6.0865006,-43.56938,-23.348372,-13.561774,-65.83204,-37.505283,4.8345017,-90.2032,-30.543743,-16.545483,-111.50002,-40.11369,-38.2824,-29.12257,-8.080373,-36.910908,-65.66277,-20.186264,-41.057175,-106.03439,-21.137465
0.0,0.0,0.0,-14.76366414705883,-19.633039764705885,-23.53085861764714,5.871902323529412,-43.3481735,-23.13477908823529,-12.557848823529415,-65.51403752941177,-37.05300726470591,4.66334688235294,-89.94397411764707,-30.562902970588198,-15.843064558823531,-111.42451841176471,-39.74251961764713,-38.045626852941176,-29.013108852941173,-7.546687500000019,-36.46154641176471,-65.42679323529411,-20.056195352941188,-40.76009567647059,-105.83918717647057,-21.11087217647065,0.00068577693,-0.0013487836,0.00016251301,-15.383599,-19.695753,-24.03878,6.112692,-43.56469,-23.367937,-13.573547,-65.84855,-37.542786,4.8747993,-90.23393,-30.562235,-16.546219,-111.5566,-40.129475,-38.296215,-29.14952,-8.083508,-36.91116,-65.685425,-20.199383,-41.051895,-106.06769,-21.131191
0.0,0.0,0.0,-14.602560937500002,-19.6406273125,-23.43756290624998,5.807223093749997,-43.32281790625001,-23.065873968750054,-12.395671812499998,-65.418265125,-36.88788306250001,4.610727906249998,-89.7797694375,-30.542184718750036,-15.64988375,-111.20357190624999,-39.71303078125004,-37.918293,-28.931886437499998,-7.513638593749988,-36.347765968750004,-65.36450921875,-20.02018162500002,-40.60777109375,-105.77397156250001,-21.15885165625002,0.0006883299,-0.001355956,0.00016497042,-15.3946905,-19.67312,-24.061302,6.1500154,-43.52615,-23.396551,-13.555834,-65.8111,-37.619076,4.9410634,-90.20132,-30.640944,-16.503302,-111.540565,-40.242672,-38.297577,-29.16277,-8.107724,-36.889263,-65.68118,-20.263823,-41.00839,-106.06835,-21.23363
0.0,0.0,0.0,-14.465101093749997,-19.67867315625,-23.308963750000032,5.701450062500008,-43.348406374999996,-23.03077890625002,-12.283142281249997,-65.39426209375,-36.664006187500036,4.490456218750005,-89.67282031250001,-30.478299156250046,-15.501891593749995,-111.0032050625,-39.59255506249997,-37.773087749999995,-28.858855125,-7.461444906249994,-36.23725940625,-65.3471500625,-19.929327906250023,-40.469732343749996,-105.7346383125,-21.155099812499998,0.0006643797,-0.0013262072,0.00017224114,-15.765448,-19.594183,-24.360533,6.4609838,-43.43611,-23.626982,-13.778661,-65.90567,-38.193897,5.3563905,-90.50062,-30.905657,-16.704134,-112.09802,-40.59913,-38.527756,-29.41024,-8.217505,-36.99199,-65.83266,-20.554213,-41.104637,-106.3035,-21.365541
0.0,0.0,0.0,-14.45073635294117,-19.68323117647059,-23.295886823529372,5.688195147058828,-43.3544425,-23.02025473529403,-12.273421029411764,-65.39922664705882,-36.635341117647044,4.469107970588233,-89.66960935294118,-30.46170582352937,-15.498113264705879,-110.99335444117646,-39.5676242647059,-37.76046517647059,-28.849148205882358,-7.456808705882395,-36.23036876470588,-65.34598385294117,-19.914675676470495,-40.46703502941176,-105.7308359117647,-21.138054499999953,0.0006888674,-0.0013743548,0.00017847521,-15.692277,-19.537195,-24.387512,6.5760384,-43.308628,-23.678131,-13.584367,-65.75231,-38.361435,5.6003633,-90.31013,-31.144413,-16.375559,-111.935875,-40.96764,-38.457047,-29.42976,-8.311679,-36.825756,-65.810295,-20.759415,-40.826878,-106.29438,-21.755482
0.0,0.0,0.0,-14.454819874999998,-19.677912874999997,-23.31310859375003,5.700717875000002,-43.3569109375,-23.01517209375004,-12.270950531250001,-65.40956262499999,-36.643858093750055,4.4755984062500005,-89.69357234374999,-30.43987187500005,-15.519875562499998,-111.02977690624999,-39.55886753125003,-37.7813694375,-28.85168809375,-7.466827500000022,-36.24750578125,-65.34022715625,-19.92343249999999,-40.5006836875,-105.72897446875,-21.113740156250003,0.0006812349,-0.0013461661,0.00016865351,-15.646448,-19.59774,-24.264393,6.362644,-43.42899,-23.562225,-13.696289,-65.82363,-38.043453,5.2383685,-90.34307,-30.881584,-16.61927,-111.85581,-40.572395,-38.449074,-29.320244,-8.183931,-36.948055,-65.75877,-20.49139,-41.04805,-106.19662,-21.402908
0.0,0.0,0.0,-15.29281696875,-19.4652565,-24.301215312500005,6.258684281250005,-43.35571540625,-23.187066187499966,-13.000959250000001,-65.7759151875,-37.88488487500001,4.8644180625,-90.63797375000001,-30.363628468749994,-16.954749624999998,-112.57469228125001,-39.812385718749965,-38.8114081875,-29.19338175,-7.8799333749999505,-37.19112253125,-65.37582109375,-20.50174337499999,-41.83651296875,-105.92801121875,-20.758049156249967,0.00069142436,-0.0013577185,0.0001706037,-15.667559,-19.578722,-24.294098,6.3912764,-43.40863,-23.587648,-13.701746,-65.81008,-38.109577,5.276093,-90.34484,-30.923717,-16.62613,-111.86915,-40.63453,-38.461407,-29.329992,-8.208202,-36.947353,-65.75504,-20.543198,-41.04517,-106.19171,-21.460745
0.0,0.0,0.0,-15.923361794117646,-19.465141852941176,-24.72750141176465,6.482261264705883,-43.437553058823525,-23.392163470588173,-13.627931264705882,-66.02478252941177,-38.45490023529413,5.081170500000006,-91.04264905882351,-30.419131058823552,-17.603115352941174,-113.14086411764706,-40.054947764705844,-39.244546588235295,-29.471021911764705,-7.965540264705851,-37.61263555882353,-65.57071967647059,-20.64864041176469,-42.27568947058823,-106.14528829411765,-20.71150205882344,0.00070305855,-0.0013766108,0.00017579734,-15.700479,-19.555998,-24.356882,6.5149584,-43.34149,-23.663559,-13.641703,-65.78861,-38.28378,5.493507,-90.34124,-31.079346,-16.473928,-111.942795,-40.84264,-38.46058,-29.411499,-8.263303,-36.868034,-65.80873,-20.673332,-40.901176,-106.27824,-21.62642
0.0,0.0,0.0,-16.433339,-19.44396571875,-25.11540318750008,6.679070968749997,-43.4684055625,-23.56229600000006,-14.124098250000003,-66.155364875,-38.97130481250002,5.289627937500001,-91.27506990625,-30.590161312500015,-18.084568906250002,-113.47070134375001,-40.429829625000025,-39.587482281250004,-29.67924046875,-8.077113093750029,-37.937518125000004,-65.69958774999999,-20.827300937500013,-42.584467781250005,-106.29816625,-20.793470312500062,0.0007069716,-0.001382688,0.00017681714,-15.695152,-19.552397,-24.362389,6.5329514,-43.329334,-23.671757,-13.619629,-65.779434,-38.305138,5.528604,-90.32988,-31.104342,-16.43399,-111.93997,-40.879128,-38.45342,-29.420343,-8.273677,-36.847244,-65.81393,-20.695278,-40.867027,-106.28761,-21.662216
0.0,0.0,0.0,-17.32031184375,-19.3284704375,-25.798369374999993,7.174321124999999,-43.4477444375,-23.906295687500005,-14.926515187500002,-66.34898828125,-40.06558318749995,5.8290225625000005,-91.85766749999999,-30.857239781249973,-18.953522281250002,-114.26836325000001,-41.07310768749994,-40.14893046875,-30.06659096875,-8.42825315624998,-38.3892345625,-65.921853875,-21.28538793749999,-43.06374315625,-106.58007256249999,-20.96286965624995,0.00069184764,-0.0013664766,0.00017362507,-15.7626295,-19.521866,-24.411709,6.530398,-43.338165,-23.665472,-13.707822,-65.77644,-38.360394,5.480309,-90.37051,-31.070549,-16.607637,-111.97921,-40.879307,-38.51995,-29.400322,-8.28768,-36.935917,-65.77395,-20.722824,-41.007477,-106.23163,-21.65477
0.0,0.0,0.0,-17.664469875000005,-19.21750753125,-26.11637959374997,7.423767124999998,-43.43757243750001,-24.041283531249974,-15.229999218750006,-66.36609115625001,-40.59075062499994,6.073838093749998,-92.156631125,-31.016193312499922,-19.334050718750007,-114.6549125625,-41.33499899999998,-40.343995375000006,-30.22024909375,-8.568097031249977,-38.5347275,-65.98627871875,-21.523871375,-43.257722031250005,-106.67502278125001,-21.022704968749963,0.0006952182,-0.0013719551,0.00017362808,-15.756254,-19.51468,-24.415543,6.539139,-43.327057,-23.667524,-13.692661,-65.76072,-38.37532,5.496695,-90.35184,-31.087406,-16.587181,-111.960045,-40.909702,-38.514965,-29.398212,-8.297697,-36.924385,-65.76696,-20.74252,-40.989254,-106.222176,-21.690361
0.0,0.0,0.0,-18.009595676470585,-19.070097,-26.437139205882374,7.665374764705888,-43.44209488235294,-24.283025411764754,-15.540515176470588,-66.38484076470588,-41.11584379411772,6.318292205882358,-92.45594102941179,-31.14760705882361,-19.759933676470585,-115.11521132352941,-41.6197831470588,-40.53752161764706,-30.362077882352942,-8.732753088235313,-38.69500132352941,-66.04293988235294,-21.822844470588223,-43.46987076470588,-106.76563614705883,-21.09819200000004,0.00068346737,-0.0013610583,0.00017320669,-15.802416,-19.494772,-24.45415,6.553738,-43.327988,-23.67358,-13.740004,-65.76124,-38.429462,5.494926,-90.38447,-31.081804,-16.673933,-112.0023,-40.929874,-38.556824,-29.397701,-8.314007,-36.969746,-65.75245,-20.774681,-41.058914,-106.204735,-21.700905
0.0,0.0,0.0,-18.910524843750004,-18.50815078125,-27.30693150000002,8.449934374999998,-43.372670625,-24.881633812500013,-16.245967218750003,-66.49697878125,-42.68812734375007,7.0645899999999955,-93.3239336875,-31.617739656250023,-20.941190625000004,-116.53532390625,-42.25645543750011,-40.96072478125,-30.71590334375,-9.265634500000033,-38.967461125,-66.23267234375,-22.735633843750065,-43.954393406250006,-106.9987318125,-21.265565781250075,0.0006678731,-0.0013286165,0.00016580807,-15.707109,-19.567291,-24.299446,6.3063984,-43.462933,-23.533684,-13.819713,-65.82436,-38.04652,5.088799,-90.39026,-30.793736,-16.883244,-111.86761,-40.5015,-38.52644,-29.260027,-8.185214,-37.08321,-65.68624,-20.483599,-41.27241,-106.09465,-21.343367
0.0,0.0,0.0,-19.150162625,-18.357961,-27.511862624999992,8.645367656249995,-43.329386718749994,-25.02762490624997,-16.426596531250002,-66.5505545,-43.06520843749996,7.238242281249995,-93.57097609375,-31.695895031250018,-21.281478156250003,-116.91694956250001,-42.375499624999975,-41.06669434375,-30.79780009375,-9.40747437500005,-39.03233096875,-66.275418,-22.974543562500003,-44.09087290625,-107.05550025000001,-21.272341562500003,0.00062835787,-0.0013002333,0.00016502252,-15.962093,-19.48066,-24.554293,6.5582185,-43.403965,-23.653484,-13.955386,-65.85411,-38.49365,5.396765,-90.58336,-30.932405,-17.055893,-112.22414,-40.798553,-38.709785,-29.401503,-8.323188,-37.17237,-65.74023,-20.763847,-41.380146,-106.18716,-21.533012
0.0,0.0,0.0,-19.388185676470588,-18.167210852941174,-27.75892185294117,8.872879794117651,-43.272051999999995,-25.16336232352944,-16.599559911764707,-66.587017,-43.495264294117646,7.429574205882346,-93.81032847058823,-31.845818970588255,-21.61736105882353,-117.29812338235293,-42.535788088235336,-41.16581088235294,-30.879491941176468,-9.56032061764705,-39.08384329411765,-66.30033929411765,-23.233601352941207,-44.21717155882353,-107.083041,-21.297336205882345,0.0006691528,-0.0013591606,0.00016409355,-15.816293,-19.487585,-24.52301,6.637278,-43.3523,-23.609726,-13.701427,-65.77564,-38.47777,5.5885644,-90.42652,-30.98869,-16.67501,-112.07858,-40.94207,-38.598595,-29.41228,-8.376769,-36.978977,-65.74811,-20.837542,-41.081795,-106.20534,-21.739813
0.0,0.0,0.0,-20.392756593749997,-17.71489559375,-28.286318812499985,9.508257593750002,-43.10361765625,-25.530643406249965,-17.534335749999997,-66.71823859375,-44.64138990624997,8.030963656249995,-94.51367109374999,-32.024286343749964,-22.7421905625,-118.33918303125,-42.84262187499996,-41.634065218749996,-31.1781589375,-9.82504849999998,-39.4535055625,-66.41214403125,-23.828227156250023,-44.70928478125,-107.180352375,-21.295475187500017,0.0005773844,-0.0012778499,0.00014920371,-16.31555,-19.280142,-24.947897,6.8281364,-43.333473,-23.773664,-14.222772,-65.80706,-39.134773,5.624103,-90.81322,-31.0654,-17.565111,-112.590706,-41.22211,-39.02762,-29.452934,-8.583871,-37.433384,-65.65055,-21.22806,-41.773197,-106.10389,-21.882463
0.0,0.0,0.0,-20.7660670625,-17.5895235,-28.464104687500026,9.806341531250006,-43.024551093750006,-25.66157050000004,-17.897195781249998,-66.7085076875,-45.048030906250006,8.367169843750005,-94.6632211875,-32.221677906249965,-23.012156875,-118.58195903125001,-43.13642593750001,-41.799195562499996,-31.32451971875,-9.91925415625002,-39.56829403125,-66.488802375,-24.043315843750065,-44.78272640625,-107.249214,-21.472042156249984,0.00056742993,-0.0012878634,0.0001508409,-16.319836,-19.206444,-25.006376,6.876784,-43.26776,-23.80615,-14.186624,-65.69885,-39.287888,5.696654,-90.7378,-31.1939,-17.537046,-112.51908,-41.46051,-39.0485,-29.422455,-8.669373,-37.427017,-65.582985,-21.394644,-41.758507,-106.042915,-22.134344
0.0,0.0,0.0,-21.230531676470584,-17.455253941176473,-28.692000411764752,10.181339647058834,-42.907122411764696,-25.817318970588303,-18.356688617647052,-66.6632840882353,-45.60813011764708,8.824327617647072,-94.8045535882353,-32.48736832352938,-23.28512773529411,-118.80092967647057,-43.610851352941154,-41.99725994117646,-31.516373382352945,-10.046202676470614,-39.69170891176469,-66.58541132352941,-24.28502779411764,-44.834863264705874,-107.33914052941176,-21.769801294117656,0.0004220583,-0.0011735068,7.640364e-05,-17.82308,-18.64219,-26.31185,8.0558815,-43.162045,-24.622047,-15.515107,-66.11275,-41.598827,6.7277274,-92.37949,-31.64566,-19.433872,-114.720505,-42.196022,-40.05492,-30.033285,-9.440732,-38.192116,-65.85987,-22.70348,-42.927116,-106.39017,-22.414286
0.0,0.0,0.0,-22.077906911764707,-17.258814088235294,-29.11124905882349,10.887949176470592,-42.77266817647059,-26.095392470588195,-19.28606744117647,-66.64077508823529,-46.72376911764701,9.61200805882352,-95.18236402941177,-32.88581211764705,-23.89331711764706,-119.29671055882353,-44.28961458823528,-42.38737441176471,-31.84857967647059,-10.393685764705822,-39.98972179411765,-66.73799488235294,-24.789447588235305,-45.03895070588236,-107.44535344117647,-22.22507238235289,0.00043514537,-0.0011966852,-4.3833836e-05,-19.632019,-18.184168,-27.727438,9.783134,-42.96676,-25.941011,-16.987322,-66.906975,-44.3799,8.592772,-94.52023,-32.493473,-20.921564,-117.568,-42.884815,-40.9813,-31.200476,-10.281081,-38.62781,-66.6919,-24.152714,-43.454952,-107.2874,-22.62906
0.0,0.0,0.0,-22.497976562500007,-17.121070624999998,-29.30448521874996,11.245167312499994,-42.649368749999994,-26.258911000000012,-19.684979031250005,-66.57837815625,-47.223444656250024,10.054000125000002,-95.32832371875,-33.168228968749986,-24.129684187500004,-119.52242378125001,-44.71662328125001,-42.558197687500005,-32.01239546875,-10.536868937500003,-40.08420662500001,-66.783065125,-25.06699075000006,-45.07660800000001,-107.49178459375,-22.521457687500003,0.00047082835,-0.0012476429,-4.7591373e-05,-19.944635,-18.136522,-27.970816,10.162109,-42.916035,-26.25724,-17.216301,-67.11361,-44.915813,9.043098,-94.96225,-32.713566,-21.042982,-118.15093,-42.994415,-41.09118,-31.481564,-10.449041,-38.614895,-66.93004,-24.436947,-43.410423,-107.54588,-22.688997
0.0,0.0,0.0,-22.8768668125,-16.99484753125,-29.42993546874999,11.52662446875,-42.49761890625,-26.440834031250006,-20.04616625,-66.523673125,-47.68656640625005,10.419911624999997,-95.46514725,-33.41001809375001,-24.34733075,-119.722300375,-45.06903759375001,-42.713893875000004,-32.1594535,-10.667184031249974,-40.17218690625,-66.83753259375,-25.33005237499998,-45.118814031250004,-107.529535625,-22.80808459374998,0.00042560822,-0.0012278307,-8.717758e-06,-19.025007,-18.112377,-27.452877,9.451423,-42.80509,-25.62002,-16.287178,-66.34515,-43.98076,8.358671,-93.62465,-32.637466,-20.194613,-116.53914,-43.409065,-40.700096,-30.796816,-10.276869,-38.358025,-66.28968,-24.19969,-43.09141,-106.915016,-23.281265
0.0,0.0,0.0,-23.274591176470587,-16.821746264705883,-29.689160588235325,11.82885705882353,-42.265491911764705,-26.74911676470589,-20.346757029411762,-66.33576005882352,-48.37323720588239,10.864602000000005,-95.49271955882352,-33.973915617647094,-24.446115911764704,-119.83470132352942,-45.77644352941178,-42.86182502941176,-32.3302894117647,-10.897591911764664,-40.21416885294117,-66.85842108823529,-25.800661147058804,-45.072364617647054,-107.55595344117647,-23.415401588235284,0.00040053317,-0.0012419344,-3.079975e-05,-19.40524,-17.787296,-27.86921,9.900955,-42.54969,-26.073338,-16.52479,-66.19997,-45.002674,8.886408,-93.88238,-33.282547,-20.447866,-116.93912,-44.21256,-40.916645,-30.94612,-10.667631,-38.41477,-66.2829,-24.952856,-43.14795,-106.949425,-23.983831
0.0,0.0,0.0,-23.847482323529405,-16.540176970588234,-30.012475499999994,12.32013182352943,-41.80917420588236,-27.320702088235294,-20.70883335294117,-65.94534832352942,-49.59482899999995,11.642235352941185,-95.46376270588236,-35.07593502941177,-24.443983529411756,-119.8810615,-47.21587064705881,-43.03882667647058,-32.63207067647059,-11.310643823529404,-40.19190123529411,-66.8529060882353,-26.71930035294116,-44.87788026470587,-107.52590299999999,-24.712408794117607,0.0005120904,-0.0012903218,-1.882746e-05,-19.705744,-18.284548,-27.795263,10.060679,-42.97185,-26.165236,-16.967207,-67.171265,-44.57289,8.999573,-94.83305,-32.609646,-20.639,-117.9792,-42.80378,-40.91144,-31.477947,-10.355038,-38.431778,-67.00145,-24.239546,-43.144737,-107.630585,-22.585232
0.0,0.0,0.0,-23.887272781250005,-16.5853890625,-29.953472156249973,12.331190937499997,-41.81162034375,-27.374151312499976,-20.783083562500007,-65.981525875,-49.56232643749996,11.672715999999994,-95.4948465625,-35.126223562499945,-24.423517062500004,-119.83644443749999,-47.236432093749954,-43.019214906250006,-32.6653043125,-11.288358624999944,-40.178277031250005,-66.89512756250001,-26.698615062499925,-44.838635375,-107.55305090625001,-24.74765006249993,0.0006364145,-0.001527086,0.00010669354,-19.45324,-17.84987,-27.852192,10.39392,-42.227272,-27.16443,-16.508308,-66.49878,-45.7498,9.716017,-94.33251,-34.520493,-19.531206,-117.39291,-44.600456,-40.53393,-31.497572,-10.914946,-37.77038,-66.91438,-25.466433,-42.089233,-107.67533,-24.507936
0.0,0.0,0.0,-23.759439500000006,-16.66530034375,-29.781582781249995,12.296096937499989,-41.75040796875,-27.421466874999965,-20.648958281250003,-65.9179663125,-49.40862949999996,11.739402749999996,-95.31463618750001,-35.30546187499999,-24.058473750000005,-119.4771614375,-47.414084343750005,-42.85780240625001,-32.6668533125,-11.21133043750001,-40.00115856250001,-66.91377868750001,-26.66218575000005,-44.55513981250001,-107.5555115,-24.99163912499995,0.0004930722,-0.001377142,0.0002849897,-19.67136,-18.670767,-27.61692,10.4126835,-43.202133,-27.241964,-17.136576,-68.14532,-44.70571,9.408861,-96.0319,-32.977436,-19.909903,-118.87223,-41.88258,-40.430016,-32.098095,-10.55876,-37.868145,-67.9342,-24.37941,-42.397255,-108.5543,-22.32175
0.0,0.0,0.0,-23.07258811764706,-17.033760852941175,-29.130880117647052,12.026405764705885,-41.53194535294117,-27.71118779411762,-19.93283038235294,-65.88901920588235,-48.74780902941177,11.798448205882352,-94.71689158823531,-35.9404080882353,-22.45455794117647,-118.27509176470589,-47.75127997058826,-42.221424088235295,-32.664866970588236,-10.97032614705887,-39.28050138235294,-67.0343265882353,-26.42686197058822,-43.421370205882354,-107.66291805882354,-25.67686905882357,0.00042158793,-0.0011282311,-8.985019e-05,-20.204828,-18.439468,-28.025743,9.870506,-43.60804,-25.728127,-17.856667,-67.83561,-44.162468,8.203938,-95.78287,-31.22724,-22.378864,-118.87048,-41.34716,-41.447803,-31.41458,-10.202328,-39.311337,-67.00428,-23.65729,-44.624195,-107.4923,-21.141785
0.0,0.0,0.0,-22.821395906250004,-17.200130031249998,-28.983488999999963,11.910856312499995,-41.50112071875,-27.840424499999983,-19.701820375000004,-65.9663938125,-48.557103218749944,11.772669593749995,-94.6170685,-36.10881328124998,-21.926082093750004,-118.00706596875001,-47.762498843749995,-42.0377394375,-32.67419128125,-10.926057781249938,-39.093526906250005,-67.10385628125,-26.38583290624996,-43.093785593750006,-107.73443459375001,-25.864896781249968,0.0004216952,-0.0011416824,-9.439558e-05,-20.199856,-18.319885,-28.083834,9.933844,-43.465343,-25.814486,-17.772842,-67.64241,-44.403015,8.341435,-95.6211,-31.51405,-22.257849,-118.737366,-41.764378,-41.444176,-31.386791,-10.296322,-39.25016,-66.92101,-23.890175,-44.512154,-107.43031,-21.519146
0.0,0.0,0.0,-22.58755140625,-17.33069540625,-28.810321718750004,11.81303034375,-41.4641265,-27.95526203124996,-19.49187078125,-66.00663453125,-48.39032643749999,11.758709500000002,-94.5054188125,-36.279963437500044,-21.41960690625,-117.79571750000001,-47.770325781249994,-41.87316178125,-32.6754301875,-10.892181375000007,-38.92954159375,-67.15630128125,-26.347042124999973,-42.79042696875,-107.7898776875,-26.085216468749934,0.00042791138,-0.0011631567,-4.439262e-06,-18.800718,-18.553284,-27.076649,8.915165,-43.315674,-25.083805,-16.376923,-66.8236,-42.756638,7.5261636,-93.78177,-31.513853,-20.496584,-116.50481,-41.96167,-40.620316,-30.669079,-9.806538,-38.569187,-66.37822,-23.183956,-43.496964,-106.91192,-21.978264
0.0,0.0,0.0,-22.09550275,-17.5179778125,-28.521788593750045,11.630424718749993,-41.414686125,-28.164270562500008,-19.046477343750002,-66.055726,-48.043165250000015,11.729395562500002,-94.32995890625,-36.56800287500005,-20.479538062500005,-117.49366428125,-47.701757499999985,-41.525118937500004,-32.6606598125,-10.879069437499936,-38.60511125,-67.24652275,-26.30972196875001,-42.24164003125,-107.90515296875,-26.405742875000044,0.00056002045,-0.0012639657,0.00012477061,-16.769754,-19.232227,-25.380884,7.2586246,-43.42044,-23.873865,-14.551571,-66.124535,-39.691154,6.0403094,-91.44276,-30.89289,-18.077227,-113.4813,-41.17349,-39.35046,-29.73572,-8.787552,-37.64201,-65.854416,-21.486752,-42.107864,-106.33745,-21.698786
0.0,0.0,0.0,-21.86018882352941,-17.57982632352941,-28.38816849999995,11.568798264705883,-41.39666311764706,-28.27264329411753,-18.78198776470588,-66.06021164705882,-47.91314967647054,11.738934264705883,-94.24426464705884,-36.708810294117654,-20.02757767647059,-117.3580097647059,-47.66078191176467,-41.356932176470586,-32.65467988235294,-10.881745411764598,-38.414314,-67.28571076470588,-26.340350176470622,-41.96312379411765,-107.97324714705884,-26.521590352941132,0.00052073586,-0.0012355903,0.000121145786,-16.964375,-19.111917,-25.568876,7.3477015,-43.393864,-23.975664,-14.760594,-66.09711,-40.023445,6.0583262,-91.58855,-30.99234,-18.443758,-113.66091,-41.37856,-39.519966,-29.73503,-8.911217,-37.819736,-65.794395,-21.714075,-42.38808,-106.28378,-21.851883
0.0,0.0,0.0,-21.660254312499998,-17.638215531249998,-28.262725781250083,11.517823968750008,-41.392094093749996,-28.32665056250005,-18.549707249999994,-66.06697628124999,-47.79915518750005,11.741170593750006,-94.18978534375,-36.81040950000005,-19.646749406249995,-117.24796362500001,-47.64675034375006,-41.21526284375,-32.652485156249995,-10.873349218750036,-38.253768468749996,-67.32536115624998,-26.36578753125002,-41.738863249999994,-108.028721375,-26.628357843750052,0.00043744998,-0.0011400726,0.00013113052,-16.787954,-19.087564,-25.25044,6.5824533,-43.56028,-23.755438,-15.076963,-65.88028,-39.364697,4.8368926,-91.29019,-30.712154,-19.186632,-112.91482,-40.97847,-39.5652,-29.179678,-8.6767845,-38.296715,-65.32255,-21.316568,-43.172577,-105.717285,-21.623955
0.0,0.0,0.0,-21.502407468750008,-17.681632718750002,-28.155108562500004,11.47152312499999,-41.388694,-28.366455968750017,-18.358865937500006,-66.0714943125,-47.669010031250025,11.738466343749998,-94.14336265624999,-36.88446418749999,-19.347954125000008,-117.15821399999999,-47.59908674999997,-41.10047346875,-32.64921228125,-10.861184093750012,-38.12206265625001,-67.35699328125,-26.37469768750003,-41.562751187500005,-108.06174515625,-26.728142812499982,0.00051647646,-0.001287732,0.00014997409,-16.493698,-18.910006,-25.207775,6.9449754,-43.03643,-24.0485,-14.359385,-65.3401,-39.88271,5.751703,-90.580246,-31.743324,-17.798033,-112.335396,-42.24666,-39.21267,-29.294025,-8.908002,-37.58822,-65.32849,-21.927094,-41.957184,-105.80741,-22.883804
0.0,0.0,0.0,-21.3553403125,-17.72019303125,-28.06049525000003,11.416324062499996,-41.371251531249996,-28.432632375000026,-18.201550125000004,-66.06641934375,-47.590132625000024,11.732560187499999,-94.08408171875001,-36.97544078125003,-19.054776062500004,-117.0692535,-47.57069871875001,-41.013138906250006,-32.64789628125,-10.849221843750058,-38.01703790625,-67.37913103125,-26.362900562500045,-41.4058724375,-108.08321487500001,-26.842144812500067,0.0005084593,-0.0012977909,0.00012729391,-17.127977,-18.653374,-25.833628,7.762982,-42.807495,-24.564266,-14.655358,-65.48972,-41.188454,6.794271,-91.23517,-32.306828,-18.025934,-113.443565,-42.97174,-39.53241,-29.796562,-9.312091,-37.577034,-65.64824,-22.700068,-41.897144,-106.23913,-23.286575
0.0,0.0,0.0,-21.341145117647056,-17.7239975,-28.054597823529377,11.41056176470589,-41.36546902941176,-28.43610508823525,-18.19089120588235,-66.06166473529412,-47.589367176470546,11.731958176470592,-94.07432726470587,-36.986702264705855,-19.027795411764703,-117.05697982352942,-47.578041441176424,-41.01353352941176,-32.64826941176471,-10.850199117647037,-38.016315999999996,-67.37864564705883,-26.363972470588237,-41.39725758823529,-108.0822492647059,-26.857226294117652,0.00045178263,-0.0012448184,8.699224e-05,-17.79053,-18.455862,-26.363766,8.307923,-42.778942,-24.960815,-15.241697,-65.74286,-42.159924,7.304872,-92.01698,-32.51072,-18.761742,-114.46756,-43.202812,-39.929268,-30.135069,-9.610444,-37.85021,-65.86362,-23.205334,-42.29787,-106.490074,-23.315926
0.0,0.0,0.0,-21.333495281250002,-17.724896750000003,-28.050810843750014,11.40828928125,-41.357713968750005,-28.436967874999993,-18.184684906250002,-66.05302953125,-47.594033187499974,11.73545684375,-94.0620625625,-37.00005531249997,-19.00612371875,-117.04351459375,-47.588743031249976,-41.0145108125,-32.64897934375,-10.847793531249977,-38.015222875,-67.37652159375,-26.367626156250026,-41.38832615625,-108.0798884375,-26.87268071874996,0.0005690978,-0.0013620697,0.000175888,-16.038149,-18.943321,-24.91652,6.666978,-42.985497,-23.963097,-13.976076,-65.10881,-39.47531,5.478852,-90.10437,-31.826075,-17.296585,-111.61818,-42.267883,-38.915337,-29.04611,-8.884311,-37.35705,-65.14893,-21.85318,-41.64147,-105.577644,-23.148045
0.0,0.0,0.0,-21.424465281249997,-17.48099909375,-28.09424496874999,11.610009093750001,-40.784440812499994,-28.70210078125001,-17.97567246875,-65.32910553125001,-48.29007443750004,12.356740343750005,-93.2625084375,-38.069623031250046,-18.2275691875,-116.2333164375,-49.186293593750065,-40.986669218749995,-32.71552284375,-11.049371812500056,-37.736474531249996,-67.16147565624999,-26.942034781250015,-40.74951178125,-107.86899728125,-28.37017350000002,0.0007543744,-0.0017412178,0.00026821607,-15.441276,-18.111609,-25.144588,6.762148,-42.15574,-24.698446,-13.326918,-63.836956,-40.826168,5.6249185,-89.03401,-33.668705,-16.619354,-110.16324,-44.652065,-38.638405,-28.334347,-9.99506,-37.00845,-64.23774,-23.764687,-41.28947,-104.676544,-26.102818
0.0,0.0,0.0,-21.622054352941177,-17.470587529411763,-28.137707999999975,11.664627147058837,-40.70993882352941,-28.903155147058783,-18.167980617647057,-65.3408675,-48.526997264705926,12.465922588235294,-93.38045041176471,-38.29939817647056,-18.292141352941176,-116.34310991176469,-49.41524023529411,-41.06723711764706,-32.830786970588235,-11.11907247058815,-37.789391529411766,-67.21547776470588,-27.09852420588237,-40.77365344117647,-107.91945547058825,-28.602047117647032,0.0005892725,-0.0015173773,0.00017007026,-17.095644,-17.914335,-26.205488,8.151529,-42.017197,-25.373737,-14.378208,-64.50707,-42.7726,7.428271,-90.64467,-34.118107,-17.570604,-112.82867,-45.237217,-39.505157,-29.578438,-10.097008,-37.31118,-65.16688,-24.312063,-41.47841,-105.86825,-25.60809
0.0,0.0,0.0,-21.75439734375,-17.29972028125,-28.19009212499992,11.769438125,-40.3572448125,-29.164658562499937,-18.166528875,-64.901745625,-49.045466562499996,12.784576906250003,-92.95823021875,-39.09834003124996,-17.980217187500003,-115.89773131249999,-50.44133571874994,-41.09138575,-32.898848375,-11.264958406250003,-37.7015155,-67.095758125,-27.574467624999954,-40.4847946875,-107.78841565625001,-29.56185440624995,0.00056441873,-0.001510143,0.00011397686,-18.188383,-17.430351,-27.245829,9.443974,-41.6835,-26.335886,-15.081248,-64.75786,-44.973923,8.932089,-91.86526,-35.064297,-18.26639,-114.60375,-46.299404,-40.07637,-30.320837,-10.854584,-37.424587,-65.61658,-25.66014,-41.589138,-106.43712,-26.286453
0.0,0.0,0.0,-22.10884909375,-16.974967,-28.351882875000058,12.008687625000007,-39.66748409375,-29.743289000000004,-18.285932718749997,-64.10440040625001,-50.09281446875002,13.388087281249994,-92.29115303125,-40.63425921875,-17.5463604375,-115.14586278125,-52.444115593749984,-41.18563521875,-33.05339274999999,-11.57331750000003,-37.598127125,-66.86123665625,-28.509047437500044,-40.0502055625,-107.49966015625002,-31.42537581250002,0.00058886444,-0.0015425831,0.00010855826,-18.325354,-17.351196,-27.400858,9.698508,-41.571785,-26.556334,-15.106285,-64.775635,-45.38633,9.28523,-92.01595,-35.351223,-18.198143,-114.86487,-46.582375,-40.109673,-30.482302,-10.990987,-37.337845,-65.72839,-25.932407,-41.44182,-106.58549,-26.505428
0.0,0.0,0.0,-22.215733617647054,-16.94142532352941,-28.40102173529408,12.053493500000002,-39.60355611764706,-29.90065544117647,-18.3944464117647,-64.07386947058824,-50.32020755882354,13.434476147058824,-92.37137826470587,-40.86779608823525,-17.62350808823529,-115.20929444117647,-52.6674446470588,-41.23206414705882,-33.106974470588234,-11.671493588235194,-37.641760382352935,-66.8576010882353,-28.7130396764706,-40.09934655882353,-107.49597729411765,-31.65723555882346,0.000613919,-0.0015521246,8.644664e-05,-18.638958,-17.353418,-27.601912,9.999463,-41.56755,-26.835484,-15.369908,-65.039,-45.792088,9.628851,-92.47227,-35.479275,-18.38651,-115.45062,-46.531345,-40.215515,-30.773745,-11.066523,-37.349754,-65.99432,-26.067888,-41.432495,-106.85601,-26.361773
0.0,0.0,0.0,-22.322794968749996,-16.889934875,-28.46905906249998,12.10844262500001,-39.438793312499996,-30.096665499999972,-18.431465499999995,-63.926626093749995,-50.595521968750006,13.610667437500005,-92.2431858125,-41.27128899999997,-17.493853593749996,-115.08123143750001,-53.1591684375,-41.2620086875,-33.18781209375,-11.781196656250017,-37.604644906249995,-66.82914921874999,-28.96885978124999,-39.9741770625,-107.47465309374999,-32.10935496874998,0.0006853937,-0.0016399903,0.00017310063,-18.938389,-17.5378,-27.680733,10.325259,-41.647114,-27.479965,-15.78102,-65.65802,-46.137196,9.979536,-93.32093,-35.760696,-18.39827,-116.2923,-46.08192,-40.152046,-31.24413,-11.146284,-37.222954,-66.57321,-26.130173,-41.211246,-107.441444,-26.019096
0.0,0.0,0.0,-22.420118941176472,-16.878499647058824,-28.49110052941188,12.130450147058816,-39.39287711764706,-30.23675008823534,-18.53531655882353,-63.92565279411765,-50.74713579411775,13.656983147058824,-92.30547697058824,-41.432225000000074,-17.538611441176474,-115.14514861764707,-53.29841350000004,-41.30226767647059,-33.25282523529412,-11.829907676470611,-37.632033588235295,-66.85880638235295,-29.064954029411865,-39.98994750000001,-107.50726470588236,-32.233763882353,0.0006584149,-0.001606922,0.00015227403,-19.0515,-17.487465,-27.750051,10.319591,-41.671803,-27.465961,-15.939927,-65.65831,-46.210407,9.898693,-93.403854,-35.69865,-18.689894,-116.372894,-46.057083,-40.261124,-31.213476,-11.165135,-37.37123,-66.51879,-26.152266,-41.438347,-107.37191,-25.961254
0.0,0.0,0.0,-22.507663624999996,-16.81605759375,-28.523381249999943,12.169403906250004,-39.27330275,-30.42786403125001,-18.594248812499995,-63.835820874999996,-50.974846843750015,13.744132187500007,-92.29429390625,-41.69684209374998,-17.540561531249992,-115.14063146875,-53.56679624999998,-41.32334515624999,-33.302563593749994,-11.90261178124996,-37.62539109375,-66.841699125,-29.23851584374995,-39.96390737499999,-107.47903459375,-32.49504853124995,0.00062141754,-0.0015692636,0.00010351438,-18.998552,-17.257305,-27.821444,10.200395,-41.555996,-27.263142,-15.852771,-65.24171,-46.317905,9.719655,-93.00704,-35.750256,-18.899408,-115.968895,-46.53705,-40.38356,-30.928677,-11.249125,-37.533215,-66.13019,-26.355621,-41.7088,-106.985344,-26.370296
0.0,0.0,0.0,-22.577101093749995,-16.73118296875,-28.577584281249983,12.237669687500002,-39.09520971875,-30.617575624999972,-18.594205562499994,-63.679546906249996,-51.25798412500001,13.884366093750003,-92.208391875,-42.06264199999998,-17.471648593749997,-115.06477625000001,-53.96595774999997,-41.3304923125,-33.350115406250005,-12.005752593749946,-37.58202490625,-66.792290125,-29.47222815624997,-39.878911187499995,-107.41145178125,-32.87323756249998,0.000570836,-0.0015115914,7.044243e-05,-19.003065,-17.1742,-27.866264,10.102156,-41.5879,-27.04133,-15.873376,-65.101105,-46.25613,9.524951,-92.87762,-35.54076,-19.17969,-115.83352,-46.574776,-40.50112,-30.761126,-11.2510805,-37.71241,-65.920044,-26.346611,-42.012253,-106.75533,-26.378498
0.0,0.0,0.0,-22.779728029411768,-16.724440470588235,-28.690991676470617,12.266689941176473,-39.14433129411765,-30.64732094117653,-18.830343235294123,-63.78115317647058,-51.358209000000045,13.837448941176461,-92.43578732352941,-41.99665026470586,-17.832830176470594,-115.34114470588236,-53.888582117647104,-41.47876026470588,-33.40984341176471,-12.03058032352942,-37.77892938235295,-66.81279344117648,-29.542786500000034,-40.157931205882356,-107.43898405882354,-32.73862238235296,0.0005497632,-0.0014978013,7.753336e-05,-18.91776,-17.149668,-27.828852,10.023761,-41.5812,-26.94465,-15.792515,-64.99673,-46.171246,9.427941,-92.734566,-35.502277,-19.152351,-115.66148,-46.636692,-40.489147,-30.6599,-11.248044,-37.725315,-65.81523,-26.34166,-42.047413,-106.65381,-26.461372
0.0,0.0,0.0,-23.019435093749998,-16.6483979375,-28.868358562499964,12.35535465625,-39.15791603125,-30.472287249999965,-19.057560875,-63.7183048125,-51.50569912499992,13.84273003125,-92.46953225000001,-41.87857537499997,-18.2822926875,-115.45473468750001,-53.97505956249995,-41.7088074375,-33.418287218749995,-12.047915593749906,-38.0364086875,-66.72698925,-29.616445499999998,-40.49777846875,-107.35244715625001,-32.63595581249996,0.0006409462,-0.0015854393,0.00013418998,-19.14929,-17.389387,-27.829823,10.313246,-41.644577,-27.469507,-16.06428,-65.56964,-46.35287,9.832395,-93.403656,-35.73728,-18.948017,-116.37351,-46.1941,-40.37119,-31.151041,-11.211756,-37.510437,-66.41179,-26.25289,-41.65057,-107.261444,-26.0509
0.0,0.0,0.0,-23.192709235294117,-16.551015147058827,-28.966835529411753,12.419536588235289,-39.142216558823534,-30.32883691176471,-19.209594529411763,-63.60114673529412,-51.62281264705882,13.893486823529408,-92.40398747058823,-41.75461626470593,-18.58905373529412,-115.44415952941176,-54.10368541176467,-41.878653,-33.399475,-12.040171029411795,-38.20842652941177,-66.63796879411765,-29.616592441176465,-40.70263152941176,-107.24262802941178,-32.61905717647062,0.000632209,-0.0015893355,9.541532e-05,-18.87651,-17.155195,-27.825068,10.18704,-41.43944,-27.202045,-15.644315,-65.00091,-46.389473,9.763512,-92.72057,-35.89712,-18.718678,-115.69855,-46.89195,-40.34899,-30.819998,-11.312831,-37.45997,-65.975365,-26.511349,-41.609474,-106.8497,-26.713446
0.0,0.0,0.0,-23.32208715625,-16.41197834375,-29.050463593749953,12.484770312500004,-39.123322,-30.160819906249912,-19.3165235,-63.434960437499996,-51.713707874999955,13.941807437500003,-92.2925598125,-41.61867906249995,-18.877551968749998,-115.37425490624999,-54.28335659375,-42.0142751875,-33.341745812499994,-12.021898218749925,-38.34793315625,-66.52189321875001,-29.617364874999964,-40.8751135,-107.11365431249999,-32.597217593749974,0.0006593743,-0.0016925574,0.00014965098,-18.202139,-16.961685,-27.635744,10.051677,-41.10173,-27.030794,-14.739724,-64.28527,-46.33219,9.848584,-91.72008,-36.389336,-17.674597,-114.62725,-47.870045,-39.99977,-30.445517,-11.504189,-36.99924,-65.55441,-26.915539,-40.97598,-106.50426,-27.84946
0.0,0.0,0.0,-23.35086821875,-16.282282031250002,-29.137850749999984,12.549760312499998,-39.069929781249996,-29.9536124375,-19.2967890625,-63.17293159375,-51.781943343750015,14.01902328125,-92.03434468750001,-41.58555221874997,-18.976803468750003,-115.16589596875,-54.54020215625002,-42.0893251875,-33.25630953125,-12.045094562500026,-38.39735790625,-66.37264428125,-29.65231615624998,-40.9185051875,-106.95959259375002,-32.707879093749966,0.0007461965,-0.0017527085,0.00015583885,-18.570156,-17.018515,-27.782146,10.328501,-41.111546,-27.512985,-15.159367,-64.681755,-46.742744,10.141089,-92.35061,-36.644257,-17.900108,-115.31999,-47.66137,-40.062103,-30.814865,-11.545247,-37.000366,-65.94433,-26.996935,-40.93088,-106.89144,-27.577871
0.0,0.0,0.0,-23.381952029411757,-16.165229205882355,-29.240352852941214,12.609284735294118,-39.03210467647059,-29.76242155882352,-19.291436823529406,-62.923329147058816,-51.85138661764711,14.075226764705874,-91.81526720588236,-41.54830747058827,-19.092504941176465,-115.0180055882353,-54.774038852941146,-42.16423673529411,-33.180644,-12.071123882352936,-38.45494826470588,-66.23804155882354,-29.68952661764706,-40.97348164705882,-106.82764576470588,-32.79518935294112,0.0007642469,-0.001789318,0.00015430072,-18.251585,-16.976572,-27.682724,10.252751,-41.006073,-27.333904,-14.712288,-64.4016,-46.600147,10.170759,-91.88807,-36.70923,-17.421438,-114.848366,-47.970493,-39.903915,-30.658972,-11.572422,-36.789288,-65.77166,-27.06842,-40.64135,-106.7331,-27.943169
0.0,0.0,0.0,-23.4137816875,-16.058809187500003,-29.344762781249983,12.65575590625,-39.00413740625,-29.607452312500016,-19.299368781250003,-62.6983468125,-51.94248293750002,14.1260635625,-91.6272165,-41.50580787499996,-19.20577721875,-114.90990146875,-54.978349624999964,-42.2319625,-33.1095714375,-12.109010656250007,-38.5104795,-66.1172090625,-29.72324850000001,-41.026763843750004,-106.71465096875001,-32.874781593750015,0.0007893316,-0.001881416,0.00021077026,-17.737825,-16.824741,-27.55896,10.190482,-40.749565,-27.329584,-14.0720825,-63.922775,-46.64645,10.241256,-91.24108,-37.165745,-16.649654,-114.10049,-48.685673,-39.60859,-30.392262,-11.798401,-36.417877,-65.49189,-27.467741,-40.15645,-106.50525,-28.85476
0.0,0.0,0.0,-23.443690235294117,-15.969827911764707,-29.442170147058846,12.684177235294122,-38.98019111764705,-29.506954470588255,-19.315127823529412,-62.51852982352941,-52.03568579411768,14.164832676470589,-91.48008300000001,-41.474716970588304,-19.309311294117645,-114.83092397058823,-55.162991705882405,-42.29050985294118,-33.0527785,-12.150010970588255,-38.55822055882353,-66.01841267647059,-29.761092264705894,-41.07633611764706,-106.62400873529413,-32.939854352941154,0.00067075936,-0.0016773004,0.00012919282,-18.126791,-17.166752,-27.472075,9.967945,-41.242867,-26.769766,-14.6412,-64.43974,-45.86299,9.817051,-91.67885,-35.990467,-17.4863,-114.61563,-47.42068,-39.925133,-30.513086,-11.257536,-36.932728,-65.680405,-26.477356,-40.83631,-106.6055,-27.376383
0.0,0.0,0.0,-23.46740934375,-15.882202,-29.532431562499937,12.711275999999998,-38.95303553125,-29.418877593749926,-19.3233546875,-62.36989596875,-52.12416265624995,14.207322718750007,-91.353440625,-41.43092431249994,-19.410919749999998,-114.7690185625,-55.329771999999934,-42.341735281249996,-32.99871359375,-12.191196437499912,-38.59882675,-65.9292599375,-29.812061281249953,-41.12208703125,-106.54091659375,-32.995935281249956,0.00073659176,-0.0017520604,0.00016830985,-17.917807,-17.142084,-27.380371,9.881054,-41.152287,-26.921354,-14.466107,-64.33931,-45.86151,9.742303,-91.5274,-36.26876,-17.220486,-114.362854,-47.574543,-39.762928,-30.438335,-11.327057,-36.7742,-65.637665,-26.595797,-40.634533,-106.57401,-27.627985
0.0,0.0,0.0,-23.484094375000005,-15.803583718749998,-29.60318559374997,12.735807374999993,-38.92491278125,-29.345600031249944,-19.326921843750007,-62.246513593749995,-52.19811443749995,14.245186031249993,-91.24186921875,-41.40543846874999,-19.486156593750003,-114.71062903125001,-55.47601315624996,-42.381010218750006,-32.95157928125,-12.224783999999943,-38.62536353125,-65.85322478125,-29.851280156249913,-41.15210756250001,-106.47245978125001,-33.04425812499994,0.00079006364,-0.001913705,0.00023961962,-17.305552,-16.812986,-27.313211,9.723912,-40.797413,-27.03936,-13.849525,-63.64138,-46.125137,9.569919,-90.729256,-36.976852,-16.643122,-113.30361,-48.6235,-39.471577,-29.924664,-11.788642,-36.5023,-65.08643,-27.349905,-40.390907,-106.04193,-29.04514
0.0,0.0,0.0,-23.497357205882356,-15.725389,-29.680036647058785,12.76617038235294,-38.89868411764706,-29.262847029411773,-19.32476741176471,-62.12691105882353,-52.282082970588135,14.281512382352943,-91.130955,-41.385609411764676,-19.556959205882354,-114.65856597058823,-55.62020694117638,-42.417499088235296,-32.90425288235294,-12.264236529411733,-38.650105,-65.77857426470588,-29.906026499999996,-41.1809905,-106.40314129411766,-33.09757099999996,0.00049321435,-0.0013741181,9.281812e-06,-19.271326,-17.480448,-27.869907,10.110244,-41.972046,-26.615332,-16.16114,-65.59619,-45.748867,9.461699,-93.293274,-34.616936,-19.594553,-116.401184,-45.636574,-40.696674,-30.97563,-10.907579,-37.96244,-66.19017,-25.666145,-42.344147,-106.98322,-25.291687
0.0,0.0,0.0,-23.505216406250003,-15.65386665625,-29.74626253125001,12.799433781249995,-38.871713937500004,-29.173836656250046,-19.30999146875,-62.014694375000005,-52.353166531250054,14.317621093749999,-91.03003884374999,-41.363894437499994,-19.611384218750004,-114.61266984375001,-55.746845218750025,-42.446660937500006,-32.86242025,-12.299964781249969,-38.664977750000006,-65.70977240625001,-29.95762640625003,-41.2010164375,-106.33960353124999,-33.14914599999997,0.0005489271,-0.0014402141,1.6744201e-05,-19.457848,-17.377764,-28.033758,10.360516,-41.83658,-26.955816,-16.295208,-65.627785,-46.249374,9.775377,-93.50716,-35.017826,-19.624065,-116.684105,-45.935318,-40.73634,-31.14064,-11.071151,-37.908363,-66.30778,-25.9922,-42.24486,-107.123344,-25.547123
0.0,0.0,0.0,-23.507492176470585,-15.589133529411765,-29.79920852941183,12.826150794117652,-38.84680747058823,-29.099082529411817,-19.297175705882346,-61.91429626470588,-52.41963108823535,14.345081941176481,-90.93775641176471,-41.358244941176565,-19.649177470588228,-114.56929455882351,-55.855981235294166,-42.46923888235293,-32.82277411764706,-12.332194647058884,-38.67621064705882,-65.64871423529412,-29.999644470588294,-41.214157117647055,-106.28458002941176,-33.19498311764704,0.0005570189,-0.0014363748,2.3619203e-05,-19.362621,-17.550648,-27.901947,10.316699,-41.92875,-26.880877,-16.191017,-65.79371,-45.942177,9.787212,-93.526955,-34.830044,-19.37092,-116.700325,-45.6014,-40.617256,-31.22606,-10.928244,-37.78096,-66.45959,-25.722836,-42.034763,-107.25806,-25.250372
0.0,0.0,0.0,-23.505202843750006,-15.523583499999999,-29.84756468750004,12.852876624999993,-38.8198019375,-29.026738249999994,-19.279281062500004,-61.81044240625,-52.47922228125003,14.373841624999997,-90.84116043750001,-41.35881425000002,-19.675801312500003,-114.52116528125,-55.964901812500045,-42.488275031250005,-32.7825400625,-12.362211250000087,-38.682745656250006,-65.586747,-30.0389680937501,-41.22000671875001,-106.22838096875,-33.24463559375005,0.00065486773,-0.0015774219,0.00010339459,-18.639477,-17.646086,-27.507498,10.078674,-41.77325,-26.821316,-15.374268,-65.49305,-45.46935,9.758048,-92.82058,-35.13057,-18.174458,-115.83003,-45.85779,-40.09979,-31.035273,-10.911584,-37.20299,-66.36825,-25.698868,-41.200436,-107.20529,-25.753746
0.0,0.0,0.0,-23.500877875,-15.464171906250002,-29.887304468750017,12.872983999999995,-38.79209040625,-28.96648987499998,-19.26076125,-61.71850409375,-52.52837093749997,14.398798499999991,-90.75248593750001,-41.36307725,-19.6907315625,-114.47524093749999,-56.06213390624998,-42.50260478125,-32.74607615625,-12.387009750000061,-38.685414625,-65.531526875,-30.07454303124996,-41.220146625000005,-106.17815715625,-33.291045343750056,0.00065994216,-0.0015795651,0.0001063189,-19.009455,-17.607391,-27.717735,10.321101,-41.782578,-27.141926,-15.788614,-65.729576,-45.9156,9.958769,-93.32057,-35.288437,-18.572407,-116.39579,-45.824966,-40.267292,-31.256212,-11.015297,-37.34367,-66.56351,-25.87719,-41.387924,-107.40318,-25.65973
0.0,0.0,0.0,-24.19881664705882,-15.413768499999998,-30.32643126470589,13.102983529411759,-39.14094105882353,-29.002490794117648,-20.035620323529407,-62.33716076470588,-52.97867891176469,14.321283470588241,-91.98123764705882,-40.673390088235294,-21.06693788235294,-116.11544882352942,-55.23340738235288,-42.96038135294117,-32.98952829411765,-12.544931705882334,-39.212056294117644,-65.77139144117648,-30.04978758823529,-42.19173761764706,-106.4702241764706,-32.28160982352938,0.00041705402,-0.0011797693,4.400068e-05,-21.737772,-17.850645,-28.830872,10.957977,-43.116734,-27.898592,-19.708578,-68.26202,-46.804447,9.204691,-97.57585,-33.24107,-23.773834,-120.613075,-42.217785,-41.943108,-32.213894,-10.995004,-39.666107,-67.62137,-25.193695,-44.96886,-108.07419,-21.971193
0.0,0.0,0.0,-24.44284240625,-15.3594561875,-30.552079281249974,13.229066750000001,-39.07346821875,-29.11008449999997,-20.165980656250003,-62.3335229375,-53.30914309374998,14.51565153125,-92.0577353125,-40.81688118749992,-21.1785309375,-116.39323765625001,-55.404417968749954,-43.068038875,-33.108616125,-12.675874781249945,-39.248951312500004,-65.83412840625,-30.23648365624996,-42.194425281250005,-106.54688625,-32.34089465624993,0.00035793622,-0.0010813309,-1.2929642e-05,-22.439526,-17.730722,-29.165031,11.030747,-43.353283,-28.107826,-20.787682,-68.68268,-47.186012,8.813044,-98.52954,-32.865337,-25.411991,-121.48479,-41.5243,-42.434586,-32.27425,-11.08541,-40.385437,-67.66711,-25.182055,-46.103413,-107.99301,-21.241375
0.0,0.0,0.0,-24.580881312500004,-15.293711656249998,-30.715074312500008,13.29706437499999,-39.03449221875,-29.180449406249977,-20.24734837500001,-62.306669812500004,-53.5360888125,14.60550503124999,-92.10494006249999,-40.86435690624995,-21.306585562500004,-116.58396368749999,-55.52431946874998,-43.149024062500004,-33.1545194375,-12.779702093750018,-39.297668625,-65.839609125,-30.37373146875001,-42.252427187500004,-106.56485746875,-32.37483103125004,0.00033368854,-0.0010859197,2.9954743e-05,-22.27959,-17.576279,-29.124195,10.944875,-43.137463,-28.28626,-20.637981,-68.37209,-47.380302,8.757829,-98.21816,-33.370068,-25.222874,-121.10232,-42.047974,-42.34057,-32.12571,-11.202311,-40.28753,-67.49033,-25.4628,-45.96087,-107.853424,-21.771175
0.0,0.0,0.0,-24.8318796875,-15.10432009375,-31.015956968750004,13.466002781250005,-38.8810805625,-29.294087375000004,-20.352363874999998,-62.1581221875,-54.05390265624999,14.874660937500003,-92.10572159374999,-41.088749968749994,-21.464045281249994,-116.87105693749999,-55.92195400000003,-43.283540906249996,-33.23225715625,-13.009493843750022,-39.336645812499995,-65.80786434375,-30.735124593750015,-42.2902933125,-106.54129165625,-32.64911090625003,0.0004482273,-0.0013351409,0.00015076609,-20.79642,-17.08763,-28.62192,10.573219,-42.03707,-28.426805,-18.617067,-66.55603,-47.61803,9.0985,-95.72419,-35.536903,-22.497318,-118.536804,-45.017117,-41.444782,-31.423866,-11.541932,-39.05712,-66.658325,-26.526495,-44.07808,-107.35338,-24.714952
0.0,0.0,0.0,-24.987139941176473,-15.028903764705884,-31.150389764705835,13.565892499999997,-38.823001352941176,-29.38674667647058,-20.44006129411765,-62.14055026470589,-54.30824547058825,14.974124235294113,-92.2033642647059,-41.209146058823535,-21.606911470588237,-117.08519888235296,-56.05691176470583,-43.35915864705883,-33.30067,-13.113397117647025,-39.37142473529412,-65.80780138235295,-30.910516117646978,-42.35559435294118,-106.55233261764707,-32.71973558823527,0.0004659147,-0.0013694366,0.00013128697,-20.57978,-16.99057,-28.584005,10.522144,-41.889267,-28.275038,-18.247913,-66.204544,-47.617493,9.172637,-95.23662,-35.711414,-22.103355,-118.08399,-45.53335,-41.36901,-31.270958,-11.577934,-38.917477,-66.447975,-26.677322,-43.8578,-107.18534,-25.202938
0.0,0.0,0.0,-25.156189562500003,-14.981471874999999,-31.28677846875007,13.656074687499995,-38.7808876875,-29.537320093750054,-20.548720000000003,-62.167570999999995,-54.5678768125,15.090415874999998,-92.349462375,-41.29352968750004,-21.748395531250004,-117.36436428125,-56.153397593750014,-43.4369845,-33.395327406250004,-13.21829221874998,-39.4079435625,-65.8534663125,-31.06908418750004,-42.412817718750006,-106.5993773125,-32.75745009374998,0.0004592373,-0.0013499144,8.940442e-05,-20.6218,-17.023115,-28.637016,10.53671,-41.986015,-28.051895,-18.237543,-66.24352,-47.50984,9.170194,-95.24543,-35.398994,-22.21873,-118.155174,-45.410366,-41.45638,-31.264444,-11.531761,-39.005116,-66.42293,-26.570076,-43.997375,-107.14602,-25.04428
0.0,0.0,0.0,-24.422054499999998,-15.02421878125,-30.838509562500008,13.563631437500007,-38.593499875,-29.170878406249983,-19.7051939375,-61.73982865625,-53.970639218749966,15.303337781250008,-91.3579395,-41.33478171875004,-20.511115281249996,-116.08888700000001,-56.491232000000025,-42.889162093749995,-33.116794625,-12.990225718750025,-38.78393971875,-65.64603053125,-30.919556718750016,-41.47079925,-106.33389075000001,-33.25687028125003,0.00037280694,-0.0012167303,5.5366727e-06,-20.694855,-17.13429,-28.637531,10.331525,-42.261246,-27.468458,-18.328573,-66.28997,-47.0195,8.835738,-95.15991,-34.616688,-22.645395,-118.1246,-45.01275,-41.680084,-31.13119,-11.292876,-39.349663,-66.2757,-26.124756,-44.506496,-106.96673,-24.536535
0.0,0.0,0.0,-23.27814064705883,-15.11630011764706,-30.146665617647102,13.250744088235287,-38.54398129411765,-28.773045147058838,-18.616341441176473,-61.401855852941175,-52.976471882352996,15.028055352941166,-90.4700821764706,-41.22960426470593,-19.303464941176472,-114.67386464705883,-56.342428647058966,-42.19524555882354,-32.63525644117647,-12.707920647058813,-38.0986100882353,-65.35614020588235,-30.48071558823534,-40.65129164705883,-105.9988603529412,-33.38356194117648,0.00040209873,-0.0012789898,1.7588583e-05,-20.233181,-17.084957,-28.472906,10.253872,-42.0522,-27.34051,-17.658693,-65.88387,-46.88906,8.983367,-94.483986,-34.915386,-21.778234,-117.45158,-45.582096,-41.40318,-30.969507,-11.336693,-38.957726,-66.09401,-26.279095,-43.922916,-106.84019,-25.162916
0.0,0.0,0.0,-21.984785937500003,-15.270707093750001,-29.45015156249997,12.823874499999995,-38.52618546875,-28.470632625000007,-17.320501312500006,-61.14201059375,-51.86965946875,14.650084437499999,-89.58239218749999,-41.136225749999994,-17.890450906250003,-113.30925231249999,-56.04446234375001,-41.443319125,-32.170506312499995,-12.436053312500007,-37.3720695625,-65.0860051875,-30.13663571874997,-39.769493593750006,-105.69576065624999,-33.548406687500005,0.00046289442,-0.0013384076,-4.277699e-06,-19.968914,-17.189188,-28.349016,10.31912,-42.00812,-27.120049,-17.15267,-65.802414,-46.641205,9.28997,-94.1508,-34.82792,-21.045074,-117.21461,-45.659164,-41.19757,-31.028076,-11.24748,-38.6047,-66.152916,-26.165264,-43.364586,-106.912056,-25.252321
0.0,0.0,0.0,-18.0371420625,-16.39400825,-27.78906437500001,11.130547031249996,-39.0599773125,-28.046030062499995,-13.06796125,-61.67653825,-48.553870125,12.650889093750003,-88.382113625,-40.54766268749995,-14.243350281249999,-111.3787673125,-53.75251290624999,-39.2429285625,-31.17759975,-11.867585156250016,-35.24381175,-64.89754815625,-29.138984624999978,-37.832180625,-105.49818396875,-33.044976156250016,0.00058228406,-0.0016261683,0.00016382239,-18.343454,-16.760588,-27.829323,9.859317,-41.16811,-27.221998,-15.242659,-64.2864,-46.620094,9.211649,-92.01987,-36.41763,-18.712402,-114.7201,-47.814873,-40.23259,-30.167473,-11.7703495,-37.48673,-65.27353,-27.207838,-41.882263,-106.16989,-27.90272
0.0,0.0,0.0,-16.993188352941182,-16.662512470588233,-27.016187676470622,10.374609794117639,-39.254428235294114,-27.653332823529468,-11.91762779411765,-61.62182785294118,-47.10758876470595,11.848507794117637,-87.82844882352941,-40.045445970588275,-13.16392514705883,-110.53134335294115,-52.8133866764706,-38.66085950000001,-30.767113382352942,-11.360497735294189,-34.70672620588236,-64.71804911764707,-28.475224117647144,-37.28944682352942,-105.28984976470588,-32.68671370588237,0.0006430441,-0.0017239808,0.00018047834,-18.003204,-16.745705,-27.712431,9.929466,-40.989616,-27.143635,-14.673521,-64.02053,-46.57276,9.529767,-91.54787,-36.655376,-17.882753,-114.28579,-48.250645,-39.97996,-30.13369,-11.819649,-37.082344,-65.222435,-27.353144,-41.26292,-106.15479,-28.41486
0.0,0.0,0.0,-16.034935750000002,-17.00288278125,-26.15334021875003,9.496209999999998,-39.519887187500004,-27.01867371875005,-11.0169164375,-61.46517434375,-45.39343246875006,10.88294615625,-87.04028140625002,-39.32745256250007,-12.242458312500005,-109.30780846875,-51.81937587500005,-38.167763031250004,-30.27339628125,-10.751914000000056,-34.34345509375,-64.4812018125,-27.520934062500032,-36.86006515625,-104.93445453125,-32.281219343750024,0.00071052904,-0.0018332055,0.00020071027,-17.69577,-16.698593,-27.634508,10.029575,-40.79186,-27.165411,-14.159848,-63.76422,-46.642788,9.858711,-91.13887,-36.99395,-17.106333,-113.895775,-48.746315,-39.737507,-30.108875,-11.930138,-36.6888,-65.1787,-27.59499,-40.668114,-106.15021,-29.006216
0.0,0.0,0.0,-14.553769352941167,-17.53935744117647,-24.64349897058821,8.043705264705892,-39.978786294117654,-25.724571617647086,-9.955962941176466,-61.11482417647059,-42.415004941176505,9.140331558823533,-85.61015220588236,-37.912326558823565,-11.119423205882349,-107.02875494117647,-50.02662394117641,-37.33353652941176,-29.288119088235298,-9.718154911764714,-33.91846020588235,-63.9646175,-25.829098000000045,-36.33494858823529,-104.12566838235294,-31.459897088235323,0.0007986885,-0.001994525,0.00031653093,-16.725088,-16.635702,-27.105776,9.036996,-40.782032,-26.978804,-13.728352,-63.189533,-45.787407,8.43313,-90.116425,-37.110847,-16.950647,-112.1625,-48.838203,-39.32574,-29.141823,-12.064131,-36.754017,-64.390594,-27.607382,-41.0055,-105.27182,-29.733492
0.0,0.0,0.0,-13.953277499999995,-17.77769115625,-23.959129374999975,7.430167000000004,-40.213122,-25.12406628125001,-9.668434656249993,-61.00446971875,-41.10889625000004,8.37265487500001,-85.00147181249999,-37.147348312500014,-10.711410124999993,-105.93577240625,-49.12063406250002,-36.938295999999994,-28.84110665625,-9.217114437500072,-33.792012406249995,-63.759704250000006,-24.967853437500025,-36.12250571874999,-103.763912875,-30.994322750000038,0.00054593396,-0.0017052792,0.0004455368,-17.179,-16.197851,-27.182697,7.503372,-41.22018,-27.512863,-15.98545,-63.256428,-45.706936,5.1243634,-90.876595,-36.978138,-20.970608,-111.85635,-47.859543,-40.108936,-27.866758,-12.369191,-38.864014,-63.31572,-27.663954,-44.594444,-104.00938,-29.11861
0.0,0.0,0.0,-13.548530735294115,-17.94655879411765,-23.45834808823531,6.875797264705881,-40.35854064705882,-24.731290999999942,-9.617350117647053,-60.92339141176471,-40.11352167647061,7.632398941176476,-84.50929364705883,-36.659026176470604,-10.595132499999998,-105.03947947058823,-48.429199264705915,-36.63124179411764,-28.4758445,-8.828854676470542,-33.755305323529406,-63.62282347058823,-24.247606088235273,-36.035290999999994,-103.48262029411764,-30.509273705882322,0.0005156547,-0.0016198197,0.00034168753,-17.703709,-16.428194,-27.42103,8.297215,-41.24738,-27.37268,-15.861817,-63.68229,-45.97853,6.507503,-91.35051,-36.678707,-20.3491,-112.97471,-47.722584,-40.234028,-28.709198,-12.069692,-38.487022,-64.02977,-27.378757,-43.770298,-104.79318,-28.487106
0.0,0.0,0.0,-12.562461823529414,-18.387031794117647,-22.40042826470585,5.770501794117649,-40.92233167647059,-23.811888735294076,-9.508169117647057,-61.05828838235295,-37.89538658823528,5.98272355882353,-83.7675430882353,-35.23843282352942,-10.574491705882355,-103.31261255882353,-46.61648202941177,-35.85346367647059,-27.66872673529412,-8.198023970588224,-33.681693911764704,-63.41052505882353,-22.648106352941227,-36.04164138235294,-102.87866655882354,-29.294676764705912,0.0009810074,-0.0020216478,0.00024032978,-15.759746,-17.820446,-25.891607,8.231094,-41.580418,-25.431007,-12.679464,-63.843266,-42.6704,7.906695,-89.43234,-34.863113,-15.332129,-111.32701,-46.226044,-38.568752,-29.237902,-10.663791,-36.091766,-64.88513,-25.076757,-39.850254,-105.532425,-27.327467
0.0,0.0,0.0,-12.346818187499998,-18.51051853125,-22.19581599999998,5.511341937499999,-41.07359609375,-23.606044750000024,-9.51065228125,-61.11472062499999,-37.37136456249999,5.5932519375,-83.61054862499999,-34.882970687500006,-10.599470531249999,-102.91229581249999,-46.17199987499998,-35.664319250000005,-27.494974,-8.060378062499979,-33.67198546875,-63.379767937500006,-22.24587812499999,-36.042939062500004,-102.755842625,-28.960493999999983,0.0011801526,-0.002200299,0.0002496178,-14.364454,-18.457247,-24.772774,7.190997,-42.063595,-24.346302,-11.608926,-63.845776,-40.195473,6.7044225,-88.36702,-33.465763,-14.108208,-109.54886,-44.537224,-37.683636,-28.600176,-10.0614805,-35.55843,-64.63184,-23.665867,-39.196705,-104.98216,-26.440084
0.0,0.0,0.0,-12.196410852941181,-18.62814311764706,-21.98422164705886,5.259519294117638,-41.2198300882353,-23.463931911764746,-9.60513691176471,-61.19982152941177,-36.920301558823496,5.186369323529405,-83.53643297058825,-34.59663582352948,-10.755902264705885,-102.66605394117647,-45.702039852941255,-35.52142555882354,-27.367533970588237,-7.880690735294195,-33.72518538235295,-63.372761970588236,-21.856056676470644,-36.139611529411766,-102.69015655882353,-28.533478823529435,0.0010728444,-0.002230841,0.00035409263,-14.926406,-17.443724,-25.558928,7.142416,-41.47704,-25.5747,-12.709243,-63.04875,-42.337543,6.036776,-88.51035,-35.360622,-15.983252,-109.40724,-46.699627,-38.34874,-27.943966,-11.210966,-36.55996,-63.716213,-25.682096,-40.89945,-104.20119,-28.6809
0.0,0.0,0.0,-11.81613805882353,-18.844071676470588,-21.570766735294114,4.877886735294112,-41.484175117647055,-23.054391323529387,-9.620260588235293,-61.318622294117645,-36.09276720588235,4.592719823529414,-83.28724023529414,-33.98882435294121,-10.754419529411766,-102.00228338235294,-44.94369511764705,-35.21278467647059,-27.093320470588235,-7.657763470588293,-33.71621420588235,-63.31779397058824,-21.219301147058786,-36.121185205882355,-102.48161920588235,-27.971061235294087,0.0010867224,-0.0023011959,0.00039733938,-14.39775,-17.132343,-25.036036,5.3243785,-41.702946,-25.62279,-13.780416,-62.464664,-41.45878,2.7870991,-87.939735,-35.367966,-18.215794,-107.53669,-46.27699,-38.447426,-26.260693,-11.50194,-37.931274,-62.295383,-25.711216,-43.363865,-102.549736,-29.116634
0.0,0.0,0.0,-11.721583406250005,-18.8690316875,-21.491529500000013,4.816631874999999,-41.49195778125,-23.028347031250007,-9.573565031250006,-61.293153562499995,-35.95992478124998,4.537414249999998,-83.17471234375,-33.89442353125003,-10.662267656250002,-101.78875487500001,-44.8649558125,-35.129778375,-27.0413311875,-7.636358374999986,-33.663983375,-63.298691000000005,-21.133165437499997,-36.033831937500004,-102.41317365625001,-27.96881484375001,0.0010952927,-0.002322212,0.00042753568,-14.579052,-17.18657,-25.371119,6.293573,-41.510098,-25.747103,-13.167118,-62.682137,-42.11915,4.4467206,-88.2217,-35.56744,-17.053085,-108.403496,-46.68867,-38.36504,-27.032701,-11.572272,-37.196453,-62.92385,-26.005953,-42.11951,-103.297844,-29.246155
0.0,0.0,0.0,-11.660183382352944,-18.88687105882353,-21.45256147058825,4.762857147058817,-41.495586970588235,-22.99963567647069,-9.55235985294118,-61.273515735294126,-35.87791014705891,4.480609617647055,-83.0828870882353,-33.849052970588275,-10.603790117647058,-101.63303144117647,-44.8170642941177,-35.067753205882354,-27.000828617647056,-7.61893329411771,-33.62900267647059,-63.285736088235296,-21.068810000000042,-35.97197076470589,-102.35929991176471,-27.977652205882407,0.00084048277,-0.0020248257,0.00027502142,-16.617788,-16.812494,-26.994934,9.232401,-40.758938,-26.73461,-13.2793865,-63.212795,-45.548717,8.985982,-89.89147,-36.95678,-16.134243,-112.1503,-48.844067,-39.157887,-29.390863,-11.845611,-36.358055,-64.62308,-27.349691,-40.294662,-105.52353,-29.626835
0.0,0.0,0.0,-11.567109062500002,-18.91784303125,-21.391746687500017,4.68023471875,-41.5102965625,-22.922146062499962,-9.52903228125,-61.246880125000004,-35.745686750000004,4.379220281249999,-82.94593990625,-33.80453593750002,-10.5099909375,-101.39071556249999,-44.73524021874999,-34.9695169375,-26.942307406250002,-7.58880159375002,-33.575547375,-63.26632790625,-20.97515596874996,-35.874161,-102.28024568749998,-27.977193,0.0011612744,-0.0024043033,0.00043553102,-14.811501,-16.74661,-25.642323,6.098324,-41.27077,-26.36309,-13.793295,-62.348362,-42.976707,3.850743,-88.29187,-36.46721,-18.111525,-108.273346,-47.55315,-38.628696,-26.674585,-12.025294,-37.725117,-62.50023,-26.791182,-43.037426,-102.91145,-30.107723
0.0,0.0,0.0,-11.528493323529403,-18.92865005882353,-21.365903029411697,4.645391823529415,-41.51655261764705,-22.888323588235266,-9.5107743235294,-61.23560852941176,-35.690329264705895,4.3458804117647105,-82.89383452941175,-33.78236402941184,-10.467376529411759,-101.28600391176471,-44.70892426470584,-34.92790111764705,-26.918054029411767,-7.578746999999964,-33.5526169117647,-63.2579135882353,-20.940561617647063,-35.83291726470588,-102.24811702941176,-27.976446676470573,0.0012025187,-0.00236922,0.0003493727,-13.925278,-17.941978,-24.7011,6.509399,-41.797585,-24.832682,-11.877812,-63.133553,-40.54311,5.3849397,-87.839966,-34.348415,-14.890627,-108.275566,-45.330566,-37.617832,-27.602392,-10.759833,-36.013744,-63.67436,-24.623629,-40.162716,-103.93423,-27.918165
0.0,0.0,0.0,-11.495201874999992,-18.9384761875,-21.340166062499975,4.614103718750002,-41.5203139375,-22.858825718749927,-9.495278999999993,-61.22626284375,-35.64137003124995,4.317739593750005,-82.84889046875,-33.7581463125,-10.430891312499995,-101.19693721875,-44.68041712499996,-34.89311709374999,-26.897164281250003,-7.5691022500000145,-33.53162334374999,-63.24949590625,-20.90893371874995,-35.797600812499994,-102.22061340625,-27.975756656249985,0.0011890163,-0.0020985252,0.00027846094,-14.105616,-19.117134,-24.220032,6.914566,-42.51934,-23.982197,-11.434315,-64.5771,-38.85833,6.5121856,-88.61675,-32.51743,-13.560169,-109.79764,-42.889347,-37.292683,-28.933819,-9.353677,-35.211292,-65.25933,-22.340143,-38.62368,-105.54997,-24.74311
0.0,0.0,0.0,-11.469101970588234,-18.94695505882353,-21.315576823529398,4.590441735294114,-41.52070597058824,-22.84551091176479,-9.488736735294118,-61.21742091176471,-35.60305144117643,4.291565294117646,-82.80996773529411,-33.741500735294096,-10.407095058823536,-101.12514147058823,-44.65871279411766,-34.862953205882356,-26.882240000000003,-7.553217970588264,-33.516421323529414,-63.243166941176476,-20.88384361764713,-35.771466705882354,-102.19723502941177,-27.976456294117725,0.0010310061,-0.0019778865,0.00023088903,-15.407747,-18.361528,-25.382227,7.8975596,-41.908978,-24.904774,-12.306708,-64.217384,-41.402527,7.7051816,-89.24274,-34.02487,-14.656044,-111.10994,-45.091152,-38.24192,-29.36777,-10.038013,-35.794468,-65.19974,-23.97732,-39.323566,-105.770676,-26.213795
0.0,0.0,0.0,-11.432175593749996,-18.95750540625,-21.268783562500005,4.549215750000009,-41.514362500000004,-22.822003343749998,-9.499925781249996,-61.19357278125,-35.533876406250045,4.240807625000009,-82.7354775,-33.70829193750001,-10.378493999999996,-100.99957509375,-44.614915812500044,-34.81733359374999,-26.85382296875,-7.51110918750004,-33.497726781249995,-63.226553499999994,-20.815026218750006,-35.729616281249996,-102.15146787500001,-27.95474525000003,0.0011289725,-0.0022290319,0.0002551329,-15.386745,-17.728073,-25.883463,8.461202,-41.3453,-25.514511,-12.048826,-63.587944,-42.8992,8.369061,-89.065155,-35.25416,-14.458391,-110.96397,-46.79155,-38.26257,-29.227852,-10.92701,-35.581276,-64.84779,-25.513845,-39.145428,-105.50192,-28.10183
0.0,0.0,0.0,-11.413085533333327,-18.9627607,-21.255466700000113,4.5349509666666705,-41.51512783333333,-22.82148336666677,-9.491008799999996,-61.18963863333334,-35.50742500000007,4.225014999999999,-82.70959613333333,-33.69784033333343,-10.359570400000003,-100.95461573333331,-44.599983800000075,-34.79666043333333,-26.842748933333336,-7.509309900000119,-33.4844265,-63.22262930000001,-20.800858566666818,-35.7079884,-102.13503216666666,-27.955018066666753,0.0008666059,-0.002072655,0.00024024809,-16.492344,-16.893824,-27.011284,9.545495,-40.721935,-26.522064,-12.77897,-63.219566,-45.52426,9.612216,-89.78382,-36.81529,-15.394493,-112.26574,-48.95338,-39.025326,-29.60286,-11.825359,-35.96323,-64.80299,-27.346594,-39.670135,-105.74575,-29.706852
0.0,0.0,0.0,-11.396411600000011,-18.9678423,-21.24462680000005,4.52432633333332,-41.517299699999995,-22.816566833333354,-9.482072666666678,-61.18699286666667,-35.484681100000046,4.211268333333329,-82.68819543333333,-33.689927066666655,-10.341506700000007,-100.91651926666667,-44.58284093333339,-34.779306933333345,-26.833226300000007,-7.510164333333307,-33.470196866666676,-63.223899166666676,-20.775881866666737,-35.68904113333335,-102.12378663333332,-27.951892000000043,0.00079403934,-0.001990497,0.00032074415,-16.649452,-16.58077,-26.977552,8.679164,-40.803837,-26.908266,-13.87318,-63.002556,-45.564228,7.891668,-89.87846,-37.09877,-17.249643,-111.71527,-48.841522,-39.357468,-28.838053,-12.011157,-36.9849,-64.10746,-27.531433,-41.36259,-104.95314,-29.830757
0.0,0.0,0.0,-11.352896906250002,-18.98091646875,-21.212873562499965,4.496637218750003,-41.52360924999999,-22.798609843749944,-9.456121468749998,-61.17972040625,-35.42527881250004,4.180073906249994,-82.63303578125,-33.657944875,-10.2935713125,-100.822569375,-44.54411328125002,-34.73726321875,-26.808843375,-7.509094312499997,-33.43868678125,-63.2166370625,-20.743967124999983,-35.64042428125,-102.08676931250001,-27.959545218749952,0.00073160033,-0.0023041347,-5.8702408e-05,-11.860494,-18.030674,-21.503252,1.9621303,-41.626785,-22.843012,-12.651148,-60.24208,-35.708828,-0.9169577,-82.45531,-33.703003,-16.026218,-99.49988,-44.760365,-36.11539,-24.010033,-8.785041,-37.098675,-60.530125,-21.79498,-41.739754,-99.21734,-28.99997
0.0,0.0,0.0,-11.34174276666667,-18.986603666666667,-21.203468966666662,4.486940199999992,-41.524669066666675,-22.790022833333353,-9.45043,-61.178157,-35.40736899999996,4.168421466666658,-82.61869126666669,-33.64594429999994,-10.282309600000001,-100.79498196666668,-44.533359766666706,-34.72478553333333,-26.802669833333333,-7.5077748666666935,-33.430080233333335,-63.21523353333333,-20.730460633333337,-35.62739776666667,-102.07844336666663,-27.956496199999947,0.0011109833,-0.0023157874,0.00041980384,-13.852443,-17.648382,-24.538355,5.66309,-41.75892,-25.087523,-12.575526,-62.695175,-40.473854,3.8914945,-87.52994,-34.76368,-16.08746,-107.35974,-45.56565,-37.780254,-26.793722,-10.948119,-36.773357,-62.924892,-24.870827,-41.41784,-103.1314,-28.457779
